{
  "name": "Data Preparation",
  "color": "#087ABF",
  "items": [
    {
      "objectId": "prepared",
      "objectType": "DATASET"
    },
    {
      "objectId": "compute_prepared",
      "objectType": "RECIPE"
    },
    {
      "objectId": "prepared_python",
      "objectType": "DATASET"
    },
    {
      "objectId": "compute_prepared_python",
      "objectType": "RECIPE"
    }
  ],
  "shared": [],
  "shortDesc": "Prepared the dataset, including running python code to create features about the geolocations of each crime.",
  "tags": [],
  "customFields": {},
  "checklists": {
    "checklists": []
  }
}