{
    "metrics": {},
    "processed_feature_names": [
        "Latitude",
        "Longitude",
        "dummy:Crime Category:Crimes Against Property",
        "dummy:Crime Category:Crimes Against Person",
        "dummy:Crime Category:Crimes Against Morality",
        "dummy:Crime Category:Other",
        "dummy:Crime Category:N/A",
        "dummy:Crime Category:__Others__",
        "dummy:Location:Residential",
        "dummy:Location:Others",
        "dummy:Location:Building",
        "dummy:Location: Parking Area",
        "dummy:Location:Recreation",
        "dummy:Location:N/A",
        "dummy:Location:__Others__",
        "dummy:Crime type:Violence and sexual offences",
        "dummy:Crime type:Criminal damage and arson",
        "dummy:Crime type:Public order",
        "dummy:Crime type:Other theft",
        "dummy:Crime type:Shoplifting",
        "dummy:Crime type:Burglary",
        "dummy:Crime type:Vehicle crime",
        "dummy:Crime type:Drugs",
        "dummy:Crime type:Bicycle theft",
        "dummy:Crime type:Other crime",
        "dummy:Crime type:Possession of weapons",
        "dummy:Crime type:Robbery",
        "dummy:Crime type:Theft from the person",
        "dummy:Crime type:N/A",
        "dummy:Crime type:__Others__"
    ],
    "tiMetrics": {
        "auc": 0.6784433009768448,
        "logLoss": 0.19354601393001414,
        "lift": 1.6239986067572276,
        "calibrationLoss": 0.004354653389505936
    },
    "probaPercentiles": [
        0.0,
        0.0,
        0.0,
        0.0,
        0.0,
        0.0,
        0.0,
        0.0,
        0.0,
        0.0,
        0.0,
        0.0,
        0.0,
        0.0,
        0.0,
        0.0,
        0.0,
        0.0,
        0.0,
        0.01,
        0.01,
        0.01,
        0.01,
        0.01,
        0.01,
        0.01,
        0.01,
        0.01,
        0.01,
        0.01,
        0.01,
        0.01,
        0.01,
        0.01,
        0.01,
        0.01,
        0.01,
        0.02,
        0.02,
        0.02,
        0.02,
        0.02,
        0.02,
        0.02,
        0.02,
        0.02,
        0.02,
        0.02,
        0.02,
        0.02,
        0.02,
        0.02,
        0.02,
        0.02,
        0.02,
        0.02,
        0.02,
        0.02,
        0.02,
        0.03,
        0.03,
        0.03,
        0.03,
        0.03,
        0.03,
        0.03,
        0.03,
        0.03,
        0.03,
        0.03,
        0.03,
        0.03,
        0.03,
        0.04,
        0.04,
        0.04,
        0.04,
        0.04,
        0.04,
        0.04,
        0.04,
        0.04,
        0.04,
        0.04000000000000001,
        0.04000000000000001,
        0.05,
        0.05,
        0.05,
        0.05,
        0.05,
        0.06,
        0.06,
        0.06,
        0.07,
        0.07,
        0.08,
        0.09,
        0.09,
        0.1
    ],
    "perCutData": {
        "cut": [
            0,
            0.025,
            0.05,
            0.075,
            0.1,
            0.125,
            0.15,
            0.175,
            0.2,
            0.225,
            0.25,
            0.275,
            0.3,
            0.325,
            0.35,
            0.375,
            0.4,
            0.425,
            0.45,
            0.475,
            0.5,
            0.525,
            0.55,
            0.575,
            0.6,
            0.625,
            0.65,
            0.675,
            0.7,
            0.725,
            0.75,
            0.775,
            0.8,
            0.825,
            0.85,
            0.875,
            0.9,
            0.925,
            0.95,
            0.975
        ],
        "tp": [
            71,
            52,
            18,
            15,
            3,
            0,
            0,
            0,
            0,
            0,
            0,
            0,
            0,
            0,
            0,
            0,
            0,
            0,
            0,
            0,
            0,
            0,
            0,
            0,
            0,
            0,
            0,
            0,
            0,
            0,
            0,
            0,
            0,
            0,
            0,
            0,
            0,
            0,
            0,
            0
        ],
        "tn": [
            516,
            1516,
            2310,
            2420,
            2516,
            2530,
            2534,
            2534,
            2534,
            2534,
            2534,
            2534,
            2534,
            2534,
            2534,
            2534,
            2534,
            2534,
            2534,
            2534,
            2534,
            2534,
            2534,
            2534,
            2534,
            2534,
            2534,
            2534,
            2534,
            2534,
            2534,
            2534,
            2534,
            2534,
            2534,
            2534,
            2534,
            2534,
            2534,
            2534
        ],
        "fp": [
            2018,
            1018,
            224,
            114,
            18,
            4,
            0,
            0,
            0,
            0,
            0,
            0,
            0,
            0,
            0,
            0,
            0,
            0,
            0,
            0,
            0,
            0,
            0,
            0,
            0,
            0,
            0,
            0,
            0,
            0,
            0,
            0,
            0,
            0,
            0,
            0,
            0,
            0,
            0,
            0
        ],
        "fn": [
            6,
            25,
            59,
            62,
            74,
            77,
            77,
            77,
            77,
            77,
            77,
            77,
            77,
            77,
            77,
            77,
            77,
            77,
            77,
            77,
            77,
            77,
            77,
            77,
            77,
            77,
            77,
            77,
            77,
            77,
            77,
            77,
            77,
            77,
            77,
            77,
            77,
            77,
            77,
            77
        ],
        "precision": [
            0.03398755385351843,
            0.048598130841121495,
            0.0743801652892562,
            0.11627906976744186,
            0.14285714285714285,
            0.0,
            1.0,
            1.0,
            1.0,
            1.0,
            1.0,
            1.0,
            1.0,
            1.0,
            1.0,
            1.0,
            1.0,
            1.0,
            1.0,
            1.0,
            1.0,
            1.0,
            1.0,
            1.0,
            1.0,
            1.0,
            1.0,
            1.0,
            1.0,
            1.0,
            1.0,
            1.0,
            1.0,
            1.0,
            1.0,
            1.0,
            1.0,
            1.0,
            1.0,
            1.0
        ],
        "recall": [
            0.922077922077922,
            0.6753246753246753,
            0.23376623376623376,
            0.19480519480519481,
            0.03896103896103896,
            0.0,
            0.0,
            0.0,
            0.0,
            0.0,
            0.0,
            0.0,
            0.0,
            0.0,
            0.0,
            0.0,
            0.0,
            0.0,
            0.0,
            0.0,
            0.0,
            0.0,
            0.0,
            0.0,
            0.0,
            0.0,
            0.0,
            0.0,
            0.0,
            0.0,
            0.0,
            0.0,
            0.0,
            0.0,
            0.0,
            0.0,
            0.0,
            0.0,
            0.0,
            0.0
        ],
        "accuracy": [
            0.22481807736499426,
            0.6005361930294906,
            0.8916124090386826,
            0.9325928762926082,
            0.9647644580620451,
            0.9689774032937571,
            0.9705093833780161,
            0.9705093833780161,
            0.9705093833780161,
            0.9705093833780161,
            0.9705093833780161,
            0.9705093833780161,
            0.9705093833780161,
            0.9705093833780161,
            0.9705093833780161,
            0.9705093833780161,
            0.9705093833780161,
            0.9705093833780161,
            0.9705093833780161,
            0.9705093833780161,
            0.9705093833780161,
            0.9705093833780161,
            0.9705093833780161,
            0.9705093833780161,
            0.9705093833780161,
            0.9705093833780161,
            0.9705093833780161,
            0.9705093833780161,
            0.9705093833780161,
            0.9705093833780161,
            0.9705093833780161,
            0.9705093833780161,
            0.9705093833780161,
            0.9705093833780161,
            0.9705093833780161,
            0.9705093833780161,
            0.9705093833780161,
            0.9705093833780161,
            0.9705093833780161,
            0.9705093833780161
        ],
        "f1": [
            0.06555863342566944,
            0.09067131647776809,
            0.11285266457680251,
            0.14563106796116507,
            0.061224489795918366,
            0.0,
            0.0,
            0.0,
            0.0,
            0.0,
            0.0,
            0.0,
            0.0,
            0.0,
            0.0,
            0.0,
            0.0,
            0.0,
            0.0,
            0.0,
            0.0,
            0.0,
            0.0,
            0.0,
            0.0,
            0.0,
            0.0,
            0.0,
            0.0,
            0.0,
            0.0,
            0.0,
            0.0,
            0.0,
            0.0,
            0.0,
            0.0,
            0.0,
            0.0,
            0.0
        ],
        "mcc": [
            0.053175183609361666,
            0.09411372540197681,
            0.08480639365926139,
            0.11695374107271883,
            0.06033965302927243,
            -0.0068281261698334835,
            0.0,
            0.0,
            0.0,
            0.0,
            0.0,
            0.0,
            0.0,
            0.0,
            0.0,
            0.0,
            0.0,
            0.0,
            0.0,
            0.0,
            0.0,
            0.0,
            0.0,
            0.0,
            0.0,
            0.0,
            0.0,
            0.0,
            0.0,
            0.0,
            0.0,
            0.0,
            0.0,
            0.0,
            0.0,
            0.0,
            0.0,
            0.0,
            0.0,
            0.0
        ],
        "hammingLoss": [
            0.7751819226350057,
            0.39946380697050937,
            0.1083875909613175,
            0.0674071237073918,
            0.035235541937954806,
            0.031022596706242817,
            0.029490616621983913,
            0.029490616621983913,
            0.029490616621983913,
            0.029490616621983913,
            0.029490616621983913,
            0.029490616621983913,
            0.029490616621983913,
            0.029490616621983913,
            0.029490616621983913,
            0.029490616621983913,
            0.029490616621983913,
            0.029490616621983913,
            0.029490616621983913,
            0.029490616621983913,
            0.029490616621983913,
            0.029490616621983913,
            0.029490616621983913,
            0.029490616621983913,
            0.029490616621983913,
            0.029490616621983913,
            0.029490616621983913,
            0.029490616621983913,
            0.029490616621983913,
            0.029490616621983913,
            0.029490616621983913,
            0.029490616621983913,
            0.029490616621983913,
            0.029490616621983913,
            0.029490616621983913,
            0.029490616621983913,
            0.029490616621983913,
            0.029490616621983913,
            0.029490616621983913,
            0.029490616621983913
        ],
        "assertionsMetrics": []
    },
    "optimalThreshold": 0.075,
    "usedThreshold": 0.075,
    "rocVizData": [
        [
            {
                "x": 0.0,
                "y": 0.0,
                "p": 1.15
            },
            {
                "x": 0.014206787687450671,
                "y": 0.06493506493506493,
                "p": 0.1
            },
            {
                "x": 0.02722967640094712,
                "y": 0.14285714285714285,
                "p": 0.09
            },
            {
                "x": 0.04498816101026046,
                "y": 0.19480519480519481,
                "p": 0.08
            },
            {
                "x": 0.08839779005524862,
                "y": 0.23376623376623376,
                "p": 0.06
            },
            {
                "x": 0.143646408839779,
                "y": 0.3246753246753247,
                "p": 0.05
            },
            {
                "x": 0.255327545382794,
                "y": 0.4935064935064935,
                "p": 0.04
            },
            {
                "x": 0.40173638516179955,
                "y": 0.6753246753246753,
                "p": 0.03
            },
            {
                "x": 0.6195737963693765,
                "y": 0.8441558441558441,
                "p": 0.02
            },
            {
                "x": 0.7963693764798737,
                "y": 0.922077922077922,
                "p": 0.01
            },
            {
                "x": 1.0,
                "y": 1.0,
                "p": 0.0
            }
        ]
    ],
    "liftVizData": {
        "bins": [
            {
                "bin_pos_prop": 0.0642673522,
                "bin_lift": 2.1792474877,
                "cum_lift": 0.3246753247,
                "cum_size": 0.1489850632,
                "bin_min": 0.04,
                "bin_max": 0.15,
                "percentile_idx": 0
            },
            {
                "bin_pos_prop": 0.0439189189,
                "bin_lift": 1.4892506143,
                "cum_lift": 0.4935064935,
                "cum_size": 0.2623515894,
                "bin_min": 0.03,
                "bin_max": 0.04,
                "percentile_idx": 1
            },
            {
                "bin_pos_prop": 0.0363636364,
                "bin_lift": 1.2330578512,
                "cum_lift": 0.6753246753,
                "cum_size": 0.4098046725,
                "bin_min": 0.02,
                "bin_max": 0.03,
                "percentile_idx": 2
            },
            {
                "bin_pos_prop": 0.0230088496,
                "bin_lift": 0.7802091714,
                "cum_lift": 0.8441558442,
                "cum_size": 0.6261968594,
                "bin_min": 0.01,
                "bin_max": 0.02,
                "percentile_idx": 3
            },
            {
                "bin_pos_prop": 0.012295082,
                "bin_lift": 0.4169150522,
                "cum_lift": 1.0,
                "cum_size": 1.0,
                "bin_min": 0.0,
                "bin_max": 0.01,
                "percentile_idx": 4
            }
        ],
        "wizard": {
            "positives": 77,
            "total": 2611
        }
    },
    "densityData": {
        "0": {
            "correct": [
                0.0,
                0.0,
                0.0,
                0.0,
                0.0,
                0.0,
                0.0,
                0.0,
                0.0,
                0.0,
                0.0,
                0.0,
                0.0,
                0.0,
                0.0,
                0.0,
                0.0,
                0.0,
                0.0,
                0.0,
                0.0,
                0.0,
                0.0,
                0.0,
                0.0,
                0.0,
                0.0,
                0.0,
                0.0,
                0.0,
                0.0,
                0.0,
                0.0,
                0.0,
                0.0,
                0.0,
                0.0,
                0.0,
                0.0,
                0.0,
                0.0,
                0.0,
                0.0,
                0.0,
                0.0,
                0.0,
                0.0,
                0.0,
                0.0,
                0.0,
                0.0,
                0.0,
                0.0,
                0.0,
                0.0,
                0.0,
                0.0,
                0.0,
                0.0,
                0.0,
                0.0,
                0.0,
                0.0,
                0.0,
                0.0,
                0.0,
                4.0965489905168435e-294,
                7.763830681865381e-263,
                2.486730347407561e-233,
                1.3460961116198383e-205,
                1.2314539651831679e-179,
                1.903947766328579e-155,
                4.974925873524345e-133,
                2.196913386038299e-112,
                1.639585211235069e-93,
                2.0679964368690902e-76,
                4.408190114131599e-61,
                1.5880551583111112e-47,
                9.668644355515175e-36,
                9.94856232885845e-26,
                1.7300147542642203e-17,
                5.0843374007525507e-11,
                2.525415510154287e-06,
                0.0021252724160486475,
                0.034516799228225564,
                0.07004588459933588,
                0.05171778222743648,
                0.12660313285446384,
                0.4055011726715276,
                0.7163756614322755,
                1.2620803606320379,
                1.6975717520443492,
                1.5829458861070724,
                3.0002285265790825,
                5.758435358577949,
                10.926466965128064,
                15.104558352697035,
                20.846260075677044,
                18.667657182500808,
                18.16126311581298
            ],
            "incorrect": [
                0.0,
                0.0,
                0.0,
                0.0,
                0.0,
                0.0,
                0.0,
                0.0,
                0.0,
                0.0,
                0.0,
                0.0,
                0.0,
                0.0,
                0.0,
                0.0,
                0.0,
                0.0,
                0.0,
                0.0,
                0.0,
                0.0,
                0.0,
                0.0,
                0.0,
                0.0,
                0.0,
                0.0,
                0.0,
                0.0,
                0.0,
                0.0,
                0.0,
                0.0,
                0.0,
                0.0,
                0.0,
                6.451054036e-315,
                1.6065046444086195e-302,
                2.250658509779261e-290,
                1.7738363007034213e-278,
                7.864910511727743e-267,
                1.9617801985433316e-255,
                2.7528542711679108e-244,
                2.173163541796285e-233,
                9.651124391385999e-223,
                2.4112360595612884e-212,
                3.3890490956329216e-202,
                2.679737814332503e-192,
                1.1920186849348938e-182,
                2.9829785834341443e-173,
                4.199460702646903e-164,
                3.3259309001452384e-155,
                1.4818670342272376e-146,
                3.714339237984129e-138,
                5.237574468651967e-130,
                4.15484830280525e-122,
                1.8541994641924554e-114,
                4.6551539942551495e-107,
                6.574882269325379e-100,
                5.224181384581742e-93,
                2.335204240530952e-86,
                5.8722952547756984e-80,
                8.307442498817442e-74,
                6.611551034772116e-68,
                2.9601662101560886e-62,
                7.455999862935892e-57,
                1.0565092517763598e-51,
                8.42207951797206e-47,
                3.7769893482239014e-42,
                9.529183702080291e-38,
                1.3525542146840304e-33,
                1.0800714220440008e-29,
                4.8525088591093305e-26,
                1.226667220886344e-22,
                1.7449685619251205e-19,
                1.3971530396457794e-16,
                6.298884958430283e-14,
                1.6000825078687024e-11,
                2.292978364702776e-09,
                1.8575777893283858e-07,
                8.538241525780756e-06,
                0.00022407590538481306,
                0.0033936353422335157,
                0.030194335648836203,
                0.16255555006906217,
                0.5564057485582323,
                1.3153951481834842,
                2.4091828562337128,
                3.7000436497138547,
                4.653065513396986,
                4.655979853202087,
                4.397702814474162,
                5.698970695229309,
                9.214676841282795,
                13.148166462081086,
                14.935079283344887,
                13.594486151211008,
                10.143193206458367,
                6.221359642678902
            ],
            "correctMedian": 0.98,
            "incorrectMedian": 0.97
        },
        "1": {
            "correct": [
                6.221359642678902,
                10.143193206458404,
                13.594486151211056,
                14.935079283344873,
                13.14816646208104,
                9.21467684128273,
                5.698970695229283,
                4.39770281447415,
                4.655979853202087,
                4.6530655133969905,
                3.7000436497138414,
                2.4091828562337105,
                1.3153951481834771,
                0.5564057485582306,
                0.16255555006906,
                0.03019433564883615,
                0.0033936353422334615,
                0.0002240759053848059,
                8.538241525780682e-06,
                1.8575777893283262e-07,
                2.29297836470276e-09,
                1.6000825078686684e-11,
                6.298884958430372e-14,
                1.3971530396457398e-16,
                1.7449685619250709e-19,
                1.226667220886344e-22,
                4.8525088591091233e-26,
                1.0800714220440161e-29,
                1.3525542146839919e-33,
                9.529183702080022e-38,
                3.776989348224009e-42,
                8.422079517971941e-47,
                1.05650925177639e-51,
                7.45599986293568e-57,
                2.9601662101562566e-62,
                6.611551034772116e-68,
                8.307442498817442e-74,
                5.872295254776199e-80,
                2.3352042405310184e-86,
                5.224181384582336e-93,
                6.574882269325752e-100,
                4.655153994255679e-107,
                1.8541994641927713e-114,
                4.15484830280525e-122,
                5.237574468653158e-130,
                3.71433923798434e-138,
                1.4818670342275745e-146,
                3.3259309001458056e-155,
                4.199460702647381e-164,
                2.982978583434992e-173,
                1.1920186849351647e-182,
                2.67973781433296e-192,
                3.3890490956334995e-202,
                2.411236059561974e-212,
                9.651124391387095e-223,
                2.173163541797026e-233,
                2.7528542711685364e-244,
                1.9617801985440007e-255,
                7.86491051173132e-267,
                1.773836300704228e-278,
                2.2506585097802843e-290,
                1.6065046444091674e-302,
                6.451054036e-315,
                0.0,
                0.0,
                0.0,
                0.0,
                0.0,
                0.0,
                0.0,
                0.0,
                0.0,
                0.0,
                0.0,
                0.0,
                0.0,
                0.0,
                0.0,
                0.0,
                0.0,
                0.0,
                0.0,
                0.0,
                0.0,
                0.0,
                0.0,
                0.0,
                0.0,
                0.0,
                0.0,
                0.0,
                0.0,
                0.0,
                0.0,
                0.0,
                0.0,
                0.0,
                0.0,
                0.0,
                0.0
            ],
            "incorrect": [
                18.161263115812883,
                18.66765718250104,
                20.84626007567701,
                15.104558352696122,
                10.926466965127812,
                5.758435358577846,
                3.000228526579125,
                1.5829458861070584,
                1.6975717520443463,
                1.2620803606320288,
                0.7163756614322755,
                0.4055011726715265,
                0.12660313285446273,
                0.051717782227436525,
                0.07004588459933568,
                0.03451679922822538,
                0.002125272416048536,
                2.525415510153924e-06,
                5.0843374007520085e-11,
                1.7300147542638145e-17,
                9.948562328856682e-26,
                9.668644355512426e-36,
                1.5880551583108404e-47,
                4.40819011412997e-61,
                2.0679964368680323e-76,
                1.6395852112345098e-93,
                2.196913386036926e-112,
                4.974925873522366e-133,
                1.9039477663272805e-155,
                1.2314539651821879e-179,
                1.3460961116192261e-205,
                2.486730347405299e-233,
                7.763830681860968e-263,
                4.096548990512652e-294,
                0.0,
                0.0,
                0.0,
                0.0,
                0.0,
                0.0,
                0.0,
                0.0,
                0.0,
                0.0,
                0.0,
                0.0,
                0.0,
                0.0,
                0.0,
                0.0,
                0.0,
                0.0,
                0.0,
                0.0,
                0.0,
                0.0,
                0.0,
                0.0,
                0.0,
                0.0,
                0.0,
                0.0,
                0.0,
                0.0,
                0.0,
                0.0,
                0.0,
                0.0,
                0.0,
                0.0,
                0.0,
                0.0,
                0.0,
                0.0,
                0.0,
                0.0,
                0.0,
                0.0,
                0.0,
                0.0,
                0.0,
                0.0,
                0.0,
                0.0,
                0.0,
                0.0,
                0.0,
                0.0,
                0.0,
                0.0,
                0.0,
                0.0,
                0.0,
                0.0,
                0.0,
                0.0,
                0.0,
                0.0,
                0.0,
                0.0
            ],
            "correctMedian": 0.03,
            "incorrectMedian": 0.02
        }
    },
    "calibrationData": [
        {
            "y": 0,
            "x": 0,
            "n": 0
        },
        {
            "y": 0.02801556420233463,
            "x": 0.023797665369649806,
            "n": 2570.0
        },
        {
            "y": 0.12195121951219512,
            "x": 0.10902439024390245,
            "n": 41.0
        },
        {
            "y": 1,
            "x": 1,
            "n": 0
        }
    ],
    "probaDistribData": {
        "bins": [
            0.0,
            0.1,
            0.2,
            0.3,
            0.4,
            0.5,
            0.6,
            0.7,
            0.8,
            0.9,
            1.0
        ],
        "probaDistribs": [
            [
                2498.0,
                36.0,
                0.0,
                0.0,
                0.0,
                0.0,
                0.0,
                0.0,
                0.0,
                0.0
            ],
            [
                72.0,
                5.0,
                0.0,
                0.0,
                0.0,
                0.0,
                0.0,
                0.0,
                0.0,
                0.0
            ]
        ]
    },
    "globalMetrics": {
        "testWeight": 2611,
        "targetAvg": [
            0.029490616621983913
        ],
        "targetStd": [
            0.16920959199474994
        ],
        "predictionAvg": [
            0.04940635771734968
        ],
        "predictionStd": [
            0.21675646225410214
        ]
    }
}