{
  "state": "DONE",
  "preSearchDescription": {
    "gridLength": 1,
    "searchStrategy": "GRID",
    "importantParams": [
      {
        "name": "k",
        "vals": [
          "100"
        ]
      },
      {
        "name": "p",
        "val": "2"
      }
    ]
  },
  "postSearchDescription": {
    "importantParams": [
      {
        "name": "k",
        "val": "100"
      },
      {
        "name": "p",
        "val": "2"
      }
    ]
  },
  "resumed": false,
  "timeOrderingEnabled": false,
  "sampleWeightsEnabled": false,
  "modelId": "m1",
  "progress": {
    "top_level_todo": [],
    "stack": [],
    "top_level_done": [
      {
        "name": "Loading train set",
        "time": 30
      },
      {
        "name": "Loading test set",
        "time": 11
      },
      {
        "name": "Collecting statistics",
        "time": 13
      },
      {
        "name": "Preprocessing train set",
        "time": 51
      },
      {
        "name": "Preprocessing test set",
        "time": 17
      },
      {
        "name": "Fitting model",
        "time": 25
      },
      {
        "name": "Saving model",
        "time": 12
      },
      {
        "name": "Scoring model",
        "time": 1499
      }
    ]
  },
  "startTime": 1640290805861,
  "endTime": 1640290807692,
  "preprocessingTime": 123,
  "trainingTime": 1708,
  "hyperparamsSearchTime": 0
}