{
  "description": "With KNN",
  "name": "K Nearest Neighbors (k\u003d100) (test 5)",
  "starred": false,
  "clusterMetas": {},
  "customMeta": {
    "kv": {}
  },
  "tags": [],
  "activeClassifierThreshold": 0.075,
  "labels": [
    {
      "key": "trainDataset:dataset-name",
      "value": "prepared"
    },
    {
      "key": "testDataset:dataset-name",
      "value": "prepared"
    },
    {
      "key": "model:algorithm",
      "value": "KNN"
    },
    {
      "key": "model:date",
      "value": "2021-12-23 20:20:07"
    }
  ]
}