{
    "metrics": {},
    "processed_feature_names": [
        "Latitude",
        "Longitude",
        "dummy:Crime Category:Crimes Against Property",
        "dummy:Crime Category:Crimes Against Person",
        "dummy:Crime Category:Crimes Against Morality",
        "dummy:Crime Category:Other",
        "dummy:Crime Category:N/A",
        "dummy:Crime Category:__Others__",
        "dummy:Crime type:Violence and sexual offences",
        "dummy:Crime type:Criminal damage and arson",
        "dummy:Crime type:Public order",
        "dummy:Crime type:Shoplifting",
        "dummy:Crime type:Other theft",
        "dummy:Crime type:Burglary",
        "dummy:Crime type:Vehicle crime",
        "dummy:Crime type:Drugs",
        "dummy:Crime type:Bicycle theft",
        "dummy:Crime type:Other crime",
        "dummy:Crime type:Possession of weapons",
        "dummy:Crime type:Robbery",
        "dummy:Crime type:Theft from the person",
        "dummy:Crime type:N/A",
        "dummy:Crime type:__Others__"
    ],
    "tiMetrics": {
        "auc": 0.6512966034626685,
        "logLoss": 0.5315600720782534,
        "lift": 1.3524050366155629,
        "calibrationLoss": 0.3646130631400377
    },
    "probaPercentiles": [
        0.12209037362564204,
        0.12834220325375495,
        0.13103360502189115,
        0.13481210048758982,
        0.1378065897393704,
        0.14126932541414805,
        0.14718033314303672,
        0.15268157638563856,
        0.15519251981802568,
        0.15710197513864801,
        0.15774021102858013,
        0.1582921860991634,
        0.1611933016439387,
        0.16315362172046538,
        0.16662457991542326,
        0.1702088685440411,
        0.17218663149605082,
        0.17574540949058107,
        0.18039330748074447,
        0.18258509680045826,
        0.19265284038540392,
        0.23282859140116974,
        0.2572675302353892,
        0.2914686330190459,
        0.3124397011133493,
        0.32459238235849114,
        0.3339502745322885,
        0.3437128142147016,
        0.3476461991145501,
        0.35355575170488346,
        0.36083772961978566,
        0.3694424888152587,
        0.37582364443001526,
        0.3818001154721208,
        0.3859338511191106,
        0.39445843339571474,
        0.3976397075272606,
        0.4004605095475094,
        0.4049220434763632,
        0.4074151093196563,
        0.4125371182844441,
        0.4148012902384525,
        0.4171592504474648,
        0.41998660461563114,
        0.4224618776371809,
        0.4265005424539098,
        0.43189487338359206,
        0.43820335065148674,
        0.4399322421553834,
        0.4434823491343892,
        0.4473923322603698,
        0.4516588886479463,
        0.4524480384052215,
        0.4542078125346517,
        0.45492684648824144,
        0.45520383085098687,
        0.45734234802947454,
        0.45886329085174515,
        0.46184225724274824,
        0.46472254826249393,
        0.4669880407464405,
        0.46891470760892606,
        0.46968331345428865,
        0.4710509028661414,
        0.4725615684544753,
        0.4747829572603455,
        0.47615391305496946,
        0.4788955876574058,
        0.4804797175840584,
        0.48135377082693,
        0.4824342324689425,
        0.4849332808502125,
        0.48633075995299346,
        0.48784585485945064,
        0.48877509414760234,
        0.48995039308075944,
        0.4912938986373123,
        0.49246193366794755,
        0.4926642667266398,
        0.49273718282832374,
        0.49478463620515684,
        0.4953038249321319,
        0.4970368556543762,
        0.49853464759472954,
        0.4994916633935999,
        0.5008895815905849,
        0.5044088505493722,
        0.5107400923775987,
        0.5167445442495534,
        0.5256397805322569,
        0.5332481256286027,
        0.5397580639877521,
        0.5477329223997522,
        0.5616592881975123,
        0.5736074488739558,
        0.6113538958298431,
        0.635390373964278,
        0.6855336408979218,
        0.7373938754658841
    ],
    "perCutData": {
        "cut": [
            0,
            0.025,
            0.05,
            0.075,
            0.1,
            0.125,
            0.15,
            0.175,
            0.2,
            0.225,
            0.25,
            0.275,
            0.3,
            0.325,
            0.35,
            0.375,
            0.4,
            0.425,
            0.45,
            0.475,
            0.5,
            0.525,
            0.55,
            0.575,
            0.6,
            0.625,
            0.65,
            0.675,
            0.7,
            0.725,
            0.75,
            0.775,
            0.8,
            0.825,
            0.85,
            0.875,
            0.9,
            0.925,
            0.95,
            0.975
        ],
        "tp": [
            74,
            74,
            74,
            74,
            74,
            74,
            73,
            73,
            71,
            71,
            71,
            70,
            70,
            70,
            68,
            64,
            62,
            53,
            47,
            35,
            25,
            20,
            16,
            13,
            12,
            9,
            9,
            9,
            8,
            7,
            5,
            1,
            0,
            0,
            0,
            0,
            0,
            0,
            0,
            0
        ],
        "tn": [
            0,
            0,
            0,
            0,
            0,
            39,
            194,
            456,
            546,
            557,
            583,
            600,
            627,
            669,
            744,
            835,
            954,
            1146,
            1294,
            1666,
            2151,
            2249,
            2332,
            2380,
            2394,
            2414,
            2433,
            2449,
            2458,
            2471,
            2478,
            2486,
            2489,
            2493,
            2493,
            2493,
            2493,
            2493,
            2493,
            2493
        ],
        "fp": [
            2493,
            2493,
            2493,
            2493,
            2493,
            2454,
            2299,
            2037,
            1947,
            1936,
            1910,
            1893,
            1866,
            1824,
            1749,
            1658,
            1539,
            1347,
            1199,
            827,
            342,
            244,
            161,
            113,
            99,
            79,
            60,
            44,
            35,
            22,
            15,
            7,
            4,
            0,
            0,
            0,
            0,
            0,
            0,
            0
        ],
        "fn": [
            0,
            0,
            0,
            0,
            0,
            0,
            1,
            1,
            3,
            3,
            3,
            4,
            4,
            4,
            6,
            10,
            12,
            21,
            27,
            39,
            49,
            54,
            58,
            61,
            62,
            65,
            65,
            65,
            66,
            67,
            69,
            73,
            74,
            74,
            74,
            74,
            74,
            74,
            74,
            74
        ],
        "precision": [
            0.028827425009738995,
            0.028827425009738995,
            0.028827425009738995,
            0.028827425009738995,
            0.028827425009738995,
            0.029272151898734177,
            0.030775716694772345,
            0.03459715639810427,
            0.03518334985133796,
            0.03537618335824614,
            0.035840484603735484,
            0.03565970453387672,
            0.03615702479338843,
            0.03695881731784583,
            0.03742432581177765,
            0.03716608594657375,
            0.03872579637726421,
            0.03785714285714286,
            0.0377207062600321,
            0.04060324825986079,
            0.0681198910081744,
            0.07575757575757576,
            0.0903954802259887,
            0.10317460317460317,
            0.10810810810810811,
            0.10227272727272728,
            0.13043478260869565,
            0.16981132075471697,
            0.18604651162790697,
            0.2413793103448276,
            0.25,
            0.125,
            0.0,
            1.0,
            1.0,
            1.0,
            1.0,
            1.0,
            1.0,
            1.0
        ],
        "recall": [
            1.0,
            1.0,
            1.0,
            1.0,
            1.0,
            1.0,
            0.9864864864864865,
            0.9864864864864865,
            0.9594594594594594,
            0.9594594594594594,
            0.9594594594594594,
            0.9459459459459459,
            0.9459459459459459,
            0.9459459459459459,
            0.918918918918919,
            0.8648648648648649,
            0.8378378378378378,
            0.7162162162162162,
            0.6351351351351351,
            0.47297297297297297,
            0.33783783783783783,
            0.2702702702702703,
            0.21621621621621623,
            0.17567567567567569,
            0.16216216216216217,
            0.12162162162162163,
            0.12162162162162163,
            0.12162162162162163,
            0.10810810810810811,
            0.0945945945945946,
            0.06756756756756757,
            0.013513513513513514,
            0.0,
            0.0,
            0.0,
            0.0,
            0.0,
            0.0,
            0.0,
            0.0
        ],
        "accuracy": [
            0.028827425009738995,
            0.028827425009738995,
            0.028827425009738995,
            0.028827425009738995,
            0.028827425009738995,
            0.044020257109466304,
            0.10401246591351772,
            0.20607713283989093,
            0.2403583950136346,
            0.24464355278535255,
            0.2547721075185041,
            0.2610050642773666,
            0.271523178807947,
            0.28788469029996105,
            0.3163225555122711,
            0.3502142578885859,
            0.3957927541877678,
            0.4670821971172575,
            0.5223996883521621,
            0.662641215426568,
            0.847682119205298,
            0.8839111803661862,
            0.9146864043630697,
            0.9322165952473704,
            0.9372808726139462,
            0.9439033891702376,
            0.9513050253213868,
            0.9575379820802493,
            0.9606544604596806,
            0.9653291780288275,
            0.9672769770159719,
            0.9688352162056876,
            0.9696143358005453,
            0.971172574990261,
            0.971172574990261,
            0.971172574990261,
            0.971172574990261,
            0.971172574990261,
            0.971172574990261,
            0.971172574990261
        ],
        "f1": [
            0.056039379023097316,
            0.056039379023097316,
            0.056039379023097316,
            0.056039379023097316,
            0.056039379023097316,
            0.0568793235972329,
            0.05968928863450532,
            0.06684981684981685,
            0.06787762906309752,
            0.06823642479577127,
            0.06909975669099756,
            0.06872852233676977,
            0.06965174129353234,
            0.07113821138211382,
            0.07191961924907456,
            0.07126948775055679,
            0.07402985074626865,
            0.07191316146540028,
            0.07121212121212121,
            0.07478632478632478,
            0.11337868480725624,
            0.11834319526627221,
            0.12749003984063745,
            0.13,
            0.12972972972972974,
            0.11111111111111113,
            0.12587412587412586,
            0.14173228346456693,
            0.13675213675213677,
            0.13592233009708737,
            0.10638297872340427,
            0.024390243902439025,
            0.0,
            0.0,
            0.0,
            0.0,
            0.0,
            0.0,
            0.0,
            0.0
        ],
        "mcc": [
            0.0,
            0.0,
            0.0,
            0.0,
            0.0,
            0.02139924688789038,
            0.040610925156714314,
            0.07409477645176048,
            0.07282861171236031,
            0.07409476200447972,
            0.0770636950412563,
            0.07361328118082759,
            0.07673034095805668,
            0.08152601967129669,
            0.07997193734072686,
            0.07114320131151261,
            0.07615873397946493,
            0.059108731521016686,
            0.05162006047687585,
            0.050041646339318735,
            0.09591352386954592,
            0.09496330332221967,
            0.10013640316658311,
            0.10095195691610989,
            0.10073109643550245,
            0.08270199094172087,
            0.10092583592073696,
            0.12234146443989906,
            0.12264326137587159,
            0.135789760126654,
            0.11713337828985569,
            0.03213734273365414,
            -0.006806289432131898,
            0.0,
            0.0,
            0.0,
            0.0,
            0.0,
            0.0,
            0.0
        ],
        "hammingLoss": [
            0.971172574990261,
            0.971172574990261,
            0.971172574990261,
            0.971172574990261,
            0.971172574990261,
            0.9559797428905337,
            0.8959875340864822,
            0.7939228671601091,
            0.7596416049863655,
            0.7553564472146475,
            0.7452278924814959,
            0.7389949357226334,
            0.7284768211920529,
            0.712115309700039,
            0.6836774444877288,
            0.6497857421114142,
            0.6042072458122322,
            0.5329178028827425,
            0.47760031164783795,
            0.33735878457343205,
            0.152317880794702,
            0.11608881963381379,
            0.08531359563693026,
            0.06778340475262953,
            0.06271912738605376,
            0.05609661082976237,
            0.04869497467861317,
            0.04246201791975068,
            0.03934553954031944,
            0.03467082197117258,
            0.03272302298402805,
            0.031164783794312426,
            0.030385664199454616,
            0.028827425009738995,
            0.028827425009738995,
            0.028827425009738995,
            0.028827425009738995,
            0.028827425009738995,
            0.028827425009738995,
            0.028827425009738995
        ],
        "assertionsMetrics": []
    },
    "optimalThreshold": 0.675,
    "usedThreshold": 0.675,
    "rocVizData": [
        [
            {
                "x": 0.0,
                "y": 0.0,
                "p": 1.8170945680652824
            },
            {
                "x": 0.004412354592860008,
                "y": 0.05405405405405406,
                "p": 0.7658070630001862
            },
            {
                "x": 0.010429201764941836,
                "y": 0.10810810810810811,
                "p": 0.716839302167467
            },
            {
                "x": 0.03489771359807461,
                "y": 0.13513513513513514,
                "p": 0.6162779431869361
            },
            {
                "x": 0.04773365423184918,
                "y": 0.17567567567567569,
                "p": 0.5736074488739558
            },
            {
                "x": 0.062174087444845566,
                "y": 0.21621621621621623,
                "p": 0.5519731599078248
            },
            {
                "x": 0.0870437224227838,
                "y": 0.24324324324324326,
                "p": 0.532818784000765
            },
            {
                "x": 0.10148415563578018,
                "y": 0.28378378378378377,
                "p": 0.5202514459683829
            },
            {
                "x": 0.12154031287605295,
                "y": 0.32432432432432434,
                "p": 0.5054341218048629
            },
            {
                "x": 0.14480545527476935,
                "y": 0.36486486486486486,
                "p": 0.4994820203133887
            },
            {
                "x": 0.18692338547934215,
                "y": 0.3783783783783784,
                "p": 0.49478463620515684
            },
            {
                "x": 0.22583233052547133,
                "y": 0.3918918918918919,
                "p": 0.4912938986373123
            },
            {
                "x": 0.26594464500601683,
                "y": 0.40540540540540543,
                "p": 0.48633114134205657
            },
            {
                "x": 0.3012434817488969,
                "y": 0.44594594594594594,
                "p": 0.48135377082693
            },
            {
                "x": 0.32611311672683513,
                "y": 0.47297297297297297,
                "p": 0.4761369038618004
            },
            {
                "x": 0.3642198154833534,
                "y": 0.4864864864864865,
                "p": 0.4698401958084167
            },
            {
                "x": 0.37986361813076613,
                "y": 0.527027027027027,
                "p": 0.4683041032744747
            },
            {
                "x": 0.4127557160048135,
                "y": 0.5540540540540541,
                "p": 0.46065968614279307
            },
            {
                "x": 0.42920176494183715,
                "y": 0.5945945945945946,
                "p": 0.45734234802947454
            },
            {
                "x": 0.46329723225030084,
                "y": 0.6216216216216216,
                "p": 0.4538377760776453
            },
            {
                "x": 0.5010028078620137,
                "y": 0.6351351351351351,
                "p": 0.4407251296577486
            },
            {
                "x": 0.5334937825912555,
                "y": 0.6756756756756757,
                "p": 0.42793008625014295
            },
            {
                "x": 0.5439229843561973,
                "y": 0.7162162162162162,
                "p": 0.42329882539052205
            },
            {
                "x": 0.569995988768552,
                "y": 0.7567567567567568,
                "p": 0.41633802565412403
            },
            {
                "x": 0.583233052547132,
                "y": 0.7972972972972973,
                "p": 0.4132577319099612
            },
            {
                "x": 0.6081026875250702,
                "y": 0.8243243243243243,
                "p": 0.40388540721023064
            },
            {
                "x": 0.6381869233854793,
                "y": 0.8513513513513513,
                "p": 0.39073011932352275
            },
            {
                "x": 0.6750902527075813,
                "y": 0.8648648648648649,
                "p": 0.3688540648615736
            },
            {
                "x": 0.6931407942238267,
                "y": 0.9054054054054054,
                "p": 0.35444986543712376
            },
            {
                "x": 0.7164059366225431,
                "y": 0.9459459459459459,
                "p": 0.33900052345099957
            },
            {
                "x": 0.7613317288407541,
                "y": 0.9594594594594594,
                "p": 0.26394723639862705
            },
            {
                "x": 0.8002406738868832,
                "y": 0.972972972972973,
                "p": 0.18144418825130507
            },
            {
                "x": 0.8375451263537906,
                "y": 0.9864864864864865,
                "p": 0.17008087438087496
            },
            {
                "x": 0.8884877657440834,
                "y": 0.9864864864864865,
                "p": 0.15774021102858013
            },
            {
                "x": 0.9390292819895708,
                "y": 0.9864864864864865,
                "p": 0.14126932541414805
            },
            {
                "x": 0.9791415964701163,
                "y": 1.0,
                "p": 0.12855372679073077
            },
            {
                "x": 1.0,
                "y": 1.0,
                "p": 0.11375521699158987
            }
        ]
    ],
    "liftVizData": {
        "bins": [
            {
                "bin_pos_prop": 0.0778210117,
                "bin_lift": 2.6995477968,
                "cum_lift": 0.2702702703,
                "cum_size": 0.1001168679,
                "bin_min": 0.5256397805,
                "bin_max": 0.8170945681,
                "percentile_idx": 0
            },
            {
                "bin_pos_prop": 0.0311284047,
                "bin_lift": 1.0798191187,
                "cum_lift": 0.3783783784,
                "cum_size": 0.2002337359,
                "bin_min": 0.4927371828,
                "bin_max": 0.5256397805,
                "percentile_idx": 1
            },
            {
                "bin_pos_prop": 0.0118110236,
                "bin_lift": 0.4097148329,
                "cum_lift": 0.4189189189,
                "cum_size": 0.2991819244,
                "bin_min": 0.4813537708,
                "bin_max": 0.4927371828,
                "percentile_idx": 2
            },
            {
                "bin_pos_prop": 0.0348837209,
                "bin_lift": 1.210087995,
                "cum_lift": 0.5405405405,
                "cum_size": 0.3996883522,
                "bin_min": 0.4647225483,
                "bin_max": 0.4813537708,
                "percentile_idx": 3
            },
            {
                "bin_pos_prop": 0.0272373541,
                "bin_lift": 0.9448417289,
                "cum_lift": 0.6351351351,
                "cum_size": 0.4998052201,
                "bin_min": 0.4434823491,
                "bin_max": 0.4647225483,
                "percentile_idx": 4
            },
            {
                "bin_pos_prop": 0.046692607,
                "bin_lift": 1.6197286781,
                "cum_lift": 0.7972972973,
                "cum_size": 0.599922088,
                "bin_min": 0.4074151093,
                "bin_max": 0.4434823491,
                "percentile_idx": 5
            },
            {
                "bin_pos_prop": 0.03125,
                "bin_lift": 1.0840371622,
                "cum_lift": 0.9054054054,
                "cum_size": 0.6996493962,
                "bin_min": 0.3535557517,
                "bin_max": 0.4074151093,
                "percentile_idx": 6
            },
            {
                "bin_pos_prop": 0.0194552529,
                "bin_lift": 0.6748869492,
                "cum_lift": 0.972972973,
                "cum_size": 0.7997662641,
                "bin_min": 0.1825850968,
                "bin_max": 0.3535557517,
                "percentile_idx": 7
            },
            {
                "bin_pos_prop": 0.004,
                "bin_lift": 0.1387567568,
                "cum_lift": 0.9864864865,
                "cum_size": 0.8971562135,
                "bin_min": 0.1571019751,
                "bin_max": 0.1825850968,
                "percentile_idx": 8
            },
            {
                "bin_pos_prop": 0.0037878788,
                "bin_lift": 0.1313984439,
                "cum_lift": 1.0,
                "cum_size": 1.0,
                "bin_min": 0.113755217,
                "bin_max": 0.1571019751,
                "percentile_idx": 9
            }
        ],
        "wizard": {
            "positives": 74,
            "total": 2567
        }
    },
    "densityData": {
        "0": {
            "correct": [
                1.1330870871667595e-09,
                6.388973037400741e-09,
                3.276392745809929e-08,
                1.5286422113604706e-07,
                6.491390140927163e-07,
                2.5101785027149973e-06,
                8.844323054021443e-06,
                2.8413993733480303e-05,
                8.330934064095294e-05,
                0.00022316480341114814,
                0.0005469165072669325,
                0.0012283456377057364,
                0.002533695000485091,
                0.004812733109071184,
                0.008446977047514348,
                0.013756699445058765,
                0.020896960329066547,
                0.02979306022895355,
                0.04015623757891987,
                0.05157929312959072,
                0.06366564194672042,
                0.07612939482360477,
                0.08882889798733146,
                0.1017358693246456,
                0.11486311773240564,
                0.12817309657062187,
                0.14149560789493656,
                0.15450895552688756,
                0.16684727812227398,
                0.17833553639327512,
                0.18923639806279813,
                0.2003212753993413,
                0.2126507621009206,
                0.22715239383083993,
                0.24427692404226828,
                0.26404434077371214,
                0.28660806566035363,
                0.3131634865936702,
                0.346797265382983,
                0.39290600200734516,
                0.45915210413982244,
                0.5553573635426454,
                0.6938287740740884,
                0.8900005658542858,
                1.162096653039204,
                1.5276626996408191,
                1.9955748483455134,
                2.55506115421685,
                3.167030639544121,
                3.7645546691844802,
                4.266209218394088,
                4.599004412242589,
                4.721236733440744,
                4.634571063145359,
                4.380044595570742,
                4.020917206330449,
                3.6211886662518764,
                3.229154277975481,
                2.871187136158737,
                2.5550715646709965,
                2.278029391292175,
                2.0339649865617053,
                1.8169778216604706,
                1.6216061194350202,
                1.4421851798543455,
                1.2732719478487011,
                1.111297735795773,
                0.9561747506280358,
                0.8115029796067014,
                0.6830603592511161,
                0.576442897714695,
                0.4952409587247787,
                0.4408210543710364,
                0.41395372706575606,
                0.41758865536085904,
                0.4592927695762642,
                0.5514841314366846,
                0.7079834395046168,
                0.9368565156316758,
                1.231757734850971,
                1.565889580942721,
                1.8927704391098934,
                2.1555005595023724,
                2.30207750373558,
                2.3009060196219355,
                2.15016871926392,
                1.8775123632288049,
                1.5308147246896058,
                1.1642102699912662,
                0.8246372577005251,
                0.5430068053573018,
                0.33168990369824897,
                0.18752832752484763,
                0.09791306913406839,
                0.04711287888914751,
                0.020851331676626124,
                0.008474051451719715,
                0.0031577645549173104,
                0.0010776125049759184,
                0.0003364243636631826
            ],
            "incorrect": [
                0.00019825339279273257,
                0.00038510510087184826,
                0.0007269664516799884,
                0.0013336773604702503,
                0.0023780213466595276,
                0.004121346920117744,
                0.0069431072113772035,
                0.011370927566676993,
                0.01810526396761817,
                0.02803008094770181,
                0.04219901639981559,
                0.06178622152291519,
                0.08799350185541877,
                0.12191123874083284,
                0.16433978264193305,
                0.21558943566839808,
                0.2752884809987842,
                0.34223685165606355,
                0.41434477140966025,
                0.48868880113227653,
                0.5617018448000245,
                0.6294909126576739,
                0.68825117347228,
                0.7347227403333259,
                0.7666232407166913,
                0.7829882948135354,
                0.7843644695020398,
                0.7728228160002698,
                0.7517908898775998,
                0.7257310466867282,
                0.699716873104409,
                0.6789734303131799,
                0.6684484186720431,
                0.6724707542277156,
                0.69453287551409,
                0.7372074298009921,
                0.8021826950590064,
                0.8903790809698477,
                1.0020954690296766,
                1.1371316723460565,
                1.2948425635138667,
                1.4740987935324124,
                1.6731547455911207,
                1.8894511702772592,
                2.1194020595387,
                2.3582276490897796,
                2.5998947482173715,
                2.8372113246530506,
                3.0620968490129683,
                3.266018350194894,
                3.440550993707703,
                3.5779978012481113,
                3.671990807987326,
                3.7179976437621813,
                3.7136721872449767,
                3.6590118661142212,
                3.556312157645958,
                3.4099355936593634,
                3.225933866327645,
                3.0115749096185254,
                2.7748312591300976,
                2.523882176883131,
                2.266671656567278,
                2.0105499572073584,
                1.7620106571873169,
                1.5265212890568476,
                1.308435729420788,
                1.1109718125454666,
                0.9362377508549673,
                0.7852942246639482,
                0.658243199130807,
                0.5543377190613635,
                0.47210824210586283,
                0.40950082139021077,
                0.3640217313342041,
                0.3328830402306299,
                0.31314460565576663,
                0.30184957214462904,
                0.2961517119186088,
                0.29343299404036555,
                0.29140838965516547,
                0.2882127686399028,
                0.2824630270975324,
                0.27328849066354033,
                0.2603247539517249,
                0.24367016353324347,
                0.22380911883087662,
                0.20151093694686362,
                0.17771608181273116,
                0.15342250850766176,
                0.12958374849255713,
                0.10702765530157053,
                0.086401149858426,
                0.06814254176513937,
                0.05247960510195381,
                0.039448926262454366,
                0.028930332957652266,
                0.020689540342896228,
                0.014422467444330142,
                0.009795812415099386
            ],
            "correctMedian": 0.5585954122263114,
            "incorrectMedian": 0.530307270790699
        },
        "1": {
            "correct": [
                0.009795812415099369,
                0.014422467444330154,
                0.020689540342896284,
                0.028930332957652266,
                0.03944892626245447,
                0.05247960510195402,
                0.06814254176513952,
                0.0864011498584263,
                0.10702765530157077,
                0.12958374849255752,
                0.15342250850766231,
                0.17771608181273157,
                0.20151093694686414,
                0.22380911883087712,
                0.2436701635332441,
                0.2603247539517251,
                0.2732884906635407,
                0.2824630270975326,
                0.28821276863990297,
                0.29140838965516547,
                0.29343299404036527,
                0.2961517119186084,
                0.30184957214462865,
                0.3131446056557661,
                0.3328830402306296,
                0.3640217313342035,
                0.40950082139021027,
                0.472108242105862,
                0.5543377190613631,
                0.658243199130807,
                0.7852942246639482,
                0.9362377508549673,
                1.1109718125454666,
                1.308435729420788,
                1.5265212890568476,
                1.76201065718732,
                2.010549957207362,
                2.266671656567276,
                2.5238821768831334,
                2.7748312591300976,
                3.0115749096185254,
                3.225933866327645,
                3.4099355936593634,
                3.5563121576459613,
                3.6590118661142212,
                3.713672187244983,
                3.7179976437621813,
                3.671990807987326,
                3.5779978012481113,
                3.440550993707703,
                3.266018350194894,
                3.0620968490129683,
                2.8372113246530506,
                2.5998947482173715,
                2.3582276490897796,
                2.1194020595387,
                1.8894511702772576,
                1.6731547455911207,
                1.474098793532411,
                1.2948425635138654,
                1.1371316723460565,
                1.0020954690296748,
                0.8903790809698469,
                0.802182695059005,
                0.7372074298009921,
                0.6945328755140904,
                0.672470754227716,
                0.6684484186720443,
                0.6789734303131815,
                0.6997168731044102,
                0.72573104668673,
                0.7517908898776011,
                0.7728228160002719,
                0.7843644695020411,
                0.782988294813536,
                0.7666232407166913,
                0.7347227403333252,
                0.6882511734722792,
                0.6294909126576722,
                0.5617018448000225,
                0.4886888011322739,
                0.41434477140965786,
                0.34223685165606066,
                0.27528848099878195,
                0.21558943566839617,
                0.16433978264193108,
                0.12191123874083144,
                0.08799350185541743,
                0.061786221522914235,
                0.042199016399814784,
                0.028030080947701288,
                0.018105263967617864,
                0.011370927566676741,
                0.006943107211377055,
                0.0041213469201176346,
                0.0023780213466594643,
                0.0013336773604702172,
                0.0007269664516799665,
                0.000385105100871837,
                0.00019825339279272693
            ],
            "incorrect": [
                0.0003364243636631874,
                0.0010776125049759288,
                0.0031577645549173555,
                0.008474051451719767,
                0.02085133167662629,
                0.04711287888914755,
                0.09791306913406908,
                0.18752832752484946,
                0.3316899036982525,
                0.5430068053573004,
                0.8246372577005324,
                1.1642102699912724,
                1.5308147246896167,
                1.8775123632288249,
                2.15016871926392,
                2.3009060196218987,
                2.302077503735572,
                2.155500559502422,
                1.892770439109907,
                1.5658895809426903,
                1.231757734850971,
                0.93685651563168,
                0.7079834395046093,
                0.551484131436669,
                0.45929276957625925,
                0.4175886553608609,
                0.4139537270657594,
                0.44082105437103136,
                0.4952409587247721,
                0.5764428977146888,
                0.6830603592511028,
                0.8115029796067036,
                0.9561747506280333,
                1.111297735795773,
                1.2732719478487147,
                1.4421851798543506,
                1.6216061194349884,
                1.8169778216604966,
                2.033964986561684,
                2.2780293912921628,
                2.555071564671024,
                2.871187136158681,
                3.2291542779755384,
                3.6211886662519537,
                4.0209172063303775,
                4.380044595570711,
                4.634571063145383,
                4.72123673344077,
                4.599004412242492,
                4.2662092183940645,
                3.764554669184507,
                3.1670306395441545,
                2.5550611542169137,
                1.9955748483454814,
                1.5276626996408138,
                1.1620966530391998,
                0.8900005658542668,
                0.6938287740741155,
                0.5553573635426519,
                0.4591521041398241,
                0.3929060020073423,
                0.3467972653829842,
                0.3131634865936677,
                0.2866080656603559,
                0.26404434077370953,
                0.24427692404226742,
                0.22715239383084096,
                0.2126507621009193,
                0.2003212753993413,
                0.18923639806279763,
                0.17833553639327432,
                0.16684727812227368,
                0.15450895552688756,
                0.14149560789493706,
                0.12817309657062187,
                0.11486311773240523,
                0.10173586932464523,
                0.08882889798733105,
                0.0761293948236045,
                0.0636656419467202,
                0.05157929312959035,
                0.04015623757891973,
                0.029793060228953283,
                0.020896960329066405,
                0.013756699445058704,
                0.008446977047514258,
                0.004812733109071154,
                0.002533695000485064,
                0.0012283456377057244,
                0.0005469165072669252,
                0.00022316480341114656,
                8.330934064095294e-05,
                2.8413993733480002e-05,
                8.844323054021412e-06,
                2.5101785027149613e-06,
                6.491390140927152e-07,
                1.528642211360468e-07,
                3.2763927458098825e-08,
                6.388973037400741e-09,
                1.1330870871667636e-09
            ],
            "correctMedian": 0.46969272920930116,
            "incorrectMedian": 0.44140458777368863
        }
    },
    "calibrationData": [
        {
            "y": 0,
            "x": 0,
            "n": 0
        },
        {
            "y": 0.00546448087431694,
            "x": 0.15550974813335733,
            "n": 549.0
        },
        {
            "y": 0.012195121951219513,
            "x": 0.25733026204099285,
            "n": 82.0
        },
        {
            "y": 0.023880597014925373,
            "x": 0.3605938093337484,
            "n": 335.0
        },
        {
            "y": 0.029983792544570502,
            "x": 0.461934219214367,
            "n": 1234.0
        },
        {
            "y": 0.05078125,
            "x": 0.5342533969426987,
            "n": 256.0
        },
        {
            "y": 0.058823529411764705,
            "x": 0.6433142554255136,
            "n": 68.0
        },
        {
            "y": 0.20512820512820512,
            "x": 0.7412460110566231,
            "n": 39.0
        },
        {
            "y": 0.0,
            "x": 0.8093034532733888,
            "n": 4.0
        },
        {
            "y": 1,
            "x": 1,
            "n": 0
        }
    ],
    "probaDistribData": {
        "bins": [
            0.0,
            0.1,
            0.2,
            0.3,
            0.4,
            0.5,
            0.6,
            0.7,
            0.8,
            0.9,
            1.0
        ],
        "probaDistribs": [
            [
                0.0,
                546.0,
                81.0,
                327.0,
                1197.0,
                243.0,
                64.0,
                31.0,
                4.0,
                0.0
            ],
            [
                0.0,
                3.0,
                1.0,
                8.0,
                37.0,
                13.0,
                4.0,
                8.0,
                0.0,
                0.0
            ]
        ]
    },
    "globalMetrics": {
        "testWeight": 2567,
        "targetAvg": [
            0.028827425009738995
        ],
        "targetStd": [
            0.1673538619245005
        ],
        "predictionAvg": [
            0.020646669263731984
        ],
        "predictionStd": [
            0.14222610319712856
        ]
    }
}