{
    "startedAt": 1640298708183,
    "gridSize": 2,
    "nThreads": 4,
    "nSplits": 5,
    "metric": "ROC_AUC",
    "timeout": null,
    "gridPoints": [
        {
            "finishedAt": 1640298711759,
            "score": 0.6913597378604022,
            "testScoreGibMean": 0.6913597378604022,
            "testScoreMean": 0.6913597378604022,
            "testScoreStd": 0.04436791745717583,
            "trainScoreMean": 0.84876639130172,
            "trainScoreStd": 0.005061841948583511,
            "time": 10399,
            "fitTimeMean": 1560.8,
            "fitTimeStd": 345.6896874365795,
            "scoreTimeMean": 519.0,
            "scoreTimeStd": 327.31758278467106,
            "best_iteration": null,
            "parameters": {
                "max_depth": 6,
                "max_features": "auto",
                "min_samples_leaf": 1,
                "n_estimators": 100,
                "min_samples_split": 3
            }
        },
        {
            "finishedAt": 1640298712968,
            "score": 0.6586062702270364,
            "testScoreGibMean": 0.6586062702270364,
            "testScoreMean": 0.6586062702270364,
            "testScoreStd": 0.02194904640570148,
            "trainScoreMean": 0.9906306886853403,
            "trainScoreStd": 0.0010739215633760537,
            "time": 7922,
            "fitTimeMean": 994.4,
            "fitTimeStd": 272.6819392625775,
            "scoreTimeMean": 590.0,
            "scoreTimeStd": 326.8277833966996,
            "best_iteration": null,
            "parameters": {
                "max_depth": 13,
                "max_features": "auto",
                "min_samples_leaf": 1,
                "n_estimators": 100,
                "min_samples_split": 3
            }
        }
    ]
}