[
    {
        "test_score_gib": 0.7172793456342482,
        "train_score": 0.848286515007559,
        "test_score": 0.7172793456342482,
        "num_samples": 2046,
        "fit_time": 1702,
        "score_time": 287,
        "time": 1989,
        "parameters": {
            "max_depth": 6,
            "max_features": "auto",
            "min_samples_leaf": 1,
            "n_estimators": 100,
            "min_samples_split": 3
        },
        "best_iteration": null,
        "done_at": 1640298710175,
        "split_id": 0
    },
    {
        "test_score_gib": 0.6743507938160922,
        "train_score": 0.8391869685507531,
        "test_score": 0.6743507938160922,
        "num_samples": 2046,
        "fit_time": 1716,
        "score_time": 148,
        "time": 1864,
        "parameters": {
            "max_depth": 6,
            "max_features": "auto",
            "min_samples_leaf": 1,
            "n_estimators": 100,
            "min_samples_split": 3
        },
        "best_iteration": null,
        "done_at": 1640298710051,
        "split_id": 1
    },
    {
        "test_score_gib": 0.6121845874062286,
        "train_score": 0.8533425942522556,
        "test_score": 0.6121845874062286,
        "num_samples": 2045,
        "fit_time": 1789,
        "score_time": 982,
        "time": 2771,
        "parameters": {
            "max_depth": 6,
            "max_features": "auto",
            "min_samples_leaf": 1,
            "n_estimators": 100,
            "min_samples_split": 3
        },
        "best_iteration": null,
        "done_at": 1640298710959,
        "split_id": 2
    },
    {
        "test_score_gib": 0.7349590670373802,
        "train_score": 0.8516885001219027,
        "test_score": 0.7349590670373802,
        "num_samples": 2044,
        "fit_time": 1725,
        "score_time": 344,
        "time": 2069,
        "parameters": {
            "max_depth": 6,
            "max_features": "auto",
            "min_samples_leaf": 1,
            "n_estimators": 100,
            "min_samples_split": 3
        },
        "best_iteration": null,
        "done_at": 1640298710258,
        "split_id": 3
    },
    {
        "test_score_gib": 0.7180549119555144,
        "train_score": 0.8513349824876463,
        "test_score": 0.7180549119555144,
        "num_samples": 2044,
        "fit_time": 872,
        "score_time": 834,
        "time": 1706,
        "parameters": {
            "max_depth": 6,
            "max_features": "auto",
            "min_samples_leaf": 1,
            "n_estimators": 100,
            "min_samples_split": 3
        },
        "best_iteration": null,
        "done_at": 1640298711759,
        "split_id": 4
    },
    {
        "test_score_gib": 0.6631464843934904,
        "train_score": 0.9895544640242846,
        "test_score": 0.6631464843934904,
        "num_samples": 2046,
        "fit_time": 1215,
        "score_time": 882,
        "time": 2097,
        "parameters": {
            "max_depth": 13,
            "max_features": "auto",
            "min_samples_leaf": 1,
            "n_estimators": 100,
            "min_samples_split": 3
        },
        "best_iteration": null,
        "done_at": 1640298712276,
        "split_id": 0
    },
    {
        "test_score_gib": 0.6696929820409168,
        "train_score": 0.9892016086143329,
        "test_score": 0.6696929820409168,
        "num_samples": 2046,
        "fit_time": 1323,
        "score_time": 961,
        "time": 2284,
        "parameters": {
            "max_depth": 13,
            "max_features": "auto",
            "min_samples_leaf": 1,
            "n_estimators": 100,
            "min_samples_split": 3
        },
        "best_iteration": null,
        "done_at": 1640298712544,
        "split_id": 1
    },
    {
        "test_score_gib": 0.6166884519208912,
        "train_score": 0.9914975802115075,
        "test_score": 0.6166884519208912,
        "num_samples": 2045,
        "fit_time": 1058,
        "score_time": 671,
        "time": 1729,
        "parameters": {
            "max_depth": 13,
            "max_features": "auto",
            "min_samples_leaf": 1,
            "n_estimators": 100,
            "min_samples_split": 3
        },
        "best_iteration": null,
        "done_at": 1640298712692,
        "split_id": 2
    },
    {
        "test_score_gib": 0.6807711615693544,
        "train_score": 0.9909670149315859,
        "test_score": 0.6807711615693544,
        "num_samples": 2044,
        "fit_time": 796,
        "score_time": 336,
        "time": 1132,
        "parameters": {
            "max_depth": 13,
            "max_features": "auto",
            "min_samples_leaf": 1,
            "n_estimators": 100,
            "min_samples_split": 3
        },
        "best_iteration": null,
        "done_at": 1640298712896,
        "split_id": 3
    },
    {
        "test_score_gib": 0.6627374884151993,
        "train_score": 0.991934802904256,
        "test_score": 0.6627374884151993,
        "num_samples": 2044,
        "fit_time": 580,
        "score_time": 100,
        "time": 680,
        "parameters": {
            "max_depth": 13,
            "max_features": "auto",
            "min_samples_leaf": 1,
            "n_estimators": 100,
            "min_samples_split": 3
        },
        "best_iteration": null,
        "done_at": 1640298712968,
        "split_id": 4
    }
]