{
  "state": "DONE",
  "preSearchDescription": {
    "gridLength": 2,
    "searchStrategy": "GRID",
    "importantParams": [
      {
        "name": "trees",
        "vals": [
          "100"
        ]
      },
      {
        "name": "depth",
        "vals": [
          "6",
          "13"
        ]
      },
      {
        "name": "min_samples",
        "vals": [
          "1"
        ]
      }
    ]
  },
  "postSearchDescription": {
    "importantParams": [
      {
        "name": "trees",
        "val": "100"
      },
      {
        "name": "depth",
        "val": "6"
      },
      {
        "name": "min_samples",
        "val": "1"
      }
    ]
  },
  "resumed": false,
  "timeOrderingEnabled": false,
  "sampleWeightsEnabled": false,
  "modelId": "m1",
  "progress": {
    "top_level_todo": [],
    "stack": [],
    "top_level_done": [
      {
        "name": "Loading train set",
        "time": 59
      },
      {
        "name": "Loading test set",
        "time": 17
      },
      {
        "name": "Collecting statistics",
        "time": 12
      },
      {
        "name": "Preprocessing train set",
        "time": 44
      },
      {
        "name": "Preprocessing test set",
        "time": 16
      },
      {
        "name": "Hyperparameter searching",
        "time": 5064
      },
      {
        "name": "Fitting model",
        "time": 1325
      },
      {
        "name": "Saving model",
        "time": 109
      },
      {
        "name": "Scoring model",
        "time": 2760
      }
    ]
  },
  "startTime": 1640298708017,
  "endTime": 1640298717469,
  "preprocessingTime": 151,
  "trainingTime": 9301,
  "hyperparamsSearchTime": 5064
}