[
    {
        "test_score_gib": 0.721567940622367,
        "train_score": 0.8533406234874424,
        "test_score": 0.721567940622367,
        "num_samples": 2046,
        "fit_time": 1540,
        "score_time": 332,
        "time": 1872,
        "parameters": {
            "max_depth": 6,
            "max_features": "auto",
            "min_samples_leaf": 1,
            "n_estimators": 100,
            "min_samples_split": 3
        },
        "best_iteration": null,
        "done_at": 1640288254964,
        "split_id": 0
    },
    {
        "test_score_gib": 0.6702042052845336,
        "train_score": 0.8274073941284382,
        "test_score": 0.6702042052845336,
        "num_samples": 2046,
        "fit_time": 1522,
        "score_time": 177,
        "time": 1699,
        "parameters": {
            "max_depth": 6,
            "max_features": "auto",
            "min_samples_leaf": 1,
            "n_estimators": 100,
            "min_samples_split": 3
        },
        "best_iteration": null,
        "done_at": 1640288254794,
        "split_id": 1
    },
    {
        "test_score_gib": 0.6294091460180344,
        "train_score": 0.8437440998984286,
        "test_score": 0.6294091460180344,
        "num_samples": 2045,
        "fit_time": 1574,
        "score_time": 702,
        "time": 2276,
        "parameters": {
            "max_depth": 6,
            "max_features": "auto",
            "min_samples_leaf": 1,
            "n_estimators": 100,
            "min_samples_split": 3
        },
        "best_iteration": null,
        "done_at": 1640288255373,
        "split_id": 2
    },
    {
        "test_score_gib": 0.7090525563793637,
        "train_score": 0.8406423376762386,
        "test_score": 0.7090525563793637,
        "num_samples": 2044,
        "fit_time": 1553,
        "score_time": 508,
        "time": 2061,
        "parameters": {
            "max_depth": 6,
            "max_features": "auto",
            "min_samples_leaf": 1,
            "n_estimators": 100,
            "min_samples_split": 3
        },
        "best_iteration": null,
        "done_at": 1640288255159,
        "split_id": 3
    },
    {
        "test_score_gib": 0.7054033441458141,
        "train_score": 0.8596410116134557,
        "test_score": 0.7054033441458141,
        "num_samples": 2044,
        "fit_time": 789,
        "score_time": 662,
        "time": 1451,
        "parameters": {
            "max_depth": 6,
            "max_features": "auto",
            "min_samples_leaf": 1,
            "n_estimators": 100,
            "min_samples_split": 3
        },
        "best_iteration": null,
        "done_at": 1640288256249,
        "split_id": 4
    },
    {
        "test_score_gib": 0.6858769845402304,
        "train_score": 0.990735229968509,
        "test_score": 0.6858769845402304,
        "num_samples": 2046,
        "fit_time": 1094,
        "score_time": 540,
        "time": 1634,
        "parameters": {
            "max_depth": 13,
            "max_features": "auto",
            "min_samples_leaf": 1,
            "n_estimators": 100,
            "min_samples_split": 3
        },
        "best_iteration": null,
        "done_at": 1640288256599,
        "split_id": 0
    },
    {
        "test_score_gib": 0.6585786100408032,
        "train_score": 0.9923184482727713,
        "test_score": 0.6585786100408032,
        "num_samples": 2046,
        "fit_time": 1010,
        "score_time": 523,
        "time": 1533,
        "parameters": {
            "max_depth": 13,
            "max_features": "auto",
            "min_samples_leaf": 1,
            "n_estimators": 100,
            "min_samples_split": 3
        },
        "best_iteration": null,
        "done_at": 1640288256698,
        "split_id": 1
    },
    {
        "test_score_gib": 0.6098687201636735,
        "train_score": 0.9902159885284102,
        "test_score": 0.6098687201636735,
        "num_samples": 2045,
        "fit_time": 930,
        "score_time": 543,
        "time": 1473,
        "parameters": {
            "max_depth": 13,
            "max_features": "auto",
            "min_samples_leaf": 1,
            "n_estimators": 100,
            "min_samples_split": 3
        },
        "best_iteration": null,
        "done_at": 1640288256852,
        "split_id": 2
    },
    {
        "test_score_gib": 0.6772764133456904,
        "train_score": 0.9922568042481581,
        "test_score": 0.6772764133456904,
        "num_samples": 2044,
        "fit_time": 545,
        "score_time": 214,
        "time": 759,
        "parameters": {
            "max_depth": 13,
            "max_features": "auto",
            "min_samples_leaf": 1,
            "n_estimators": 100,
            "min_samples_split": 3
        },
        "best_iteration": null,
        "done_at": 1640288257010,
        "split_id": 3
    },
    {
        "test_score_gib": 0.6407215400061785,
        "train_score": 0.9917213246356301,
        "test_score": 0.6407215400061785,
        "num_samples": 2044,
        "fit_time": 462,
        "score_time": 94,
        "time": 556,
        "parameters": {
            "max_depth": 13,
            "max_features": "auto",
            "min_samples_leaf": 1,
            "n_estimators": 100,
            "min_samples_split": 3
        },
        "best_iteration": null,
        "done_at": 1640288257160,
        "split_id": 4
    }
]