{
    "startedAt": 1640288253089,
    "gridSize": 2,
    "nThreads": 4,
    "nSplits": 5,
    "metric": "ROC_AUC",
    "timeout": null,
    "gridPoints": [
        {
            "finishedAt": 1640288256249,
            "score": 0.6871252200299132,
            "testScoreGibMean": 0.6871252200299132,
            "testScoreMean": 0.6871252200299132,
            "testScoreStd": 0.0335230859769691,
            "trainScoreMean": 0.8449531828149158,
            "trainScoreStd": 0.011081983619807782,
            "time": 9359,
            "fitTimeMean": 1395.6,
            "fitTimeStd": 303.7739949370255,
            "scoreTimeMean": 476.2,
            "scoreTimeStd": 198.41008038907702,
            "best_iteration": null,
            "parameters": {
                "max_depth": 6,
                "max_features": "auto",
                "min_samples_leaf": 1,
                "n_estimators": 100,
                "min_samples_split": 3
            }
        },
        {
            "finishedAt": 1640288257160,
            "score": 0.6544670411636897,
            "testScoreGibMean": 0.6544670411636897,
            "testScoreMean": 0.6544670411636897,
            "testScoreStd": 0.027209740692560307,
            "trainScoreMean": 0.991449468719875,
            "trainScoreStd": 0.0008381761128467448,
            "time": 5955,
            "fitTimeMean": 808.2,
            "fitTimeStd": 255.48729909723497,
            "scoreTimeMean": 382.8,
            "scoreTimeStd": 190.75156617967778,
            "best_iteration": null,
            "parameters": {
                "max_depth": 13,
                "max_features": "auto",
                "min_samples_leaf": 1,
                "n_estimators": 100,
                "min_samples_split": 3
            }
        }
    ]
}