{
    "modelInputNRows": 10225,
    "modelInputNCols": 24,
    "modelInputIsSparse": false,
    "modelInputMemory": 1963200,
    "usedGridSearch": true,
    "gridSize": 2,
    "gridBestScore": 0.6871252200299132,
    "gridCells": [
        {
            "params": {
                "max_depth": 6,
                "max_features": "auto",
                "min_samples_leaf": 1,
                "n_estimators": 100,
                "min_samples_split": 3
            },
            "score": 0.6871252200299132,
            "scoreStd": 0.0335230859769691,
            "fitTime": 1.3956,
            "fitTimeStd": 0.3037739949370255,
            "scoreTime": 0.4762,
            "scoreTimeStd": 0.19841008038907704
        },
        {
            "params": {
                "max_depth": 13,
                "max_features": "auto",
                "min_samples_leaf": 1,
                "n_estimators": 100,
                "min_samples_split": 3
            },
            "score": 0.6544670411636897,
            "scoreStd": 0.027209740692560307,
            "fitTime": 0.8082,
            "fitTimeStd": 0.25548729909723494,
            "scoreTime": 0.38280000000000003,
            "scoreTimeStd": 0.19075156617967778
        }
    ],
    "rawImportance": {
        "variables": [
            "Latitude",
            "Longitude",
            "dummy:Crime Category:Crimes Against Property",
            "dummy:Crime Category:Crimes Against Person",
            "dummy:Crime Category:Crimes Against Morality",
            "dummy:Crime Category:Other",
            "dummy:Crime type:Violence and sexual offences",
            "dummy:Crime type:Criminal damage and arson",
            "dummy:Crime type:Public order",
            "dummy:Crime type:Other theft",
            "dummy:Crime type:Shoplifting",
            "dummy:Crime type:Burglary",
            "dummy:Crime type:Vehicle crime",
            "dummy:Crime type:Drugs",
            "dummy:Crime type:Bicycle theft",
            "dummy:Crime type:Other crime",
            "dummy:Crime type:Possession of weapons",
            "dummy:Crime type:Robbery",
            "dummy:Crime type:Theft from the person"
        ],
        "importances": [
            0.28359468634752766,
            0.2185667959035815,
            0.024557342038568877,
            0.012802907239402906,
            0.0970129080873349,
            0.0059621207947418405,
            0.009087093709990767,
            0.019230462292882965,
            0.020260981621382144,
            0.06366959062954163,
            0.029308449372394595,
            0.08619678776655451,
            0.041615263042107616,
            0.06523134132483972,
            0.007567129848425178,
            0.002220652718665672,
            0.008520607211897223,
            0.0017573271490627022,
            0.0028375529010977282
        ]
    },
    "probaAware": true
}