{
    "metrics": {},
    "processed_feature_names": [
        "Latitude",
        "Longitude",
        "Date",
        "dummy:Crime Category:Crimes Against Property",
        "dummy:Crime Category:Crimes Against Person",
        "dummy:Crime Category:Crimes Against Morality",
        "dummy:Crime Category:Other",
        "dummy:Crime Category:N/A",
        "dummy:Crime Category:__Others__",
        "dummy:Crime type:Violence and sexual offences",
        "dummy:Crime type:Criminal damage and arson",
        "dummy:Crime type:Public order",
        "dummy:Crime type:Other theft",
        "dummy:Crime type:Shoplifting",
        "dummy:Crime type:Burglary",
        "dummy:Crime type:Vehicle crime",
        "dummy:Crime type:Drugs",
        "dummy:Crime type:Bicycle theft",
        "dummy:Crime type:Other crime",
        "dummy:Crime type:Possession of weapons",
        "dummy:Crime type:Robbery",
        "dummy:Crime type:Theft from the person",
        "dummy:Crime type:N/A",
        "dummy:Crime type:__Others__"
    ],
    "tiMetrics": {
        "auc": 0.713276068840394,
        "logLoss": 0.5422355964867804,
        "lift": 1.7863984674329503,
        "calibrationLoss": 0.3736988557823358
    },
    "probaPercentiles": [
        0.12894242621543378,
        0.13022801500243056,
        0.13339052787956523,
        0.14080535107267306,
        0.14760015510852761,
        0.15956916755762748,
        0.16285706430652605,
        0.17676778047387884,
        0.1841705875302449,
        0.18844441941132561,
        0.19888348094713937,
        0.20381894167497167,
        0.20601952815932378,
        0.20933431921756424,
        0.218119217785405,
        0.22394044342055214,
        0.22735546475782364,
        0.23194869477297586,
        0.24433156497183062,
        0.24670417290093205,
        0.2699657522579745,
        0.28455330776760446,
        0.29458046871598653,
        0.30038287388147067,
        0.30682882937863976,
        0.3152854555408651,
        0.32682225412294996,
        0.3403585640908583,
        0.3482443684640979,
        0.36952514666992875,
        0.38506579651061934,
        0.394020179035181,
        0.39926243610113626,
        0.40715405389634535,
        0.4118799511939589,
        0.41411399208327726,
        0.4198467575602772,
        0.4258176268763298,
        0.43334078104559104,
        0.4359602154398058,
        0.43774542857274906,
        0.4399038952666132,
        0.44007692957221933,
        0.44189999691482496,
        0.44282356413246804,
        0.4430727312861764,
        0.44443456811896115,
        0.44443456811896115,
        0.4459860772917583,
        0.44702199438961854,
        0.44858242132503684,
        0.4493138246269202,
        0.4497946812025593,
        0.45155976849713647,
        0.45267799183515595,
        0.45307887529506663,
        0.45414382698847505,
        0.45414382698847505,
        0.4544261895043772,
        0.4564024203087173,
        0.4566105195450584,
        0.4566105195450584,
        0.45735933297164144,
        0.45806975174129805,
        0.45860948552291403,
        0.45990230160490986,
        0.4623727882134212,
        0.46321271145623377,
        0.4634594952691756,
        0.4649718912303635,
        0.46633129284173214,
        0.4686231514556696,
        0.47079388618543433,
        0.47210874171864553,
        0.4726802256160754,
        0.4749431435937613,
        0.47656074652851266,
        0.4784352641765598,
        0.48040930027266965,
        0.4831943965778986,
        0.48525535385437407,
        0.4886443257775629,
        0.49139537150885815,
        0.49504488288158055,
        0.49890055586188536,
        0.5061509106309673,
        0.5114566020423503,
        0.5179832035552074,
        0.52478556324424,
        0.5332012047403204,
        0.5451632852743538,
        0.5561398957901078,
        0.5664447795244989,
        0.5847701552263467,
        0.5945230095739029,
        0.6110848873119435,
        0.6266943031684908,
        0.6582862196290878,
        0.7381045941671703
    ],
    "perCutData": {
        "cut": [
            0,
            0.025,
            0.05,
            0.075,
            0.1,
            0.125,
            0.15,
            0.175,
            0.2,
            0.225,
            0.25,
            0.275,
            0.3,
            0.325,
            0.35,
            0.375,
            0.4,
            0.425,
            0.45,
            0.475,
            0.5,
            0.525,
            0.55,
            0.575,
            0.6,
            0.625,
            0.65,
            0.675,
            0.7,
            0.725,
            0.75,
            0.775,
            0.8,
            0.825,
            0.85,
            0.875,
            0.9,
            0.925,
            0.95,
            0.975
        ],
        "tp": [
            77,
            77,
            77,
            77,
            77,
            77,
            77,
            76,
            76,
            76,
            76,
            75,
            74,
            72,
            70,
            69,
            69,
            69,
            59,
            36,
            26,
            21,
            17,
            16,
            16,
            15,
            10,
            5,
            3,
            3,
            2,
            0,
            0,
            0,
            0,
            0,
            0,
            0,
            0,
            0
        ],
        "tn": [
            0,
            0,
            0,
            0,
            1,
            12,
            139,
            205,
            298,
            424,
            525,
            557,
            618,
            695,
            757,
            786,
            855,
            983,
            1367,
            1943,
            2172,
            2268,
            2333,
            2380,
            2425,
            2464,
            2480,
            2501,
            2505,
            2507,
            2516,
            2526,
            2531,
            2534,
            2534,
            2534,
            2534,
            2534,
            2534,
            2534
        ],
        "fp": [
            2534,
            2534,
            2534,
            2534,
            2533,
            2522,
            2395,
            2329,
            2236,
            2110,
            2009,
            1977,
            1916,
            1839,
            1777,
            1748,
            1679,
            1551,
            1167,
            591,
            362,
            266,
            201,
            154,
            109,
            70,
            54,
            33,
            29,
            27,
            18,
            8,
            3,
            0,
            0,
            0,
            0,
            0,
            0,
            0
        ],
        "fn": [
            0,
            0,
            0,
            0,
            0,
            0,
            0,
            1,
            1,
            1,
            1,
            2,
            3,
            5,
            7,
            8,
            8,
            8,
            18,
            41,
            51,
            56,
            60,
            61,
            61,
            62,
            67,
            72,
            74,
            74,
            75,
            77,
            77,
            77,
            77,
            77,
            77,
            77,
            77,
            77
        ],
        "precision": [
            0.029490616621983913,
            0.029490616621983913,
            0.029490616621983913,
            0.029490616621983913,
            0.02950191570881226,
            0.029626779530588686,
            0.03114886731391586,
            0.0316008316008316,
            0.0328719723183391,
            0.03476669716376944,
            0.03645083932853717,
            0.03654970760233918,
            0.0371859296482412,
            0.03767660910518053,
            0.03789929615592853,
            0.0379746835443038,
            0.039473684210526314,
            0.04259259259259259,
            0.04812398042414356,
            0.05741626794258373,
            0.06701030927835051,
            0.07317073170731707,
            0.0779816513761468,
            0.09411764705882353,
            0.128,
            0.17647058823529413,
            0.15625,
            0.13157894736842105,
            0.09375,
            0.1,
            0.1,
            0.0,
            0.0,
            1.0,
            1.0,
            1.0,
            1.0,
            1.0,
            1.0,
            1.0
        ],
        "recall": [
            1.0,
            1.0,
            1.0,
            1.0,
            1.0,
            1.0,
            1.0,
            0.987012987012987,
            0.987012987012987,
            0.987012987012987,
            0.987012987012987,
            0.974025974025974,
            0.961038961038961,
            0.935064935064935,
            0.9090909090909091,
            0.8961038961038961,
            0.8961038961038961,
            0.8961038961038961,
            0.7662337662337663,
            0.4675324675324675,
            0.33766233766233766,
            0.2727272727272727,
            0.22077922077922077,
            0.2077922077922078,
            0.2077922077922078,
            0.19480519480519481,
            0.12987012987012986,
            0.06493506493506493,
            0.03896103896103896,
            0.03896103896103896,
            0.025974025974025976,
            0.0,
            0.0,
            0.0,
            0.0,
            0.0,
            0.0,
            0.0,
            0.0,
            0.0
        ],
        "accuracy": [
            0.029490616621983913,
            0.029490616621983913,
            0.029490616621983913,
            0.029490616621983913,
            0.02987361164304864,
            0.03408655687476063,
            0.08272692454998085,
            0.10762160091918806,
            0.14324013787820758,
            0.19149751053236308,
            0.23018000765990043,
            0.24205285331290693,
            0.2650325545767905,
            0.29375718115664495,
            0.31673688242052855,
            0.32746074301034084,
            0.353887399463807,
            0.4029107621600919,
            0.5461509000382995,
            0.7579471466870931,
            0.8418230563002681,
            0.8766756032171582,
            0.9000382995021065,
            0.9176560704710839,
            0.9348908464189966,
            0.9494446572194561,
            0.9536576024511682,
            0.9597855227882037,
            0.9605515128303332,
            0.9613175028724626,
            0.9643814630409805,
            0.9674454232094982,
            0.9693603983148219,
            0.9705093833780161,
            0.9705093833780161,
            0.9705093833780161,
            0.9705093833780161,
            0.9705093833780161,
            0.9705093833780161,
            0.9705093833780161
        ],
        "f1": [
            0.057291666666666664,
            0.057291666666666664,
            0.057291666666666664,
            0.057291666666666664,
            0.057312988462969845,
            0.05754857997010463,
            0.06041584935268734,
            0.0612409347300564,
            0.06362494767685223,
            0.06716747680070703,
            0.07030527289546716,
            0.07045561296383278,
            0.07160135462022255,
            0.07243460764587525,
            0.07276507276507276,
            0.07286166842661036,
            0.07561643835616437,
            0.08131997642899233,
            0.09056024558710668,
            0.10227272727272727,
            0.11182795698924732,
            0.11538461538461536,
            0.1152542372881356,
            0.12955465587044535,
            0.15841584158415842,
            0.18518518518518523,
            0.14184397163120568,
            0.08695652173913043,
            0.055045871559633024,
            0.05607476635514019,
            0.041237113402061855,
            0.0,
            0.0,
            0.0,
            0.0,
            0.0,
            0.0,
            0.0,
            0.0,
            0.0
        ],
        "mcc": [
            0.0,
            0.0,
            0.0,
            0.0,
            0.0034121004155479163,
            0.011844849325817853,
            0.041335693112759045,
            0.04261954761429458,
            0.05557857182871001,
            0.07072944241068749,
            0.08191086222640387,
            0.07994471480102774,
            0.0814263996834487,
            0.079948601084629,
            0.077281007210679,
            0.0758629107569368,
            0.08398225500555205,
            0.09901834941274117,
            0.10362625796164068,
            0.09279497339601007,
            0.09265387934347186,
            0.09073291513048683,
            0.08651204001694056,
            0.10081217295085555,
            0.1305690513979592,
            0.15937094685469977,
            0.1187719362117635,
            0.07333414144275628,
            0.04231010234652493,
            0.04493365492304543,
            0.03661730791020333,
            -0.009663845247921332,
            -0.005912196923919799,
            0.0,
            0.0,
            0.0,
            0.0,
            0.0,
            0.0,
            0.0
        ],
        "hammingLoss": [
            0.9705093833780161,
            0.9705093833780161,
            0.9705093833780161,
            0.9705093833780161,
            0.9701263883569513,
            0.9659134431252394,
            0.9172730754500191,
            0.892378399080812,
            0.8567598621217924,
            0.8085024894676369,
            0.7698199923400996,
            0.7579471466870931,
            0.7349674454232095,
            0.706242818843355,
            0.6832631175794714,
            0.6725392569896591,
            0.646112600536193,
            0.5970892378399081,
            0.4538490999617005,
            0.24205285331290693,
            0.1581769436997319,
            0.12332439678284182,
            0.09996170049789353,
            0.08234392952891613,
            0.06510915358100344,
            0.050555342780543855,
            0.04634239754883186,
            0.040214477211796246,
            0.03944848716966679,
            0.038682497127537345,
            0.03561853695901953,
            0.03255457679050172,
            0.030639601685178094,
            0.029490616621983913,
            0.029490616621983913,
            0.029490616621983913,
            0.029490616621983913,
            0.029490616621983913,
            0.029490616621983913,
            0.029490616621983913
        ],
        "assertionsMetrics": []
    },
    "optimalThreshold": 0.625,
    "usedThreshold": 0.625,
    "rocVizData": [
        [
            {
                "x": 0.0,
                "y": 0.0,
                "p": 1.8087995231371838
            },
            {
                "x": 0.0122336227308603,
                "y": 0.03896103896103896,
                "p": 0.6947100444367884
            },
            {
                "x": 0.014601420678768745,
                "y": 0.09090909090909091,
                "p": 0.6609982939692177
            },
            {
                "x": 0.024072612470402526,
                "y": 0.15584415584415584,
                "p": 0.6308559130099449
            },
            {
                "x": 0.039068666140489344,
                "y": 0.19480519480519481,
                "p": 0.6053635318996938
            },
            {
                "x": 0.06708760852407261,
                "y": 0.22077922077922077,
                "p": 0.5656110448750536
            },
            {
                "x": 0.09234411996842937,
                "y": 0.24675324675324675,
                "p": 0.5362544429902024
            },
            {
                "x": 0.111681136543015,
                "y": 0.2857142857142857,
                "p": 0.5204775366082884
            },
            {
                "x": 0.12786108918705605,
                "y": 0.3246753246753247,
                "p": 0.5109263811208057
            },
            {
                "x": 0.16890292028413575,
                "y": 0.35064935064935066,
                "p": 0.4913953715088581
            },
            {
                "x": 0.18745067087608525,
                "y": 0.38961038961038963,
                "p": 0.4850071549888038
            },
            {
                "x": 0.20402525651144435,
                "y": 0.44155844155844154,
                "p": 0.48024362214054506
            },
            {
                "x": 0.23164956590370955,
                "y": 0.4675324675324675,
                "p": 0.4753913488810979
            },
            {
                "x": 0.24506708760852408,
                "y": 0.5064935064935064,
                "p": 0.47265895406047354
            },
            {
                "x": 0.2644041041831097,
                "y": 0.5454545454545454,
                "p": 0.4701316822557143
            },
            {
                "x": 0.2916337805840568,
                "y": 0.5714285714285714,
                "p": 0.465089190231124
            },
            {
                "x": 0.3074191002367798,
                "y": 0.6233766233766234,
                "p": 0.4633752243283397
            },
            {
                "x": 0.34451460142067875,
                "y": 0.6363636363636364,
                "p": 0.45841309855539847
            },
            {
                "x": 0.38279400157853194,
                "y": 0.7012987012987013,
                "p": 0.4566105195450584
            },
            {
                "x": 0.4234411996842936,
                "y": 0.7402597402597403,
                "p": 0.45414382698847505
            },
            {
                "x": 0.4565903709550118,
                "y": 0.7662337662337663,
                "p": 0.45155976849713647
            },
            {
                "x": 0.4964483030781373,
                "y": 0.7792207792207793,
                "p": 0.4468814492866947
            },
            {
                "x": 0.5067087608524072,
                "y": 0.8441558441558441,
                "p": 0.4452936387944908
            },
            {
                "x": 0.5422257300710339,
                "y": 0.8701298701298701,
                "p": 0.44282356413246804
            },
            {
                "x": 0.5876085240726124,
                "y": 0.8831168831168831,
                "p": 0.4362999902481334
            },
            {
                "x": 0.6258879242304657,
                "y": 0.8961038961038961,
                "p": 0.41898264621214537
            },
            {
                "x": 0.6771902131018153,
                "y": 0.8961038961038961,
                "p": 0.3886281697985964
            },
            {
                "x": 0.7016574585635359,
                "y": 0.922077922077922,
                "p": 0.3493343418787402
            },
            {
                "x": 0.7320441988950276,
                "y": 0.948051948051948,
                "p": 0.31746141006481826
            },
            {
                "x": 0.7679558011049724,
                "y": 0.974025974025974,
                "p": 0.2906245986232635
            },
            {
                "x": 0.8058405682715075,
                "y": 0.987012987012987,
                "p": 0.2428118275022199
            },
            {
                "x": 0.8571428571428571,
                "y": 0.987012987012987,
                "p": 0.2091025124087649
            },
            {
                "x": 0.9076558800315706,
                "y": 0.987012987012987,
                "p": 0.18426658197299758
            },
            {
                "x": 0.9451460142067877,
                "y": 1.0,
                "p": 0.15016425741738698
            },
            {
                "x": 0.9964483030781374,
                "y": 1.0,
                "p": 0.12488164207006763
            },
            {
                "x": 1.0,
                "y": 1.0,
                "p": 0.0955576177400536
            }
        ]
    ],
    "liftVizData": {
        "bins": [
            {
                "bin_pos_prop": 0.0769230769,
                "bin_lift": 2.6083916084,
                "cum_lift": 0.2597402597,
                "cum_size": 0.0995787055,
                "bin_min": 0.5332012047,
                "bin_max": 0.8087995231,
                "percentile_idx": 0
            },
            {
                "bin_pos_prop": 0.0419847328,
                "bin_lift": 1.4236641221,
                "cum_lift": 0.4025974026,
                "cum_size": 0.199923401,
                "bin_min": 0.4831943966,
                "bin_max": 0.5332012047,
                "percentile_idx": 1
            },
            {
                "bin_pos_prop": 0.0498084291,
                "bin_lift": 1.688958551,
                "cum_lift": 0.5714285714,
                "cum_size": 0.2998851015,
                "bin_min": 0.4649718912,
                "bin_max": 0.4831943966,
                "percentile_idx": 2
            },
            {
                "bin_pos_prop": 0.0421455939,
                "bin_lift": 1.4291187739,
                "cum_lift": 0.7142857143,
                "cum_size": 0.399846802,
                "bin_min": 0.4564024203,
                "bin_max": 0.4649718912,
                "percentile_idx": 3
            },
            {
                "bin_pos_prop": 0.0191570881,
                "bin_lift": 0.6495994427,
                "cum_lift": 0.7792207792,
                "cum_size": 0.4998085025,
                "bin_min": 0.4470219944,
                "bin_max": 0.4564024203,
                "percentile_idx": 4
            },
            {
                "bin_pos_prop": 0.030651341,
                "bin_lift": 1.0393591083,
                "cum_lift": 0.8831168831,
                "cum_size": 0.599770203,
                "bin_min": 0.4359602154,
                "bin_max": 0.4470219944,
                "percentile_idx": 5
            },
            {
                "bin_pos_prop": 0.0076628352,
                "bin_lift": 0.2598397771,
                "cum_lift": 0.9090909091,
                "cum_size": 0.6997319035,
                "bin_min": 0.3695251467,
                "bin_max": 0.4359602154,
                "percentile_idx": 6
            },
            {
                "bin_pos_prop": 0.0229885057,
                "bin_lift": 0.7795193312,
                "cum_lift": 0.987012987,
                "cum_size": 0.799693604,
                "bin_min": 0.2467041729,
                "bin_max": 0.3695251467,
                "percentile_idx": 7
            },
            {
                "bin_pos_prop": 0.0,
                "bin_lift": 0.0,
                "cum_lift": 0.987012987,
                "cum_size": 0.8996553045,
                "bin_min": 0.1884444194,
                "bin_max": 0.2467041729,
                "percentile_idx": 8
            },
            {
                "bin_pos_prop": 0.0038167939,
                "bin_lift": 0.1294240111,
                "cum_lift": 1.0,
                "cum_size": 1.0,
                "bin_min": 0.0955576177,
                "bin_max": 0.1884444194,
                "percentile_idx": 9
            }
        ],
        "wizard": {
            "positives": 77,
            "total": 2611
        }
    },
    "densityData": {
        "0": {
            "correct": [
                6.62417115096562e-12,
                5.925443884366055e-11,
                4.728384352175024e-10,
                3.3668361665330102e-09,
                2.1398357936000367e-08,
                1.2143426651602405e-07,
                6.155793881437123e-07,
                2.788833337148537e-06,
                1.129834484596954e-05,
                4.096173598650063e-05,
                0.00013301841958355471,
                0.0003873706258052522,
                0.0010131965036910431,
                0.0023851072515756484,
                0.005067314898591804,
                0.00975296390726179,
                0.017090691542582817,
                0.02744398480502374,
                0.040699421235730913,
                0.05622124077335875,
                0.0729272695697358,
                0.08936234910445956,
                0.1037249435179429,
                0.1140151001276492,
                0.11854255362263603,
                0.1167695960012189,
                0.11005857172597099,
                0.10177582145899591,
                0.09654293255053348,
                0.09893338248932983,
                0.11218911478618435,
                0.13747712864270953,
                0.17396396106899248,
                0.21963827650512052,
                0.27239364671829525,
                0.3306534277909876,
                0.3931448998404705,
                0.4582152890516625,
                0.5236065666523328,
                0.5872652211521526,
                0.6488559534676432,
                0.711101595259465,
                0.7804104704899824,
                0.867079367743051,
                0.9858322926412051,
                1.1570390149592424,
                1.407715625818668,
                1.7698872337005642,
                2.2730686484773113,
                2.928902535882007,
                3.710565989402192,
                4.536533457565913,
                5.272994961464183,
                5.76484491131885,
                5.889304128092016,
                5.607483796588043,
                4.983734665183492,
                4.15940164285288,
                3.296188808665876,
                2.521912988279238,
                1.9045469879528503,
                1.4577530482314067,
                1.162793081291097,
                0.9893559632779129,
                0.9069630520295755,
                0.8880321504600522,
                0.9073454774360566,
                0.9418161794490658,
                0.9723683187638194,
                0.9877553479223262,
                0.9882470446396766,
                0.9860630713466148,
                1.0005057473133865,
                1.0488498451546386,
                1.1370990775194885,
                1.255382305004636,
                1.3805265394454904,
                1.4847372387696567,
                1.5464127774171814,
                1.5581471449565003,
                1.5281334246141525,
                1.4740796376899399,
                1.412456814565698,
                1.3487496407474846,
                1.2744608838641238,
                1.173134972377482,
                1.032131483139501,
                0.8528385676828346,
                0.6527372170095352,
                0.4581934500565107,
                0.29303514518208806,
                0.1700476584392289,
                0.08934599533639799,
                0.04248227744830407,
                0.01829616373485943,
                0.007152912985369631,
                0.0025468937992095785,
                0.0008293000638143915,
                0.00024798424773537744,
                6.834195069923628e-05
            ],
            "incorrect": [
                1.9483830622045725e-06,
                5.2215198739435976e-06,
                1.3411757800059475e-05,
                3.3018435085610865e-05,
                7.791607081671251e-05,
                0.00017624534063368497,
                0.0003821658769745798,
                0.0007944342750293272,
                0.001583325332453621,
                0.003025737798561629,
                0.0055449288579697545,
                0.009746199074692829,
                0.01643399888344622,
                0.026591709453221847,
                0.04130627175858949,
                0.061629384263341615,
                0.08838652666583162,
                0.12197151891646765,
                0.16218903371434293,
                0.20821774955636563,
                0.2587507277916221,
                0.3123227402755808,
                0.367765410664831,
                0.42466260730118366,
                0.4836401271111315,
                0.5463398608533392,
                0.615006091190296,
                0.6917327204176944,
                0.777546820527804,
                0.8715906219872577,
                0.9706760738713044,
                1.0694129071972753,
                1.1609707957330637,
                1.2383689525857948,
                1.2960409731317974,
                1.3313406565438635,
                1.3456586023293517,
                1.3449070831709018,
                1.33927489859351,
                1.3423100260558263,
                1.3695070558478104,
                1.4366225370116148,
                1.5579071637889075,
                1.7443583959360422,
                2.0020189621596853,
                2.3303389350462407,
                2.720715590613901,
                3.1555021339508325,
                3.6079467793148363,
                4.04356691733375,
                4.423281590571118,
                4.708205795073946,
                4.865455072217728,
                4.873816039991622,
                4.727925117813217,
                4.439801651257038,
                4.0371868492688465,
                3.558966596863565,
                3.048726586815372,
                2.5479398008997176,
                2.0902789893804323,
                1.6981137739742607,
                1.3815745555683414,
                1.1398878779947337,
                0.9642175575299029,
                0.8410827088591302,
                0.755544913885667,
                0.6936516641465527,
                0.6439543683580287,
                0.5981779752439785,
                0.5512556997648813,
                0.5009646100410522,
                0.44734984196954297,
                0.39205787223062555,
                0.3376486114879989,
                0.28693461314261137,
                0.24239627197417582,
                0.20572811219470716,
                0.17756809191140271,
                0.15744206953696624,
                0.1439211750992761,
                0.13494964655064623,
                0.12826645722154348,
                0.12182635153883999,
                0.114130809713514,
                0.10440646198284075,
                0.09261017334167343,
                0.07928419094079894,
                0.065318390351684,
                0.05169067722496026,
                0.03924904245042563,
                0.028575086016872916,
                0.01993909158870629,
                0.013331259110467059,
                0.00853919315639362,
                0.005239630208443372,
                0.0030796186861948866,
                0.0017337640728601472,
                0.0009349105870441439,
                0.00048287106104809004
            ],
            "correctMedian": 0.5540139227082416,
            "incorrectMedian": 0.5271818901832308
        },
        "1": {
            "correct": [
                0.000482871061048084,
                0.0009349105870441356,
                0.0017337640728601381,
                0.0030796186861948567,
                0.0052396302084433445,
                0.008539193156393591,
                0.013331259110466965,
                0.01993909158870621,
                0.02857508601687275,
                0.03924904245042546,
                0.051690677224960145,
                0.06531839035168377,
                0.0792841909407988,
                0.09261017334167322,
                0.1044064619828407,
                0.11413080971351404,
                0.1218263515388402,
                0.12826645722154392,
                0.13494964655064684,
                0.143921175099277,
                0.1574420695369673,
                0.177568091911404,
                0.20572811219470843,
                0.24239627197417743,
                0.28693461314261315,
                0.33764861148800046,
                0.39205787223062744,
                0.4473498419695446,
                0.5009646100410537,
                0.5512556997648828,
                0.5981779752439799,
                0.6439543683580304,
                0.6936516641465542,
                0.755544913885669,
                0.8410827088591316,
                0.9642175575299063,
                1.139887877994738,
                1.3815745555683439,
                1.698113773974265,
                2.0902789893804363,
                2.5479398008997243,
                3.0487265868153828,
                3.558966596863565,
                4.037186849268854,
                4.439801651257038,
                4.727925117813217,
                4.873816039991622,
                4.86545507221772,
                4.708205795073937,
                4.4232815905711105,
                4.0435669173337345,
                3.6079467793148265,
                3.1555021339508214,
                2.7207155906138962,
                2.3303389350462345,
                2.002018962159682,
                1.7443583959360376,
                1.5579071637889075,
                1.4366225370116148,
                1.3695070558478104,
                1.3423100260558263,
                1.33927489859351,
                1.3449070831709007,
                1.3456586023293517,
                1.3313406565438635,
                1.2960409731317974,
                1.2383689525857948,
                1.1609707957330637,
                1.0694129071972753,
                0.9706760738713044,
                0.8715906219872569,
                0.7775468205278033,
                0.6917327204176937,
                0.6150060911902957,
                0.546339860853339,
                0.4836401271111311,
                0.4246626073011835,
                0.367765410664831,
                0.3123227402755807,
                0.2587507277916221,
                0.20821774955636524,
                0.1621890337143427,
                0.12197151891646715,
                0.08838652666583138,
                0.06162938426334156,
                0.04130627175858929,
                0.026591709453221764,
                0.016433998883446134,
                0.009746199074692794,
                0.005544928857969705,
                0.0030257377985616154,
                0.0015833253324536182,
                0.0007944342750293209,
                0.00038216587697457847,
                0.00017624534063368343,
                7.79160708167121e-05,
                3.301843508561081e-05,
                1.341175780005938e-05,
                5.22151987394357e-06,
                1.948383062204576e-06
            ],
            "incorrect": [
                6.834195069923447e-05,
                0.0002479842477353708,
                0.0008293000638143775,
                0.0025468937992095195,
                0.007152912985369517,
                0.018296163734859223,
                0.042482277448303844,
                0.08934599533639737,
                0.17004765843922603,
                0.2930351451820852,
                0.45819345005651596,
                0.6527372170095254,
                0.8528385676828346,
                1.032131483139489,
                1.1731349723774653,
                1.2744608838640945,
                1.3487496407474917,
                1.412456814565698,
                1.474079637689961,
                1.5281334246141607,
                1.5581471449565032,
                1.5464127774172034,
                1.4847372387696882,
                1.3805265394454904,
                1.2553823050046382,
                1.1370990775195016,
                1.0488498451546442,
                1.0005057473133856,
                0.9860630713466402,
                0.9882470446396739,
                0.9877553479223043,
                0.9723683187637995,
                0.9418161794490675,
                0.9073454774360245,
                0.8880321504600578,
                0.9069630520295554,
                0.9893559632779261,
                1.162793081291074,
                1.4577530482314247,
                1.9045469879528403,
                2.5219129882791886,
                3.296188808665853,
                4.159401642852902,
                4.983734665183342,
                5.607483796587973,
                5.889304128092141,
                5.76484491131887,
                5.272994961464136,
                4.536533457565913,
                3.7105659894021987,
                2.9289025358819187,
                2.273068648477303,
                1.7698872337005738,
                1.407715625818698,
                1.1570390149592085,
                0.9858322926411954,
                0.8670793677430395,
                0.7804104704899788,
                0.7111015952594638,
                0.648855953467634,
                0.5872652211521401,
                0.523606566652331,
                0.45821528905166203,
                0.39314489984046846,
                0.3306534277909885,
                0.27239364671829475,
                0.21963827650511838,
                0.1739639610689923,
                0.13747712864270856,
                0.11218911478618365,
                0.09893338248932992,
                0.09654293255053313,
                0.10177582145899527,
                0.11005857172597108,
                0.11676959600121922,
                0.11854255362263667,
                0.1140151001276489,
                0.1037249435179429,
                0.08936234910445988,
                0.07292726956973586,
                0.05622124077335865,
                0.04069942123573069,
                0.027443984805023303,
                0.017090691542582543,
                0.009752963907261599,
                0.005067314898591665,
                0.0023851072515755846,
                0.0010131965036910026,
                0.00038737062580523776,
                0.0001330184195835476,
                4.096173598649837e-05,
                1.1298344845968917e-05,
                2.7888333371483388e-06,
                6.155793881436686e-07,
                1.2143426651601304e-07,
                2.1398357935998468e-08,
                3.3668361665327228e-09,
                4.728384352174554e-10,
                5.925443884365488e-11,
                6.624171150964961e-12
            ],
            "correctMedian": 0.4728181098167692,
            "incorrectMedian": 0.4459860772917583
        }
    },
    "calibrationData": [
        {
            "y": 0,
            "x": 0,
            "n": 0
        },
        {
            "y": 0.0,
            "x": 0.0955576177400536,
            "n": 1.0
        },
        {
            "y": 0.003355704697986577,
            "x": 0.1569937224709479,
            "n": 298.0
        },
        {
            "y": 0.006211180124223602,
            "x": 0.2396116162318071,
            "n": 322.0
        },
        {
            "y": 0.02066115702479339,
            "x": 0.34765380034688126,
            "n": 242.0
        },
        {
            "y": 0.03161764705882353,
            "x": 0.45513869260571915,
            "n": 1360.0
        },
        {
            "y": 0.03802281368821293,
            "x": 0.5408455820282381,
            "n": 263.0
        },
        {
            "y": 0.13978494623655913,
            "x": 0.6343134424791319,
            "n": 93.0
        },
        {
            "y": 0.10344827586206896,
            "x": 0.7560600638547715,
            "n": 29.0
        },
        {
            "y": 0.0,
            "x": 0.8043211344855935,
            "n": 3.0
        },
        {
            "y": 1,
            "x": 1,
            "n": 0
        }
    ],
    "probaDistribData": {
        "bins": [
            0.0,
            0.1,
            0.2,
            0.3,
            0.4,
            0.5,
            0.6,
            0.7,
            0.8,
            0.9,
            1.0
        ],
        "probaDistribs": [
            [
                1.0,
                297.0,
                320.0,
                237.0,
                1317.0,
                253.0,
                80.0,
                26.0,
                3.0,
                0.0
            ],
            [
                0.0,
                1.0,
                2.0,
                5.0,
                43.0,
                10.0,
                13.0,
                3.0,
                0.0,
                0.0
            ]
        ]
    },
    "globalMetrics": {
        "testWeight": 2611,
        "targetAvg": [
            0.029490616621983913
        ],
        "targetStd": [
            0.16920959199474994
        ],
        "predictionAvg": [
            0.03255457679050172
        ],
        "predictionStd": [
            0.1775016712163581
        ]
    }
}