{
    "diagnostics": [
        {
            "type": "ML_DIAGNOSTICS_DATASET_SANITY_CHECKS",
            "message": "The train dataset is imbalanced (balance=0.17), metrics can be misleading",
            "step": "Loading train set"
        },
        {
            "type": "ML_DIAGNOSTICS_DATASET_SANITY_CHECKS",
            "message": "The test dataset is imbalanced (balance=0.19), metrics can be misleading",
            "step": "Loading test set"
        },
        {
            "type": "ML_DIAGNOSTICS_MODEL_CHECK",
            "message": "The model (accuracy=0.949) is not significantly different than a random classifier (accuracy=0.948)",
            "step": "Scoring model"
        }
    ]
}