{
  "dashboardAuthorizations": {
    "allAuthorized": false,
    "authorizations": []
  },
  "exposedObjects": {
    "objects": []
  },
  "projectType": "REGULAR",
  "projectAppType": "REGULAR",
  "owner": "michael",
  "permissions": [],
  "additionalDashboardUsers": {
    "users": []
  },
  "tutorialProject": false,
  "settings": {
    "flowAnchorSourcesAndSinks": true,
    "flowDisplaySettings": {
      "zonesGraphRenderingAlgorithm": "DOT_OLDRANK",
      "zonesGraphConnectZones": true
    },
    "gitCommitMode": "AUTO",
    "disableAutomaticTriggers": false,
    "integrations": {
      "integrations": []
    },
    "flowBuildSettings": {
      "mergeSparkPipelines": false,
      "pruneBeforeSparkPipelines": true,
      "mergeSqlPipelines": false,
      "pruneBeforeSqlPipelines": true
    },
    "limitsSettings": {
      "memSampleBytes": {
        "soft": -1,
        "hard": -1
      },
      "shakerMemTableBytes": {
        "soft": -1,
        "hard": -1
      },
      "attachmentBytes": {
        "soft": -1,
        "hard": -1
      }
    },
    "relocationSettings": {
      "sqlLikeRecipesInitializationMode": "RESOLVED_TABLE_REFERENCES"
    },
    "recipeEnginesPreferences": {
      "forbiddenEngines": [],
      "enginesPreferenceOrder": [],
      "forbiddenByRecipeType": {},
      "preferenceByRecipeType": {}
    },
    "codeEnvs": {
      "python": {
        "mode": "INHERIT",
        "preventOverride": false
      },
      "r": {
        "mode": "INHERIT",
        "preventOverride": false
      },
      "julia": {
        "mode": "INHERIT",
        "preventOverride": false
      }
    },
    "container": {
      "containerMode": "INHERIT"
    },
    "datasetsCreationSettings": {
      "useGlobal": true,
      "preferedStorageFormats": "CSV_ESCAPING_NOGZIP_FORHIVE,CSV_EXCEL_GZIP,PARQUET_HIVE",
      "virtualizable": false,
      "allowUploadsWithoutConnection": true
    },
    "hiveEngineCreationSettings": {
      "useGlobal": true,
      "executionEngine": "HIVECLI_LOCAL"
    },
    "sparkEngineCreationSettings": {
      "useGlobal": true,
      "executionEngine": "SPARK_SUBMIT",
      "useGlobalMetastore": false
    },
    "impalaEngineCreationSettings": {
      "useGlobal": true,
      "streamMode": true
    },
    "wikiSettings": {
      "promoted": false
    },
    "cluster": {
      "clusterMode": "INHERIT"
    },
    "k8sCluster": {
      "clusterMode": "INHERIT"
    },
    "virtualWebAppBackendSettings": {
      "mode": "INHERIT",
      "preventOverride": false,
      "infra": {
        "containerSelection": {
          "containerMode": "INHERIT"
        },
        "overrideGlobalK8sExposition": false,
        "exposition": {
          "type": "local_process",
          "params": {}
        },
        "scaling": {
          "initialReplicas": 1,
          "hpa": false,
          "hpaTargetCPUPercent": 0,
          "hpaMetrics": [],
          "hpaMinPods": 0,
          "hpaMaxPods": 0,
          "hpaAnnotations": []
        },
        "deploymentModifier": {}
      }
    }
  },
  "name": "Michael Conundrum 2",
  "imgPattern": 1,
  "metrics": {
    "probes": [],
    "engineConfig": {
      "padRunsWithMetrics": false,
      "hive": {
        "active": true,
        "extraConf": []
      },
      "basic": {},
      "dss": {
        "active": true,
        "selection": {
          "useMemTable": false,
          "filter": {
            "distinct": false,
            "enabled": false
          },
          "partitionSelectionMethod": "ALL",
          "latestPartitionsN": 1,
          "ordering": {
            "enabled": false,
            "rules": []
          },
          "samplingMethod": "FULL",
          "maxRecords": -1,
          "targetRatio": 0.02,
          "withinFirstN": -1,
          "maxReadUncompressedBytes": -1
        }
      },
      "sql": {
        "active": true
      },
      "impala": {
        "active": true
      },
      "spark": {
        "active": true,
        "extraConf": []
      },
      "python": {}
    },
    "displayedState": {
      "columns": [],
      "metrics": []
    }
  },
  "metricsChecks": {
    "runOnBuild": false,
    "checks": [],
    "displayedState": {
      "checks": []
    }
  },
  "versionTag": {
    "versionNumber": 6,
    "lastModifiedBy": {
      "login": "michael"
    },
    "lastModifiedOn": 1642458408099
  },
  "creationTag": {
    "versionNumber": 0,
    "lastModifiedBy": {
      "login": "michael"
    },
    "lastModifiedOn": 1640706028238
  },
  "description": "## Conundrum 2: Holiday Hoodies\n[Go to Conundrum](https://community.dataiku.com/t5/Community-Conundrums/Conundrum-2-Holiday-Hoodies/m-p/5634#U5634)\n\n### Problem Statement\nThe second Conundrum is here!\n\nA company has separate datasets for the 2016 and 2015 numbers and needs to compare a subset of 2016’s numbers with the numbers from 2015.\n\nGiven the two datasets \"orders_2015\" and \"orders_2016\", create a single visualization that answers the question, \"Did we sell more Hoodies in 2016 than in 2015 in the first 25 days of December?\"\n\nGood luck - I hear there are stacks of clever ways to go about it!",
  "shortDesc": "\"Did we sell more Hoodies in 2016 than in 2015 in the first 25 days of December?\"",
  "tags": [
    "Learning:Conundrum",
    "imported"
  ],
  "customFields": {},
  "checklists": {
    "checklists": [
      {
        "title": "To Do List",
        "createdOn": 0,
        "items": [
          {
            "done": true,
            "text": "Create the project",
            "createdOn": 1640706028238,
            "createdBy": "michael",
            "stateChangedOn": 0
          },
          {
            "done": false,
            "text": "Union datasource",
            "createdOn": 1640706028238,
            "createdBy": "michael",
            "stateChangedOn": 0
          },
          {
            "done": false,
            "text": "Export to Tableau",
            "createdOn": 1640706028238,
            "createdBy": "michael",
            "stateChangedOn": 0
          }
        ]
      }
    ]
  }
}