{
  "dataSpec": {
    "inputDatasetSmartName": "prepared",
    "datasetSelection": {
      "useMemTable": false,
      "filter": {
        "distinct": false,
        "enabled": false
      },
      "partitionSelectionMethod": "ALL",
      "latestPartitionsN": 1,
      "ordering": {
        "enabled": false,
        "rules": []
      },
      "samplingMethod": "HEAD_SEQUENTIAL",
      "maxRecords": 100000,
      "targetRatio": 0.02,
      "withinFirstN": -1,
      "maxReadUncompressedBytes": -1
    },
    "autoRefreshSample": true,
    "refreshTrigger": 0,
    "containerSelection": {
      "containerMode": "INHERIT"
    }
  },
  "rootCard": {
    "type": "worksheet_root",
    "confidenceLevel": 0.95,
    "showConfidenceInterval": false,
    "cards": [
      {
        "type": "chi2_independence_test",
        "maxValuesX": 5,
        "maxValuesY": 5,
        "confidenceLevel": 0.95,
        "xColumn": {
          "name": "Crime Category",
          "type": "CATEGORICAL"
        },
        "yColumn": {
          "name": "Punishment",
          "type": "CATEGORICAL"
        },
        "id": "4E3Sz1Y"
      },
      {
        "type": "chi2_independence_test",
        "maxValuesX": 10,
        "maxValuesY": 2,
        "confidenceLevel": 0.95,
        "xColumn": {
          "name": "Crime type",
          "type": "CATEGORICAL"
        },
        "yColumn": {
          "name": "Punishment",
          "type": "CATEGORICAL"
        },
        "id": "zAnVsBD"
      }
    ],
    "id": "5ruEOUh"
  },
  "name": "Worksheet",
  "versionTag": {
    "versionNumber": 4,
    "lastModifiedBy": {
      "login": "michael"
    },
    "lastModifiedOn": 1640277512636
  },
  "creationTag": {
    "versionNumber": 0,
    "lastModifiedBy": {
      "login": "michael"
    },
    "lastModifiedOn": 1640277148341
  },
  "tags": [],
  "customFields": {},
  "checklists": {
    "checklists": []
  }
}