{
    "metrics": {},
    "processed_feature_names": [
        "Latitude",
        "Longitude",
        "dummy:Crime Category:Crimes Against Property",
        "dummy:Crime Category:Crimes Against Person",
        "dummy:Crime Category:Crimes Against Morality",
        "dummy:Crime Category:Other",
        "dummy:Crime Category:N/A",
        "dummy:Crime Category:__Others__",
        "dummy:Crime type:Violence and sexual offences",
        "dummy:Crime type:Criminal damage and arson",
        "dummy:Crime type:Public order",
        "dummy:Crime type:Shoplifting",
        "dummy:Crime type:Other theft",
        "dummy:Crime type:Burglary",
        "dummy:Crime type:Vehicle crime",
        "dummy:Crime type:Drugs",
        "dummy:Crime type:Bicycle theft",
        "dummy:Crime type:Other crime",
        "dummy:Crime type:Possession of weapons",
        "dummy:Crime type:Robbery",
        "dummy:Crime type:Theft from the person",
        "dummy:Crime type:N/A",
        "dummy:Crime type:__Others__"
    ],
    "tiMetrics": {
        "auc": 0.7256621923786234,
        "logLoss": 0.5543177128277547,
        "lift": 1.737626458501807,
        "calibrationLoss": 0.38773058395258714
    },
    "probaPercentiles": [
        0.13745101495931641,
        0.1432095252337512,
        0.14796874230748927,
        0.15186382562876427,
        0.15373643154636135,
        0.15850484695607545,
        0.1636534593005325,
        0.1707220952886161,
        0.17374486927384802,
        0.17658926022546667,
        0.18380667514673033,
        0.19114952466212964,
        0.19369845228528892,
        0.19533082337245378,
        0.1986125072086302,
        0.20076828008237302,
        0.20640267010903646,
        0.211015822191001,
        0.22541110482031576,
        0.2381895600450491,
        0.25502622620165444,
        0.30220273355435345,
        0.32067818952767635,
        0.33860404847866826,
        0.3467875564013899,
        0.3546622737184007,
        0.3611422467025198,
        0.3687751974814397,
        0.3753706320277855,
        0.38378110443524405,
        0.3889998834600544,
        0.39709505804016154,
        0.4037787789496053,
        0.4108261270492295,
        0.4172300259308139,
        0.4215004359049614,
        0.4229335831297034,
        0.42621830427437096,
        0.43181563914973686,
        0.43434168858034833,
        0.43605683807820883,
        0.4399984534586844,
        0.4414037830160948,
        0.445209243188169,
        0.44658883149553963,
        0.44991642950073113,
        0.45006133384986136,
        0.45336939199071746,
        0.4567235198578682,
        0.460125354142287,
        0.4625817940772016,
        0.46419997379678185,
        0.46694111069308136,
        0.46934546062987864,
        0.4700876319090773,
        0.47125791194115507,
        0.47150232626456673,
        0.4728760916607353,
        0.4733836909686666,
        0.4741287461088133,
        0.47506846579795764,
        0.4770336694172881,
        0.4776654642414939,
        0.47835033401540855,
        0.47896182436907836,
        0.47925996911150925,
        0.48050204054960527,
        0.4809551218144492,
        0.482724115816469,
        0.4834277898512091,
        0.4855315186297537,
        0.48578038028484694,
        0.48578038028484694,
        0.48627117171835976,
        0.4879675951370552,
        0.4887783382002905,
        0.49061095040083225,
        0.49222973906221545,
        0.4933291321857688,
        0.4969020303623103,
        0.4997370702072896,
        0.5014202298087079,
        0.5014972805621051,
        0.5035071336532376,
        0.5069218696890473,
        0.5092541730249568,
        0.5120332902655518,
        0.517257603499023,
        0.5249808373465679,
        0.53064821284948,
        0.5430454138607389,
        0.5514087381450912,
        0.5622143387389724,
        0.5673493867037184,
        0.5845266055540971,
        0.6034975222368187,
        0.6195196669119111,
        0.6694875377512635,
        0.7516335879543434
    ],
    "perCutData": {
        "cut": [
            0,
            0.025,
            0.05,
            0.075,
            0.1,
            0.125,
            0.15,
            0.175,
            0.2,
            0.225,
            0.25,
            0.275,
            0.3,
            0.325,
            0.35,
            0.375,
            0.4,
            0.425,
            0.45,
            0.475,
            0.5,
            0.525,
            0.55,
            0.575,
            0.6,
            0.625,
            0.65,
            0.675,
            0.7,
            0.725,
            0.75,
            0.775,
            0.8,
            0.825,
            0.85,
            0.875,
            0.9,
            0.925,
            0.95,
            0.975
        ],
        "tp": [
            59,
            59,
            59,
            59,
            59,
            59,
            59,
            59,
            59,
            59,
            59,
            58,
            58,
            56,
            55,
            54,
            53,
            51,
            46,
            41,
            31,
            22,
            17,
            15,
            15,
            11,
            10,
            7,
            4,
            4,
            3,
            2,
            1,
            1,
            0,
            0,
            0,
            0,
            0,
            0
        ],
        "tn": [
            0,
            0,
            0,
            0,
            0,
            2,
            88,
            241,
            393,
            487,
            534,
            552,
            563,
            589,
            653,
            739,
            825,
            959,
            1184,
            1548,
            2056,
            2250,
            2316,
            2382,
            2417,
            2446,
            2460,
            2472,
            2479,
            2484,
            2486,
            2492,
            2498,
            2506,
            2509,
            2509,
            2509,
            2509,
            2509,
            2509
        ],
        "fp": [
            2509,
            2509,
            2509,
            2509,
            2509,
            2507,
            2421,
            2268,
            2116,
            2022,
            1975,
            1957,
            1946,
            1920,
            1856,
            1770,
            1684,
            1550,
            1325,
            961,
            453,
            259,
            193,
            127,
            92,
            63,
            49,
            37,
            30,
            25,
            23,
            17,
            11,
            3,
            0,
            0,
            0,
            0,
            0,
            0
        ],
        "fn": [
            0,
            0,
            0,
            0,
            0,
            0,
            0,
            0,
            0,
            0,
            0,
            1,
            1,
            3,
            4,
            5,
            6,
            8,
            13,
            18,
            28,
            37,
            42,
            44,
            44,
            48,
            49,
            52,
            55,
            55,
            56,
            57,
            58,
            58,
            59,
            59,
            59,
            59,
            59,
            59
        ],
        "precision": [
            0.022975077881619937,
            0.022975077881619937,
            0.022975077881619937,
            0.022975077881619937,
            0.022975077881619937,
            0.02299298519095869,
            0.02379032258064516,
            0.025354533734422,
            0.027126436781609194,
            0.028351753964440174,
            0.029006882989183875,
            0.028784119106699754,
            0.028942115768463075,
            0.02834008097165992,
            0.02878074306645735,
            0.029605263157894735,
            0.03051237766263673,
            0.03185509056839475,
            0.03355215171407731,
            0.04091816367265469,
            0.0640495867768595,
            0.07829181494661921,
            0.08095238095238096,
            0.1056338028169014,
            0.14018691588785046,
            0.14864864864864866,
            0.1694915254237288,
            0.1590909090909091,
            0.11764705882352941,
            0.13793103448275862,
            0.11538461538461539,
            0.10526315789473684,
            0.08333333333333333,
            0.25,
            1.0,
            1.0,
            1.0,
            1.0,
            1.0,
            1.0
        ],
        "recall": [
            1.0,
            1.0,
            1.0,
            1.0,
            1.0,
            1.0,
            1.0,
            1.0,
            1.0,
            1.0,
            1.0,
            0.9830508474576272,
            0.9830508474576272,
            0.9491525423728814,
            0.9322033898305084,
            0.9152542372881356,
            0.8983050847457628,
            0.864406779661017,
            0.7796610169491526,
            0.6949152542372882,
            0.5254237288135594,
            0.3728813559322034,
            0.288135593220339,
            0.2542372881355932,
            0.2542372881355932,
            0.1864406779661017,
            0.1694915254237288,
            0.11864406779661017,
            0.06779661016949153,
            0.06779661016949153,
            0.05084745762711865,
            0.03389830508474576,
            0.01694915254237288,
            0.01694915254237288,
            0.0,
            0.0,
            0.0,
            0.0,
            0.0,
            0.0
        ],
        "accuracy": [
            0.022975077881619937,
            0.022975077881619937,
            0.022975077881619937,
            0.022975077881619937,
            0.022975077881619937,
            0.023753894080996884,
            0.05724299065420561,
            0.11682242990654206,
            0.17601246105919002,
            0.21261682242990654,
            0.2309190031152648,
            0.23753894080996885,
            0.24182242990654207,
            0.25116822429906543,
            0.2757009345794392,
            0.3088006230529595,
            0.34190031152647976,
            0.39330218068535827,
            0.47897196261682246,
            0.6187694704049844,
            0.8126947040498442,
            0.8847352024922118,
            0.9084890965732088,
            0.9334112149532711,
            0.9470404984423676,
            0.9567757009345794,
            0.9618380062305296,
            0.9653426791277259,
            0.9669003115264797,
            0.9688473520249221,
            0.9692367601246106,
            0.971183800623053,
            0.9731308411214953,
            0.9762461059190031,
            0.9770249221183801,
            0.9770249221183801,
            0.9770249221183801,
            0.9770249221183801,
            0.9770249221183801,
            0.9770249221183801
        ],
        "f1": [
            0.04491815759421393,
            0.04491815759421393,
            0.04491815759421393,
            0.04491815759421393,
            0.04491815759421393,
            0.04495238095238095,
            0.04647499015360378,
            0.049455155071248945,
            0.052820053715308866,
            0.05514018691588785,
            0.05637840420449116,
            0.055930568948891035,
            0.05622879301987398,
            0.055036855036855035,
            0.055837563451776644,
            0.05735528412108337,
            0.05902004454342985,
            0.061445783132530116,
            0.06433566433566433,
            0.07728557964184732,
            0.1141804788213628,
            0.12941176470588237,
            0.12639405204460968,
            0.1492537313432836,
            0.18072289156626506,
            0.16541353383458648,
            0.1694915254237288,
            0.13592233009708737,
            0.08602150537634408,
            0.09090909090909091,
            0.07058823529411766,
            0.05128205128205128,
            0.028169014084507043,
            0.031746031746031744,
            0.0,
            0.0,
            0.0,
            0.0,
            0.0,
            0.0
        ],
        "mcc": [
            0.0,
            0.0,
            0.0,
            0.0,
            0.0,
            0.004281168752987593,
            0.028886250348316957,
            0.0493498690729693,
            0.06518419697856452,
            0.07418295272206758,
            0.07857254663167412,
            0.07401131166413627,
            0.07507352096747874,
            0.06542161728878829,
            0.0660873485165948,
            0.06928995779421857,
            0.0727333965595068,
            0.07626314271723857,
            0.07555372325249711,
            0.09579741681393375,
            0.13211888076748352,
            0.12941818811191877,
            0.1154820379260159,
            0.13347691443054613,
            0.16312714715565585,
            0.14448749878586212,
            0.14996183231890617,
            0.11995241207844826,
            0.07319413802750636,
            0.08200074747266203,
            0.062378421474136095,
            0.047418465410179564,
            0.027603589480567167,
            0.05984986891261821,
            0.0,
            0.0,
            0.0,
            0.0,
            0.0,
            0.0
        ],
        "hammingLoss": [
            0.9770249221183801,
            0.9770249221183801,
            0.9770249221183801,
            0.9770249221183801,
            0.9770249221183801,
            0.9762461059190031,
            0.9427570093457944,
            0.883177570093458,
            0.82398753894081,
            0.7873831775700935,
            0.7690809968847352,
            0.7624610591900312,
            0.758177570093458,
            0.7488317757009346,
            0.7242990654205608,
            0.6911993769470405,
            0.6580996884735203,
            0.6066978193146417,
            0.5210280373831776,
            0.3812305295950156,
            0.18730529595015577,
            0.11526479750778816,
            0.09151090342679127,
            0.06658878504672897,
            0.0529595015576324,
            0.04322429906542056,
            0.0381619937694704,
            0.03465732087227414,
            0.033099688473520246,
            0.03115264797507788,
            0.030763239875389408,
            0.02881619937694704,
            0.026869158878504672,
            0.023753894080996884,
            0.022975077881619937,
            0.022975077881619937,
            0.022975077881619937,
            0.022975077881619937,
            0.022975077881619937,
            0.022975077881619937
        ],
        "assertionsMetrics": []
    },
    "optimalThreshold": 0.6,
    "usedThreshold": 0.6,
    "rocVizData": [
        [
            {
                "x": 0.0,
                "y": 0.0,
                "p": 1.8386168390934057
            },
            {
                "x": 0.009166998804304504,
                "y": 0.05084745762711865,
                "p": 0.7589679807899194
            },
            {
                "x": 0.01315265045834994,
                "y": 0.1016949152542373,
                "p": 0.6899183279043511
            },
            {
                "x": 0.015942606616181746,
                "y": 0.15254237288135594,
                "p": 0.6742763145833263
            },
            {
                "x": 0.026703866082104424,
                "y": 0.2033898305084746,
                "p": 0.6176062035108943
            },
            {
                "x": 0.03626943005181347,
                "y": 0.2542372881355932,
                "p": 0.6015332732249646
            },
            {
                "x": 0.07094459944200877,
                "y": 0.2711864406779661,
                "p": 0.5574830698603744
            },
            {
                "x": 0.08529294539657234,
                "y": 0.3220338983050847,
                "p": 0.5412030829922113
            },
            {
                "x": 0.09844559585492228,
                "y": 0.3728813559322034,
                "p": 0.5268901068000641
            },
            {
                "x": 0.11638102829812674,
                "y": 0.4067796610169492,
                "p": 0.5150263293048107
            },
            {
                "x": 0.14986050219210842,
                "y": 0.4406779661016949,
                "p": 0.5061184607282206
            },
            {
                "x": 0.16899163013152652,
                "y": 0.4915254237288136,
                "p": 0.5014893133453573
            },
            {
                "x": 0.18652849740932642,
                "y": 0.5254237288135594,
                "p": 0.49866139465163506
            },
            {
                "x": 0.22040653646871264,
                "y": 0.5423728813559322,
                "p": 0.49070918614382636
            },
            {
                "x": 0.25707453168593064,
                "y": 0.559322033898305,
                "p": 0.4860588894766085
            },
            {
                "x": 0.2877640494220805,
                "y": 0.5932203389830508,
                "p": 0.4852659563854163
            },
            {
                "x": 0.3260263053009167,
                "y": 0.6101694915254238,
                "p": 0.4800539594466769
            },
            {
                "x": 0.34834595456357115,
                "y": 0.6610169491525424,
                "p": 0.4788230233478824
            },
            {
                "x": 0.3826225587883619,
                "y": 0.6949152542372882,
                "p": 0.4752591289096605
            },
            {
                "x": 0.42048624950179353,
                "y": 0.7288135593220338,
                "p": 0.4725388614675361
            },
            {
                "x": 0.4659226783579115,
                "y": 0.7457627118644068,
                "p": 0.46694111069308136
            },
            {
                "x": 0.49182941410920683,
                "y": 0.7796610169491526,
                "p": 0.4609012433704994
            },
            {
                "x": 0.5352730171383021,
                "y": 0.7966101694915254,
                "p": 0.44991642950073113
            },
            {
                "x": 0.5723395775209247,
                "y": 0.8135593220338984,
                "p": 0.44025064038763917
            },
            {
                "x": 0.6050219210840972,
                "y": 0.847457627118644,
                "p": 0.43065391883525117
            },
            {
                "x": 0.6313272220007972,
                "y": 0.8813559322033898,
                "p": 0.4221336316129725
            },
            {
                "x": 0.6652052610601833,
                "y": 0.8983050847457628,
                "p": 0.40373467674270364
            },
            {
                "x": 0.7002789956157832,
                "y": 0.9152542372881356,
                "p": 0.38037285809212174
            },
            {
                "x": 0.7333599043443603,
                "y": 0.9322033898305084,
                "p": 0.35778092029689645
            },
            {
                "x": 0.7676365085691511,
                "y": 0.9491525423728814,
                "p": 0.3184132130756637
            },
            {
                "x": 0.7799920286966919,
                "y": 1.0,
                "p": 0.2720549092263878
            },
            {
                "x": 0.8322040653646872,
                "y": 1.0,
                "p": 0.20306639020714123
            },
            {
                "x": 0.8824232762056596,
                "y": 1.0,
                "p": 0.18865305989460596
            },
            {
                "x": 0.9330410522120367,
                "y": 1.0,
                "p": 0.16203882339803496
            },
            {
                "x": 0.9836588282184137,
                "y": 1.0,
                "p": 0.14164602736050622
            },
            {
                "x": 1.0,
                "y": 1.0,
                "p": 0.10876639927973544
            }
        ]
    ],
    "liftVizData": {
        "bins": [
            {
                "bin_pos_prop": 0.0817120623,
                "bin_lift": 3.5565521335,
                "cum_lift": 0.3559322034,
                "cum_size": 0.1000778816,
                "bin_min": 0.5306482128,
                "bin_max": 0.8386168391,
                "percentile_idx": 0
            },
            {
                "bin_pos_prop": 0.0393700787,
                "bin_lift": 1.7135993594,
                "cum_lift": 0.5254237288,
                "cum_size": 0.1989875389,
                "bin_min": 0.4969020304,
                "bin_max": 0.5306482128,
                "percentile_idx": 1
            },
            {
                "bin_pos_prop": 0.0153846154,
                "bin_lift": 0.6696219035,
                "cum_lift": 0.593220339,
                "cum_size": 0.3002336449,
                "bin_min": 0.4834277899,
                "bin_max": 0.4969020304,
                "percentile_idx": 2
            },
            {
                "bin_pos_prop": 0.0234375,
                "bin_lift": 1.0201271186,
                "cum_lift": 0.6949152542,
                "cum_size": 0.3999221184,
                "bin_min": 0.4741287461,
                "bin_max": 0.4834277899,
                "percentile_idx": 3
            },
            {
                "bin_pos_prop": 0.0196078431,
                "bin_lift": 0.853439681,
                "cum_lift": 0.7796610169,
                "cum_size": 0.4992211838,
                "bin_min": 0.4601253541,
                "bin_max": 0.4741287461,
                "percentile_idx": 4
            },
            {
                "bin_pos_prop": 0.012145749,
                "bin_lift": 0.5286488712,
                "cum_lift": 0.8305084746,
                "cum_size": 0.5954049844,
                "bin_min": 0.4343416886,
                "bin_max": 0.4601253541,
                "percentile_idx": 5
            },
            {
                "bin_pos_prop": 0.0186567164,
                "bin_lift": 0.8120414875,
                "cum_lift": 0.9152542373,
                "cum_size": 0.6997663551,
                "bin_min": 0.3837811044,
                "bin_max": 0.4343416886,
                "percentile_idx": 6
            },
            {
                "bin_pos_prop": 0.0194552529,
                "bin_lift": 0.846798127,
                "cum_lift": 1.0,
                "cum_size": 0.7998442368,
                "bin_min": 0.23818956,
                "bin_max": 0.3837811044,
                "percentile_idx": 7
            },
            {
                "bin_pos_prop": 0.0,
                "bin_lift": 0.0,
                "cum_lift": 1.0,
                "cum_size": 0.8991433022,
                "bin_min": 0.1765892602,
                "bin_max": 0.23818956,
                "percentile_idx": 8
            },
            {
                "bin_pos_prop": 0.0,
                "bin_lift": 0.0,
                "cum_lift": 1.0,
                "cum_size": 1.0,
                "bin_min": 0.1087663993,
                "bin_max": 0.1765892602,
                "percentile_idx": 9
            }
        ],
        "wizard": {
            "positives": 59,
            "total": 2568
        }
    },
    "densityData": {
        "0": {
            "correct": [
                6.012418824766301e-09,
                3.520517302143007e-08,
                1.855879403277555e-07,
                8.812442348295112e-07,
                3.7711257107460896e-06,
                1.4551456089739127e-05,
                5.065754414417718e-05,
                0.00015919822632161029,
                0.00045192143260442433,
                0.0011596458933632314,
                0.002692072043767092,
                0.00565971754764203,
                0.010790323844687368,
                0.01868966891508476,
                0.029485551382510092,
                0.04252396055111208,
                0.05635047440366567,
                0.06909740401463635,
                0.07913068849770037,
                0.08559026771479199,
                0.0885052244272654,
                0.08848376020877755,
                0.08630158502362047,
                0.0827436501729581,
                0.07876477278504543,
                0.07570079862139878,
                0.07519542190254284,
                0.07876113013436667,
                0.08722857187886493,
                0.10046852534738518,
                0.11760763492107792,
                0.13765304230916192,
                0.16021187233973944,
                0.18595597522767318,
                0.21661815432423373,
                0.2545257852354257,
                0.3018939122211449,
                0.3602284574961704,
                0.430161195971656,
                0.5118882830636292,
                0.6063054632410374,
                0.7170450577180086,
                0.853595975505889,
                1.0348626519419841,
                1.290766094266122,
                1.658038597748763,
                2.1673114936443483,
                2.823090981706578,
                3.5847195112308263,
                4.360606394442189,
                5.025072623131358,
                5.455938908039925,
                5.577182065659748,
                5.384941599920943,
                4.943449504549671,
                4.355296310447597,
                3.724347334119465,
                3.129567662567246,
                2.6165355941962574,
                2.2017344098705713,
                1.881081597446465,
                1.6376618236988203,
                1.4481458207873854,
                1.2888192543133776,
                1.1410247729213017,
                0.9946794487290461,
                0.848823483816313,
                0.7094844647731997,
                0.5862892585467654,
                0.48941279433158746,
                0.42772891107306016,
                0.40814071687877623,
                0.43559514283263834,
                0.5132099448764474,
                0.6419304830752802,
                0.8191851967878729,
                1.0365500026139574,
                1.2775726930912303,
                1.5177508876331571,
                1.7279251908182205,
                1.880093903117898,
                1.9528681750562789,
                1.934439866817411,
                1.823397882636825,
                1.6291273826547725,
                1.3721916650625232,
                1.0828278826004594,
                0.7956507381688749,
                0.5414432190871675,
                0.33974802537997856,
                0.19594114484611447,
                0.10363261122930018,
                0.05019802409635551,
                0.022254636484157153,
                0.009029377506796447,
                0.0033536897742427354,
                0.0011408588182588702,
                0.00035564495432644823,
                0.00010163600176388755,
                2.662952465789652e-05
            ],
            "incorrect": [
                0.000849558280565266,
                0.001532557423834622,
                0.0026754907441415687,
                0.004521495054373962,
                0.00739949194428148,
                0.01173103269198265,
                0.018025458079494103,
                0.026858761938010543,
                0.0388335794752359,
                0.05452147440876709,
                0.07439369318711994,
                0.09875167042609691,
                0.12767224319759746,
                0.16098319440829814,
                0.1982813767187217,
                0.23899824796911634,
                0.28250731080052177,
                0.32825676571789086,
                0.3759011854622255,
                0.42540064028531765,
                0.47705638602699074,
                0.5314601297338082,
                0.5893491200541016,
                0.6513805095940373,
                0.7178622757511783,
                0.7884990051813574,
                0.8622221830967937,
                0.9371699598806233,
                1.0108576929298168,
                1.0805406597270049,
                1.1437233920314402,
                1.1987294759327567,
                1.2452242902395856,
                1.2845880714593298,
                1.3200657394939168,
                1.356662316825319,
                1.4007938212028515,
                1.4597312955306765,
                1.540886448500767,
                1.6509869656912397,
                1.7951894664793526,
                1.9761888938699481,
                2.1934079001276086,
                2.442381126941669,
                2.7144713754601937,
                2.997049605931198,
                3.274226329900939,
                3.5281381197933612,
                3.7406838321739797,
                3.8954965053019404,
                3.9798590998307497,
                3.9862508546498234,
                3.9132580081791786,
                3.765691287533887,
                3.55389823995233,
                3.2924054281871933,
                2.99813783156132,
                2.688515552679177,
                2.3797143091295525,
                2.0853080464032487,
                1.8154139896791748,
                1.5763604764325083,
                1.3708180660777187,
                1.1982856578786427,
                1.05580526076673,
                0.938783706777551,
                0.8418168441162793,
                0.7594335588818077,
                0.6866992630481339,
                0.6196404542664846,
                0.5554741208164731,
                0.49264805075296497,
                0.4307189328632205,
                0.37011177637100584,
                0.31181385277236795,
                0.2570574480203686,
                0.20703840891430575,
                0.16270377720500043,
                0.12462491474114482,
                0.09295591401587935,
                0.06746370259677728,
                0.047607925661566054,
                0.03264595103603428,
                0.021740509380978778,
                0.014053042314334931,
                0.008812910949886898,
                0.005359467587939318,
                0.003159349643109081,
                0.001804608330317614,
                0.0009984518444029913,
                0.0005349256464755977,
                0.0002774328779490444,
                0.00013925436571501183,
                6.763096375943164e-05,
                3.177445866072846e-05,
                1.4438636684183097e-05,
                6.344802523049355e-06,
                2.6958169635633873e-06,
                1.1073548313521016e-06,
                4.3970114123331074e-07
            ],
            "correctMedian": 0.5428035158511438,
            "incorrectMedian": 0.49870198760102147
        },
        "1": {
            "correct": [
                4.3970114123330136e-07,
                1.107354831352086e-06,
                2.695816963563368e-06,
                6.344802523049265e-06,
                1.4438636684182945e-05,
                3.177445866072823e-05,
                6.763096375943115e-05,
                0.0001392543657150113,
                0.00027743287794904244,
                0.0005349256464755957,
                0.0009984518444029896,
                0.0018046083303176078,
                0.003159349643109075,
                0.005359467587939303,
                0.008812910949886898,
                0.014053042314334881,
                0.021740509380978768,
                0.03264595103603432,
                0.04760792566156597,
                0.06746370259677731,
                0.09295591401587923,
                0.12462491474114482,
                0.16270377720500015,
                0.20703840891430583,
                0.25705744802036884,
                0.3118138527723678,
                0.3701117763710062,
                0.4307189328632203,
                0.4926480507529654,
                0.5554741208164736,
                0.6196404542664846,
                0.6866992630481341,
                0.7594335588818077,
                0.8418168441162793,
                0.9387837067775501,
                1.05580526076673,
                1.1982856578786427,
                1.3708180660777176,
                1.5763604764325083,
                1.8154139896791732,
                2.0853080464032523,
                2.3797143091295525,
                2.688515552679177,
                2.9981378315613254,
                3.292405428187196,
                3.5538982399523364,
                3.765691287533887,
                3.913258008179182,
                3.9862508546498234,
                3.979859099830757,
                3.895496505301947,
                3.7406838321739833,
                3.5281381197933612,
                3.274226329900942,
                2.997049605931198,
                2.7144713754601937,
                2.4423811269416666,
                2.1934079001276063,
                1.97618889386995,
                1.7951894664793526,
                1.6509869656912397,
                1.5408864485007685,
                1.459731295530679,
                1.400793821202854,
                1.3566623168253202,
                1.320065739493918,
                1.284588071459332,
                1.2452242902395867,
                1.1987294759327558,
                1.1437233920314382,
                1.0805406597270029,
                1.010857692929814,
                0.9371699598806209,
                0.8622221830967902,
                0.7884990051813546,
                0.7178622757511754,
                0.6513805095940344,
                0.5893491200540996,
                0.5314601297338053,
                0.4770563860269884,
                0.4254006402853152,
                0.37590118546222334,
                0.3282567657178888,
                0.28250731080052,
                0.23899824796911498,
                0.1982813767187201,
                0.16098319440829686,
                0.12767224319759615,
                0.09875167042609591,
                0.07439369318711896,
                0.05452147440876636,
                0.03883357947523538,
                0.026858761938010064,
                0.018025458079493784,
                0.011731032691982378,
                0.007399491944281309,
                0.004521495054373866,
                0.002675490744141497,
                0.0015325574238345785,
                0.0008495582805652434
            ],
            "incorrect": [
                2.662952465789624e-05,
                0.00010163600176388593,
                0.00035564495432644346,
                0.0011408588182588541,
                0.003353689774242706,
                0.00902937750679648,
                0.02225463648415711,
                0.05019802409635582,
                0.10363261122930083,
                0.1959411448461162,
                0.3397480253799819,
                0.541443219087168,
                0.795650738168877,
                1.0828278826004536,
                1.3721916650625208,
                1.629127382654761,
                1.823397882636841,
                1.934439866817411,
                1.9528681750562962,
                1.880093903117908,
                1.7279251908182327,
                1.5177508876331922,
                1.2775726930912237,
                1.0365500026139445,
                0.8191851967878672,
                0.6419304830752637,
                0.5132099448764416,
                0.43559514283263445,
                0.4081407168787661,
                0.4277289110730617,
                0.4894127943315979,
                0.5862892585467466,
                0.7094844647731997,
                0.8488234838162716,
                0.9946794487290664,
                1.1410247729213097,
                1.288819254313389,
                1.4481458207873983,
                1.6376618236988232,
                1.8810815974464248,
                2.201734409870544,
                2.6165355941963133,
                3.1295676625672297,
                3.724347334119531,
                4.355296310447535,
                4.943449504549732,
                5.384941599920914,
                5.577182065659827,
                5.455938908039867,
                5.025072623131394,
                4.360606394442243,
                3.5847195112308965,
                2.8230909817066734,
                2.167311493644283,
                1.6580385977487366,
                1.2907660942661083,
                1.034862651941997,
                0.8535959755058836,
                0.7170450577180213,
                0.6063054632410325,
                0.511888283063616,
                0.4301611959716533,
                0.36022845749616944,
                0.30189391222114065,
                0.25452578523542413,
                0.2166181543242349,
                0.18595597522767185,
                0.16021187233974057,
                0.13765304230916264,
                0.11760763492107709,
                0.10046852534738492,
                0.08722857187886539,
                0.07876113013436688,
                0.07519542190254311,
                0.07570079862139899,
                0.07876477278504578,
                0.08274365017295823,
                0.08630158502362086,
                0.08848376020877793,
                0.0885052244272657,
                0.08559026771479199,
                0.07913068849770023,
                0.06909740401463597,
                0.05635047440366517,
                0.042523960551111586,
                0.029485551382509464,
                0.018689668915084282,
                0.010790323844687004,
                0.005659717547641818,
                0.002692072043766965,
                0.0011596458933631727,
                0.00045192143260440264,
                0.00015919822632160066,
                5.065754414417403e-05,
                1.4551456089737963e-05,
                3.7711257107457812e-06,
                8.812442348294424e-07,
                1.8558794032773836e-07,
                3.520517302142669e-08,
                6.0124188247657245e-09
            ],
            "correctMedian": 0.5012980123989785,
            "incorrectMedian": 0.45719648414885633
        }
    },
    "calibrationData": [
        {
            "y": 0,
            "x": 0,
            "n": 0
        },
        {
            "y": 0.0,
            "x": 0.1674435053149445,
            "n": 393.0
        },
        {
            "y": 0.005847953216374269,
            "x": 0.22706805442145522,
            "n": 171.0
        },
        {
            "y": 0.018726591760299626,
            "x": 0.36013323112507123,
            "n": 267.0
        },
        {
            "y": 0.017557861133280128,
            "x": 0.4634895648811461,
            "n": 1253.0
        },
        {
            "y": 0.042440318302387266,
            "x": 0.5307147310904943,
            "n": 377.0
        },
        {
            "y": 0.1506849315068493,
            "x": 0.6385416110370546,
            "n": 73.0
        },
        {
            "y": 0.13636363636363635,
            "x": 0.7544997823966081,
            "n": 22.0
        },
        {
            "y": 0.08333333333333333,
            "x": 0.8215183957820652,
            "n": 12.0
        },
        {
            "y": 1,
            "x": 1,
            "n": 0
        }
    ],
    "probaDistribData": {
        "bins": [
            0.0,
            0.1,
            0.2,
            0.3,
            0.4,
            0.5,
            0.6,
            0.7,
            0.8,
            0.9,
            1.0
        ],
        "probaDistribs": [
            [
                0.0,
                393.0,
                170.0,
                262.0,
                1231.0,
                361.0,
                62.0,
                19.0,
                11.0,
                0.0
            ],
            [
                0.0,
                0.0,
                1.0,
                5.0,
                22.0,
                16.0,
                11.0,
                3.0,
                1.0,
                0.0
            ]
        ]
    },
    "globalMetrics": {
        "testWeight": 2568,
        "targetAvg": [
            0.022975077881619937
        ],
        "targetStd": [
            0.14985315550185466
        ],
        "predictionAvg": [
            0.041666666666666664
        ],
        "predictionStd": [
            0.19986523183057747
        ]
    }
}