[
    {
        "test_score_gib": 0.674064705882353,
        "train_score": 0.6939584657392368,
        "test_score": 0.674064705882353,
        "num_samples": 2568,
        "fit_time": 27,
        "score_time": 114,
        "time": 141,
        "parameters": {
            "C": 0.1,
            "penalty": "l2"
        },
        "best_iteration": null,
        "done_at": 1640287828252,
        "split_id": 0
    },
    {
        "test_score_gib": 0.6551149871713392,
        "train_score": 0.6901456466351671,
        "test_score": 0.6551149871713392,
        "num_samples": 2567,
        "fit_time": 73,
        "score_time": 121,
        "time": 194,
        "parameters": {
            "C": 0.1,
            "penalty": "l2"
        },
        "best_iteration": null,
        "done_at": 1640287828306,
        "split_id": 1
    },
    {
        "test_score_gib": 0.6989148600616717,
        "train_score": 0.6851198741975534,
        "test_score": 0.6989148600616717,
        "num_samples": 2567,
        "fit_time": 51,
        "score_time": 119,
        "time": 170,
        "parameters": {
            "C": 0.1,
            "penalty": "l2"
        },
        "best_iteration": null,
        "done_at": 1640287828288,
        "split_id": 2
    },
    {
        "test_score_gib": 0.6932655415107218,
        "train_score": 0.6889395862876511,
        "test_score": 0.6932655415107218,
        "num_samples": 2567,
        "fit_time": 37,
        "score_time": 66,
        "time": 103,
        "parameters": {
            "C": 0.1,
            "penalty": "l2"
        },
        "best_iteration": null,
        "done_at": 1640287828217,
        "split_id": 3
    },
    {
        "test_score_gib": 0.6755761127980604,
        "train_score": 0.692099173869808,
        "test_score": 0.6755761127980604,
        "num_samples": 2567,
        "fit_time": 30,
        "score_time": 93,
        "time": 123,
        "parameters": {
            "C": 0.1,
            "penalty": "l2"
        },
        "best_iteration": null,
        "done_at": 1640287828342,
        "split_id": 4
    },
    {
        "test_score_gib": 0.6749882352941177,
        "train_score": 0.6861362191935598,
        "test_score": 0.6749882352941177,
        "num_samples": 2568,
        "fit_time": 53,
        "score_time": 97,
        "time": 150,
        "parameters": {
            "C": 0.01,
            "penalty": "l2"
        },
        "best_iteration": null,
        "done_at": 1640287828404,
        "split_id": 0
    },
    {
        "test_score_gib": 0.6519490149000777,
        "train_score": 0.6866486416513189,
        "test_score": 0.6519490149000777,
        "num_samples": 2567,
        "fit_time": 27,
        "score_time": 144,
        "time": 171,
        "parameters": {
            "C": 0.01,
            "penalty": "l2"
        },
        "best_iteration": null,
        "done_at": 1640287828476,
        "split_id": 1
    },
    {
        "test_score_gib": 0.6747110608949461,
        "train_score": 0.6791923606493713,
        "test_score": 0.6747110608949461,
        "num_samples": 2567,
        "fit_time": 57,
        "score_time": 121,
        "time": 178,
        "parameters": {
            "C": 0.01,
            "penalty": "l2"
        },
        "best_iteration": null,
        "done_at": 1640287828503,
        "split_id": 2
    },
    {
        "test_score_gib": 0.6901819551349951,
        "train_score": 0.6785717700604299,
        "test_score": 0.6901819551349951,
        "num_samples": 2567,
        "fit_time": 36,
        "score_time": 91,
        "time": 127,
        "parameters": {
            "C": 0.01,
            "penalty": "l2"
        },
        "best_iteration": null,
        "done_at": 1640287828492,
        "split_id": 3
    },
    {
        "test_score_gib": 0.669838523644752,
        "train_score": 0.6873540003177423,
        "test_score": 0.669838523644752,
        "num_samples": 2567,
        "fit_time": 19,
        "score_time": 92,
        "time": 111,
        "parameters": {
            "C": 0.01,
            "penalty": "l2"
        },
        "best_iteration": null,
        "done_at": 1640287828532,
        "split_id": 4
    },
    {
        "test_score_gib": 0.6712882352941176,
        "train_score": 0.6938356224842879,
        "test_score": 0.6712882352941176,
        "num_samples": 2568,
        "fit_time": 97,
        "score_time": 74,
        "time": 171,
        "parameters": {
            "C": 10.0,
            "penalty": "l2"
        },
        "best_iteration": null,
        "done_at": 1640287828651,
        "split_id": 0
    },
    {
        "test_score_gib": 0.6557152272673776,
        "train_score": 0.6919910531983124,
        "test_score": 0.6557152272673776,
        "num_samples": 2567,
        "fit_time": 82,
        "score_time": 130,
        "time": 212,
        "parameters": {
            "C": 10.0,
            "penalty": "l2"
        },
        "best_iteration": null,
        "done_at": 1640287828716,
        "split_id": 1
    },
    {
        "test_score_gib": 0.7027634583245064,
        "train_score": 0.6852026196094123,
        "test_score": 0.7027634583245064,
        "num_samples": 2567,
        "fit_time": 73,
        "score_time": 80,
        "time": 153,
        "parameters": {
            "C": 10.0,
            "penalty": "l2"
        },
        "best_iteration": null,
        "done_at": 1640287828672,
        "split_id": 2
    },
    {
        "test_score_gib": 0.6947837958712897,
        "train_score": 0.6899457704958547,
        "test_score": 0.6947837958712897,
        "num_samples": 2567,
        "fit_time": 96,
        "score_time": 52,
        "time": 148,
        "parameters": {
            "C": 10.0,
            "penalty": "l2"
        },
        "best_iteration": null,
        "done_at": 1640287828682,
        "split_id": 3
    },
    {
        "test_score_gib": 0.6757585387096015,
        "train_score": 0.6910937251763766,
        "test_score": 0.6757585387096015,
        "num_samples": 2567,
        "fit_time": 131,
        "score_time": 61,
        "time": 192,
        "parameters": {
            "C": 10.0,
            "penalty": "l2"
        },
        "best_iteration": null,
        "done_at": 1640287828848,
        "split_id": 4
    },
    {
        "test_score_gib": 0.6715588235294118,
        "train_score": 0.6936509898076878,
        "test_score": 0.6715588235294118,
        "num_samples": 2568,
        "fit_time": 42,
        "score_time": 120,
        "time": 162,
        "parameters": {
            "C": 1.0,
            "penalty": "l2"
        },
        "best_iteration": null,
        "done_at": 1640287828843,
        "split_id": 0
    },
    {
        "test_score_gib": 0.6562860438292965,
        "train_score": 0.6917906254229209,
        "test_score": 0.6562860438292965,
        "num_samples": 2567,
        "fit_time": 98,
        "score_time": 73,
        "time": 171,
        "parameters": {
            "C": 1.0,
            "penalty": "l2"
        },
        "best_iteration": null,
        "done_at": 1640287828873,
        "split_id": 1
    },
    {
        "test_score_gib": 0.7025751477061413,
        "train_score": 0.6849727712431377,
        "test_score": 0.7025751477061413,
        "num_samples": 2567,
        "fit_time": 54,
        "score_time": 103,
        "time": 157,
        "parameters": {
            "C": 1.0,
            "penalty": "l2"
        },
        "best_iteration": null,
        "done_at": 1640287828885,
        "split_id": 2
    },
    {
        "test_score_gib": 0.6945484075983334,
        "train_score": 0.689725483821617,
        "test_score": 0.6945484075983334,
        "num_samples": 2567,
        "fit_time": 64,
        "score_time": 56,
        "time": 120,
        "parameters": {
            "C": 1.0,
            "penalty": "l2"
        },
        "best_iteration": null,
        "done_at": 1640287828988,
        "split_id": 3
    },
    {
        "test_score_gib": 0.6759586187416144,
        "train_score": 0.691387931085208,
        "test_score": 0.6759586187416144,
        "num_samples": 2567,
        "fit_time": 93,
        "score_time": 89,
        "time": 182,
        "parameters": {
            "C": 1.0,
            "penalty": "l2"
        },
        "best_iteration": null,
        "done_at": 1640287829076,
        "split_id": 4
    },
    {
        "test_score_gib": 0.6712058823529412,
        "train_score": 0.6939176405856461,
        "test_score": 0.6712058823529412,
        "num_samples": 2568,
        "fit_time": 128,
        "score_time": 110,
        "time": 238,
        "parameters": {
            "C": 100.0,
            "penalty": "l2"
        },
        "best_iteration": null,
        "done_at": 1640287829125,
        "split_id": 0
    },
    {
        "test_score_gib": 0.6555328013558365,
        "train_score": 0.6920432747471301,
        "test_score": 0.6555328013558365,
        "num_samples": 2567,
        "fit_time": 132,
        "score_time": 160,
        "time": 292,
        "parameters": {
            "C": 100.0,
            "penalty": "l2"
        },
        "best_iteration": null,
        "done_at": 1640287829193,
        "split_id": 1
    },
    {
        "test_score_gib": 0.7029223454087516,
        "train_score": 0.6853482515342838,
        "test_score": 0.7029223454087516,
        "num_samples": 2567,
        "fit_time": 85,
        "score_time": 112,
        "time": 197,
        "parameters": {
            "C": 100.0,
            "penalty": "l2"
        },
        "best_iteration": null,
        "done_at": 1640287829208,
        "split_id": 2
    },
    {
        "test_score_gib": 0.6946837558552832,
        "train_score": 0.6899836495066167,
        "test_score": 0.6946837558552832,
        "num_samples": 2567,
        "fit_time": 107,
        "score_time": 46,
        "time": 153,
        "parameters": {
            "C": 100.0,
            "penalty": "l2"
        },
        "best_iteration": null,
        "done_at": 1640287829265,
        "split_id": 3
    },
    {
        "test_score_gib": 0.6757467692959537,
        "train_score": 0.6910856345138836,
        "test_score": 0.6757467692959537,
        "num_samples": 2567,
        "fit_time": 83,
        "score_time": 34,
        "time": 117,
        "parameters": {
            "C": 100.0,
            "penalty": "l2"
        },
        "best_iteration": null,
        "done_at": 1640287829254,
        "split_id": 4
    }
]