{
    "startedAt": 1640287828107,
    "gridSize": 5,
    "nThreads": 4,
    "nSplits": 5,
    "metric": "ROC_AUC",
    "timeout": null,
    "gridPoints": [
        {
            "finishedAt": 1640287828342,
            "score": 0.6793868268279577,
            "testScoreGibMean": 0.6793868268279577,
            "testScoreMean": 0.6793868268279577,
            "testScoreStd": 0.015529640050943242,
            "trainScoreMean": 0.690052853639775,
            "trainScoreStd": 0.0030008641249237664,
            "time": 731,
            "fitTimeMean": 43.6,
            "fitTimeStd": 16.871277367170514,
            "scoreTimeMean": 102.6,
            "scoreTimeStd": 20.828826179120128,
            "best_iteration": null,
            "parameters": {
                "C": 0.1,
                "penalty": "l2"
            }
        },
        {
            "finishedAt": 1640287828532,
            "score": 0.6723339647731951,
            "testScoreGibMean": 0.6723339647731951,
            "testScoreMean": 0.6723339647731951,
            "testScoreStd": 0.012271625689277617,
            "trainScoreMean": 0.6835807974723981,
            "trainScoreStd": 0.003860683325787654,
            "time": 737,
            "fitTimeMean": 38.4,
            "fitTimeStd": 14.63693957082559,
            "scoreTimeMean": 109.0,
            "scoreTimeStd": 20.620378270051205,
            "best_iteration": null,
            "parameters": {
                "C": 0.01,
                "penalty": "l2"
            }
        },
        {
            "finishedAt": 1640287828848,
            "score": 0.6800611675770338,
            "testScoreGibMean": 0.6800611675770338,
            "testScoreMean": 0.6800611675770338,
            "testScoreStd": 0.016853906851363242,
            "trainScoreMean": 0.6904140247762307,
            "trainScoreStd": 0.0028995045668004527,
            "time": 876,
            "fitTimeMean": 95.8,
            "fitTimeStd": 19.75246820020222,
            "scoreTimeMean": 79.4,
            "scoreTimeStd": 27.126370933097554,
            "best_iteration": null,
            "parameters": {
                "C": 10.0,
                "penalty": "l2"
            }
        },
        {
            "finishedAt": 1640287829076,
            "score": 0.6801847362191996,
            "testScoreGibMean": 0.6801847362191996,
            "testScoreMean": 0.6801847362191996,
            "testScoreStd": 0.016558874892433198,
            "trainScoreMean": 0.6903058209047782,
            "trainScoreStd": 0.0029443149918620447,
            "time": 792,
            "fitTimeMean": 70.2,
            "fitTimeStd": 21.8577217477028,
            "scoreTimeMean": 88.2,
            "scoreTimeStd": 22.355312567709714,
            "best_iteration": null,
            "parameters": {
                "C": 1.0,
                "penalty": "l2"
            }
        },
        {
            "finishedAt": 1640287829265,
            "score": 0.6800176243136705,
            "testScoreGibMean": 0.6800176243136705,
            "testScoreMean": 0.6800176243136705,
            "testScoreStd": 0.016941273026940047,
            "trainScoreMean": 0.690475958325721,
            "trainScoreStd": 0.0028709061678441014,
            "time": 997,
            "fitTimeMean": 107.0,
            "fitTimeStd": 20.620378270051205,
            "scoreTimeMean": 92.4,
            "scoreTimeStd": 46.53428843336922,
            "best_iteration": null,
            "parameters": {
                "C": 100.0,
                "penalty": "l2"
            }
        }
    ]
}