{
    "modelInputNRows": 12836,
    "modelInputNCols": 19,
    "modelInputIsSparse": false,
    "modelInputMemory": 1951072,
    "usedGridSearch": true,
    "gridSize": 5,
    "gridBestScore": 0.6801847362191996,
    "gridCells": [
        {
            "params": {
                "C": 0.1,
                "penalty": "l2"
            },
            "score": 0.6793868268279577,
            "scoreStd": 0.015529640050943242,
            "fitTime": 0.0436,
            "fitTimeStd": 0.016871277367170513,
            "scoreTime": 0.1026,
            "scoreTimeStd": 0.020828826179120127
        },
        {
            "params": {
                "C": 0.01,
                "penalty": "l2"
            },
            "score": 0.6723339647731951,
            "scoreStd": 0.012271625689277617,
            "fitTime": 0.0384,
            "fitTimeStd": 0.01463693957082559,
            "scoreTime": 0.109,
            "scoreTimeStd": 0.020620378270051205
        },
        {
            "params": {
                "C": 10.0,
                "penalty": "l2"
            },
            "score": 0.6800611675770338,
            "scoreStd": 0.016853906851363242,
            "fitTime": 0.0958,
            "fitTimeStd": 0.019752468200202218,
            "scoreTime": 0.07940000000000001,
            "scoreTimeStd": 0.027126370933097554
        },
        {
            "params": {
                "C": 1.0,
                "penalty": "l2"
            },
            "score": 0.6801847362191996,
            "scoreStd": 0.016558874892433198,
            "fitTime": 0.0702,
            "fitTimeStd": 0.0218577217477028,
            "scoreTime": 0.0882,
            "scoreTimeStd": 0.022355312567709715
        },
        {
            "params": {
                "C": 100.0,
                "penalty": "l2"
            },
            "score": 0.6800176243136705,
            "scoreStd": 0.016941273026940047,
            "fitTime": 0.107,
            "fitTimeStd": 0.020620378270051205,
            "scoreTime": 0.09240000000000001,
            "scoreTimeStd": 0.04653428843336922
        }
    ],
    "lmCoefficients": {
        "variables": [
            "Latitude",
            "Longitude",
            "dummy:Crime Category:Crimes Against Property",
            "dummy:Crime Category:Crimes Against Person",
            "dummy:Crime Category:Crimes Against Morality",
            "dummy:Crime type:Violence and sexual offences",
            "dummy:Crime type:Criminal damage and arson",
            "dummy:Crime type:Public order",
            "dummy:Crime type:Shoplifting",
            "dummy:Crime type:Other theft",
            "dummy:Crime type:Burglary",
            "dummy:Crime type:Vehicle crime",
            "dummy:Crime type:Drugs",
            "dummy:Crime type:Bicycle theft",
            "dummy:Crime type:Other crime",
            "dummy:Crime type:Possession of weapons",
            "dummy:Crime type:Robbery"
        ],
        "coefs": [
            -0.0727951503973564,
            0.01301538869096992,
            -0.48985043817321344,
            -1.379214154298714,
            1.2021747664333557,
            1.8852590111131275,
            1.1856141783552248,
            -0.22576981547031727,
            1.501898727506601,
            -0.8602097779430323,
            -1.4202017172836874,
            -0.7327059743735779,
            1.0373271990110247,
            -0.16424587443246053,
            0.10215729874007659,
            0.3906173828925512,
            2.1320456524752753
        ],
        "interceptCoef": -0.5647325273005991,
        "interceptStderr": null,
        "interceptTstat": null,
        "interceptPvalue": null,
        "rescaledCoefs": [
            -0.41135620197233463,
            0.058602113187734756,
            -0.48985043817321344,
            -1.379214154298714,
            1.2021747664333557,
            1.8852590111131275,
            1.1856141783552248,
            -0.22576981547031727,
            1.501898727506601,
            -0.8602097779430323,
            -1.4202017172836874,
            -0.7327059743735779,
            1.0373271990110247,
            -0.16424587443246053,
            0.10215729874007659,
            0.3906173828925512,
            2.1320456524752753
        ],
        "rescaledInterceptCoef": 20.465681909164402
    },
    "probaAware": true
}