{
  "state": "DONE",
  "preSearchDescription": {
    "gridLength": 5,
    "searchStrategy": "GRID",
    "importantParams": [
      {
        "name": "penalty",
        "vals": [
          "l2"
        ]
      },
      {
        "name": "C",
        "vals": [
          "0.01",
          "0.1",
          "1.0",
          "10.0",
          "100.0"
        ]
      }
    ]
  },
  "postSearchDescription": {
    "importantParams": [
      {
        "name": "C",
        "val": "1.0"
      },
      {
        "name": "penalty",
        "val": "l2"
      }
    ]
  },
  "resumed": false,
  "timeOrderingEnabled": false,
  "sampleWeightsEnabled": false,
  "modelId": "m1",
  "progress": {
    "top_level_todo": [],
    "stack": [],
    "top_level_done": [
      {
        "name": "Loading source dataset",
        "time": 63
      },
      {
        "name": "Collecting statistics",
        "time": 11
      },
      {
        "name": "Preprocessing input",
        "time": 49
      },
      {
        "name": "Fitting global model",
        "time": 2094
      },
      {
        "name": "Saving model",
        "time": 3
      },
      {
        "name": "Computing global stats",
        "time": 34
      },
      {
        "name": "Fitting folds",
        "time": 4725
      }
    ]
  },
  "startTime": 1640287827923,
  "endTime": 1640287835560,
  "preprocessingTime": 125,
  "trainingTime": 7512,
  "hyperparamsSearchTime": 0
}