{
  "description": "Default test",
  "name": "Logistic Regression (test1)",
  "starred": false,
  "clusterMetas": {},
  "customMeta": {
    "kv": {}
  },
  "tags": [],
  "activeClassifierThreshold": 0.775,
  "labels": [
    {
      "key": "trainDataset:dataset-name",
      "value": "prepared"
    },
    {
      "key": "testDataset:dataset-name",
      "value": "prepared"
    },
    {
      "key": "model:algorithm",
      "value": "LOGISTIC_REGRESSION"
    },
    {
      "key": "model:date",
      "value": "2021-12-23 19:30:35"
    }
  ]
}