{
  "projectKey": "Test",
  "id": "UPDATETABLEAU",
  "type": "step_based",
  "name": "Update Tableau",
  "active": false,
  "creationTag": {
    "versionNumber": 35,
    "lastModifiedBy": {
      "login": "michael"
    },
    "lastModifiedOn": 1640712194184
  },
  "versionTag": {
    "versionNumber": 36,
    "lastModifiedBy": {
      "login": "michael"
    },
    "lastModifiedOn": 1642458408120
  },
  "checklists": {
    "checklists": []
  },
  "delayedTriggersBehavior": {
    "delayWhileRunning": true,
    "squashDelayedTriggers": true,
    "suppressTriggersWhileRunning": true
  },
  "tags": [],
  "triggers": [
    {
      "id": "ytFPGzcg",
      "type": "temporal",
      "name": "Time-based",
      "delay": 5,
      "active": true,
      "params": {
        "repeatFrequency": 1,
        "frequency": "Weekly",
        "startingFrom": "2021-12-28T17:03:00.000Z",
        "daysOfWeek": [
          "Tuesday"
        ],
        "minute": 24,
        "hour": 11,
        "timezone": "SERVER"
      }
    }
  ],
  "reporters": [],
  "params": {
    "steps": [
      {
        "id": "build_0_true_f_Stnjef09",
        "type": "build_flowitem",
        "name": "Update Tableau Extract",
        "runConditionType": "RUN_IF_STATUS_MATCH",
        "runConditionStatuses": [
          "SUCCESS",
          "WARNING"
        ],
        "runConditionExpression": "",
        "resetScenarioStatus": false,
        "delayBetweenRetries": 10,
        "maxRetriesOnFail": 0,
        "params": {
          "builds": [
            {
              "type": "MANAGED_FOLDER",
              "itemId": "DKCfB7sy",
              "partitionsSpec": ""
            }
          ],
          "jobType": "RECURSIVE_BUILD",
          "refreshHiveMetastore": true,
          "proceedOnFailure": false
        }
      }
    ]
  },
  "automationLocal": false,
  "customFields": {}
}