{
  "type": "export",
  "neverRecomputeExistingPartitions": false,
  "optionalDependencies": false,
  "params": {
    "clearOutputPartition": false,
    "exportParams": {
      "destinationType": "CUSTOM_MANAGED",
      "temporaryFileBehavior": "AUTO",
      "originatingOptionId": "tableau-hyper_upload-6f5a4d428b091eb07cc7113aa2a92632",
      "format": {
        "type": "csv",
        "params": {
          "style": "excel",
          "charset": "utf8",
          "separator": "\t",
          "quoteChar": "\"",
          "escapeChar": "\\",
          "dateSerializationFormat": "ISO",
          "arrayMapFormat": "json",
          "hiveSeparators": [
            "\u0002",
            "\u0003",
            "\u0004",
            "\u0005",
            "\u0006",
            "\u0007",
            "\b"
          ],
          "skipRowsBeforeHeader": 0,
          "parseHeaderRow": false,
          "skipRowsAfterHeader": 0,
          "probableNumberOfRecords": 0,
          "normalizeBooleans": false,
          "normalizeDoubles": true,
          "readAdditionalColumnsBehavior": "INSERT_IN_DATA_WARNING",
          "readMissingColumnsBehavior": "DISCARD_SILENT",
          "readDataTypeMismatchBehavior": "DISCARD_WARNING",
          "writeDataTypeMismatchBehavior": "DISCARD_WARNING",
          "fileReadFailureBehavior": "FAIL",
          "compress": ""
        }
      },
      "destinationDatasetProjectKey": "MICHAELCONUNDRUM2",
      "overwriteDestinationDataset": false,
      "exporterType": "exporter_tableau-hyper-export_tableau-hyper_upload",
      "config": {
        "usePreset": false,
        "ignore_ssl": false,
        "project": "default",
        "output_table": "Hoodie Orders (Dataiku)",
        "tableau_server_connection": {
          "mode": "NONE"
        },
        "server_url": "https://prod-useast-a.online.tableau.com",
        "username": "user@doman.com",
        "password": "Password",
        "site_id": "Site-ID",
        "ssl_cert_path": ""
      },
      "selection": {
        "useMemTable": false,
        "filter": {
          "distinct": false,
          "enabled": false
        },
        "partitionSelectionMethod": "ALL",
        "selectedPartitions": [],
        "latestPartitionsN": 1,
        "ordering": {
          "enabled": false,
          "rules": []
        },
        "samplingMethod": "FULL",
        "maxRecords": 100000,
        "targetRatio": 0.02,
        "withinFirstN": -1,
        "maxReadUncompressedBytes": -1
      }
    }
  },
  "customMeta": {
    "kv": {}
  },
  "redispatchPartitioning": false,
  "maxRunningActivities": 0,
  "variables": {},
  "dkuProperties": [],
  "inputs": {
    "main": {
      "items": [
        {
          "ref": "export_to_tableau",
          "deps": []
        }
      ]
    }
  },
  "outputs": {
    "main": {
      "items": [
        {
          "ref": "DKCfB7sy",
          "appendMode": false
        }
      ]
    }
  },
  "labels": [],
  "versionTag": {
    "versionNumber": 2,
    "lastModifiedBy": {
      "login": "michael"
    },
    "lastModifiedOn": 1642458540333
  },
  "creationTag": {
    "versionNumber": 0,
    "lastModifiedBy": {
      "login": "michael"
    },
    "lastModifiedOn": 1640710862436
  },
  "tags": [],
  "customFields": {},
  "checklists": {
    "checklists": []
  }
}