[
    {
        "test_score_gib": 0.7054738755455414,
        "train_score": 0.708361268964858,
        "test_score": 0.7054738755455414,
        "num_samples": 2046,
        "fit_time": 28,
        "score_time": 124,
        "time": 152,
        "parameters": {
            "C": 0.1,
            "penalty": "l2"
        },
        "best_iteration": null,
        "done_at": 1640298796158,
        "split_id": 0
    },
    {
        "test_score_gib": 0.6832072631568982,
        "train_score": 0.7115787964075075,
        "test_score": 0.6832072631568982,
        "num_samples": 2046,
        "fit_time": 78,
        "score_time": 37,
        "time": 115,
        "parameters": {
            "C": 0.1,
            "penalty": "l2"
        },
        "best_iteration": null,
        "done_at": 1640298796122,
        "split_id": 1
    },
    {
        "test_score_gib": 0.6449571872395241,
        "train_score": 0.7231836649339787,
        "test_score": 0.6449571872395241,
        "num_samples": 2045,
        "fit_time": 27,
        "score_time": 87,
        "time": 114,
        "parameters": {
            "C": 0.1,
            "penalty": "l2"
        },
        "best_iteration": null,
        "done_at": 1640298796124,
        "split_id": 2
    },
    {
        "test_score_gib": 0.7026326459684893,
        "train_score": 0.7087481491612504,
        "test_score": 0.7026326459684893,
        "num_samples": 2044,
        "fit_time": 36,
        "score_time": 32,
        "time": 68,
        "parameters": {
            "C": 0.1,
            "penalty": "l2"
        },
        "best_iteration": null,
        "done_at": 1640298796078,
        "split_id": 3
    },
    {
        "test_score_gib": 0.7232198022860674,
        "train_score": 0.7041030642159282,
        "test_score": 0.7232198022860674,
        "num_samples": 2044,
        "fit_time": 74,
        "score_time": 59,
        "time": 133,
        "parameters": {
            "C": 0.1,
            "penalty": "l2"
        },
        "best_iteration": null,
        "done_at": 1640298796222,
        "split_id": 4
    },
    {
        "test_score_gib": 0.6995853411468442,
        "train_score": 0.6936166335024411,
        "test_score": 0.6995853411468442,
        "num_samples": 2046,
        "fit_time": 22,
        "score_time": 30,
        "time": 52,
        "parameters": {
            "C": 0.01,
            "penalty": "l2"
        },
        "best_iteration": null,
        "done_at": 1640298796176,
        "split_id": 0
    },
    {
        "test_score_gib": 0.6645854831533007,
        "train_score": 0.6985646762155735,
        "test_score": 0.6645854831533007,
        "num_samples": 2046,
        "fit_time": 39,
        "score_time": 103,
        "time": 142,
        "parameters": {
            "C": 0.01,
            "penalty": "l2"
        },
        "best_iteration": null,
        "done_at": 1640298796270,
        "split_id": 1
    },
    {
        "test_score_gib": 0.632615367128893,
        "train_score": 0.7125246459939057,
        "test_score": 0.632615367128893,
        "num_samples": 2045,
        "fit_time": 24,
        "score_time": 111,
        "time": 135,
        "parameters": {
            "C": 0.01,
            "penalty": "l2"
        },
        "best_iteration": null,
        "done_at": 1640298796295,
        "split_id": 2
    },
    {
        "test_score_gib": 0.6956624575223973,
        "train_score": 0.6987979211141306,
        "test_score": 0.6956624575223973,
        "num_samples": 2044,
        "fit_time": 126,
        "score_time": 111,
        "time": 237,
        "parameters": {
            "C": 0.01,
            "penalty": "l2"
        },
        "best_iteration": null,
        "done_at": 1640298796436,
        "split_id": 3
    },
    {
        "test_score_gib": 0.7177652919369786,
        "train_score": 0.6967871223248319,
        "test_score": 0.7177652919369786,
        "num_samples": 2044,
        "fit_time": 27,
        "score_time": 71,
        "time": 98,
        "parameters": {
            "C": 0.01,
            "penalty": "l2"
        },
        "best_iteration": null,
        "done_at": 1640298796352,
        "split_id": 4
    },
    {
        "test_score_gib": 0.7022266612388642,
        "train_score": 0.7109911024266653,
        "test_score": 0.7022266612388642,
        "num_samples": 2046,
        "fit_time": 113,
        "score_time": 91,
        "time": 204,
        "parameters": {
            "C": 10.0,
            "penalty": "l2"
        },
        "best_iteration": null,
        "done_at": 1640298796500,
        "split_id": 0
    },
    {
        "test_score_gib": 0.6783127739541224,
        "train_score": 0.711642734644366,
        "test_score": 0.6783127739541224,
        "num_samples": 2046,
        "fit_time": 52,
        "score_time": 79,
        "time": 131,
        "parameters": {
            "C": 10.0,
            "penalty": "l2"
        },
        "best_iteration": null,
        "done_at": 1640298796455,
        "split_id": 1
    },
    {
        "test_score_gib": 0.6486038493597029,
        "train_score": 0.7257659676166577,
        "test_score": 0.6486038493597029,
        "num_samples": 2045,
        "fit_time": 54,
        "score_time": 105,
        "time": 159,
        "parameters": {
            "C": 10.0,
            "penalty": "l2"
        },
        "best_iteration": null,
        "done_at": 1640298796523,
        "split_id": 2
    },
    {
        "test_score_gib": 0.7069190222428174,
        "train_score": 0.7113616226727003,
        "test_score": 0.7069190222428174,
        "num_samples": 2044,
        "fit_time": 70,
        "score_time": 70,
        "time": 140,
        "parameters": {
            "C": 10.0,
            "penalty": "l2"
        },
        "best_iteration": null,
        "done_at": 1640298796577,
        "split_id": 3
    },
    {
        "test_score_gib": 0.7205552981155391,
        "train_score": 0.7063900765310673,
        "test_score": 0.7205552981155391,
        "num_samples": 2044,
        "fit_time": 101,
        "score_time": 137,
        "time": 238,
        "parameters": {
            "C": 10.0,
            "penalty": "l2"
        },
        "best_iteration": null,
        "done_at": 1640298796706,
        "split_id": 4
    },
    {
        "test_score_gib": 0.7022929309185924,
        "train_score": 0.7109193959928055,
        "test_score": 0.7022929309185924,
        "num_samples": 2046,
        "fit_time": 34,
        "score_time": 71,
        "time": 105,
        "parameters": {
            "C": 1.0,
            "penalty": "l2"
        },
        "best_iteration": null,
        "done_at": 1640298796618,
        "split_id": 0
    },
    {
        "test_score_gib": 0.678681990741179,
        "train_score": 0.7118172203000914,
        "test_score": 0.678681990741179,
        "num_samples": 2046,
        "fit_time": 52,
        "score_time": 65,
        "time": 117,
        "parameters": {
            "C": 1.0,
            "penalty": "l2"
        },
        "best_iteration": null,
        "done_at": 1640298796641,
        "split_id": 1
    },
    {
        "test_score_gib": 0.6478176858376904,
        "train_score": 0.7256130130847822,
        "test_score": 0.6478176858376904,
        "num_samples": 2045,
        "fit_time": 72,
        "score_time": 158,
        "time": 230,
        "parameters": {
            "C": 1.0,
            "penalty": "l2"
        },
        "best_iteration": null,
        "done_at": 1640298796815,
        "split_id": 2
    },
    {
        "test_score_gib": 0.7064652842137782,
        "train_score": 0.7112777774474183,
        "test_score": 0.7064652842137782,
        "num_samples": 2044,
        "fit_time": 57,
        "score_time": 63,
        "time": 120,
        "parameters": {
            "C": 1.0,
            "penalty": "l2"
        },
        "best_iteration": null,
        "done_at": 1640298796739,
        "split_id": 3
    },
    {
        "test_score_gib": 0.721298656163114,
        "train_score": 0.7059625253468278,
        "test_score": 0.721298656163114,
        "num_samples": 2044,
        "fit_time": 53,
        "score_time": 142,
        "time": 195,
        "parameters": {
            "C": 1.0,
            "penalty": "l2"
        },
        "best_iteration": null,
        "done_at": 1640298796882,
        "split_id": 4
    },
    {
        "test_score_gib": 0.7021130560736161,
        "train_score": 0.7109952853019738,
        "test_score": 0.7021130560736161,
        "num_samples": 2046,
        "fit_time": 67,
        "score_time": 66,
        "time": 133,
        "parameters": {
            "C": 100.0,
            "penalty": "l2"
        },
        "best_iteration": null,
        "done_at": 1640298796850,
        "split_id": 0
    },
    {
        "test_score_gib": 0.6780950307207302,
        "train_score": 0.7116349664473645,
        "test_score": 0.6780950307207302,
        "num_samples": 2046,
        "fit_time": 63,
        "score_time": 70,
        "time": 133,
        "parameters": {
            "C": 100.0,
            "penalty": "l2"
        },
        "best_iteration": null,
        "done_at": 1640298796933,
        "split_id": 1
    },
    {
        "test_score_gib": 0.6486606804576798,
        "train_score": 0.7258215331301906,
        "test_score": 0.6486606804576798,
        "num_samples": 2045,
        "fit_time": 107,
        "score_time": 46,
        "time": 153,
        "parameters": {
            "C": 100.0,
            "penalty": "l2"
        },
        "best_iteration": null,
        "done_at": 1640298796970,
        "split_id": 2
    },
    {
        "test_score_gib": 0.7069093682421995,
        "train_score": 0.7113348635582486,
        "test_score": 0.7069093682421995,
        "num_samples": 2044,
        "fit_time": 107,
        "score_time": 39,
        "time": 146,
        "parameters": {
            "C": 100.0,
            "penalty": "l2"
        },
        "best_iteration": null,
        "done_at": 1640298797016,
        "split_id": 3
    },
    {
        "test_score_gib": 0.7206035681186284,
        "train_score": 0.7063740210623963,
        "test_score": 0.7206035681186284,
        "num_samples": 2044,
        "fit_time": 83,
        "score_time": 22,
        "time": 105,
        "parameters": {
            "C": 100.0,
            "penalty": "l2"
        },
        "best_iteration": null,
        "done_at": 1640298796999,
        "split_id": 4
    }
]