{
    "startedAt": 1640298796003,
    "gridSize": 5,
    "nThreads": 4,
    "nSplits": 5,
    "metric": "ROC_AUC",
    "timeout": null,
    "gridPoints": [
        {
            "finishedAt": 1640298796222,
            "score": 0.6918945195034066,
            "testScoreGibMean": 0.6918945195034066,
            "testScoreMean": 0.6918945195034066,
            "testScoreStd": 0.02668015008953913,
            "trainScoreMean": 0.7111956820229632,
            "trainScoreStd": 0.006452356540882195,
            "time": 582,
            "fitTimeMean": 48.6,
            "fitTimeStd": 22.623881187806834,
            "scoreTimeMean": 67.8,
            "scoreTimeStd": 34.16079624364748,
            "best_iteration": null,
            "parameters": {
                "C": 0.1,
                "penalty": "l2"
            }
        },
        {
            "finishedAt": 1640298796436,
            "score": 0.6820379708744887,
            "testScoreGibMean": 0.6820379708744887,
            "testScoreMean": 0.6820379708744887,
            "testScoreStd": 0.03005576803840664,
            "trainScoreMean": 0.700057866946683,
            "trainScoreStd": 0.006502926904468796,
            "time": 664,
            "fitTimeMean": 47.6,
            "fitTimeStd": 39.64139250833654,
            "scoreTimeMean": 85.2,
            "scoreTimeStd": 31.29472799050984,
            "best_iteration": null,
            "parameters": {
                "C": 0.01,
                "penalty": "l2"
            }
        },
        {
            "finishedAt": 1640298796706,
            "score": 0.6913189307733911,
            "testScoreGibMean": 0.6913189307733911,
            "testScoreMean": 0.6913189307733911,
            "testScoreStd": 0.02533949023050901,
            "trainScoreMean": 0.7132307782489874,
            "trainScoreStd": 0.006556478326555592,
            "time": 872,
            "fitTimeMean": 78.0,
            "fitTimeStd": 24.779023386727733,
            "scoreTimeMean": 96.4,
            "scoreTimeStd": 23.4571950582332,
            "best_iteration": null,
            "parameters": {
                "C": 10.0,
                "penalty": "l2"
            }
        },
        {
            "finishedAt": 1640298796882,
            "score": 0.6913067336317199,
            "testScoreGibMean": 0.6913067336317199,
            "testScoreMean": 0.6913067336317199,
            "testScoreStd": 0.025691476213094547,
            "trainScoreMean": 0.7131185239711575,
            "trainScoreStd": 0.006591129989573752,
            "time": 767,
            "fitTimeMean": 53.6,
            "fitTimeStd": 12.142487389328432,
            "scoreTimeMean": 99.8,
            "scoreTimeStd": 41.38308833327933,
            "best_iteration": null,
            "parameters": {
                "C": 1.0,
                "penalty": "l2"
            }
        },
        {
            "finishedAt": 1640298797016,
            "score": 0.6912717143314151,
            "testScoreGibMean": 0.6912717143314151,
            "testScoreMean": 0.6912717143314151,
            "testScoreStd": 0.025343069435003685,
            "trainScoreMean": 0.7132326152073335,
            "trainScoreStd": 0.006582699876220564,
            "time": 670,
            "fitTimeMean": 85.4,
            "fitTimeStd": 18.863721796082555,
            "scoreTimeMean": 48.6,
            "scoreTimeStd": 17.70423678106458,
            "best_iteration": null,
            "parameters": {
                "C": 100.0,
                "penalty": "l2"
            }
        }
    ]
}