{
  "description": "",
  "name": "Logistic Regression (Test 3)",
  "starred": false,
  "clusterMetas": {},
  "customMeta": {
    "kv": {}
  },
  "tags": [],
  "activeClassifierThreshold": 0.775,
  "labels": [
    {
      "key": "trainDataset:dataset-name",
      "value": "prepared_python"
    },
    {
      "key": "testDataset:dataset-name",
      "value": "prepared_python"
    },
    {
      "key": "model:algorithm",
      "value": "LOGISTIC_REGRESSION"
    },
    {
      "key": "model:date",
      "value": "2021-12-23 22:33:19"
    }
  ]
}