{
  "inputDatasetSmartName": "prepared",
  "script": {
    "steps": [
      {
        "type": "FindReplace",
        "params": {
          "output": "",
          "normalization": "LOWERCASE",
          "matching": "PATTERN",
          "stopAfterFirstMatch": false,
          "mapping": [
            {
              "from": "on or near"
            },
            {
              "from": ".*(road|lane|way|place|street|close)",
              "to": "Residential"
            }
          ],
          "appliesTo": "PATTERN",
          "columns": [
            "Location"
          ],
          "appliesToPattern": "Location"
        },
        "metaType": "PROCESSOR",
        "preview": false,
        "disabled": false,
        "alwaysShowComment": false
      },
      {
        "type": "FindReplace",
        "params": {
          "output": "",
          "normalization": "EXACT",
          "matching": "FULL_STRING",
          "stopAfterFirstMatch": false,
          "mapping": [
            {
              "from": " Sports/Recreation Area",
              "to": "Recreation"
            },
            {
              "from": " Park/Open Space",
              "to": "Recreation"
            },
            {
              "from": "Residential Service Area",
              "to": "Residential"
            },
            {
              "from": "Residential East",
              "to": "Residential"
            },
            {
              "from": "Residential North",
              "to": "Residential"
            },
            {
              "from": "Residential West",
              "to": "Residential"
            },
            {
              "from": "Residential South",
              "to": "Residential"
            },
            {
              "from": "Residentials",
              "to": "Residential"
            },
            {
              "from": " Supermarket",
              "to": "Building"
            },
            {
              "from": " Shopping Area",
              "to": "Building"
            },
            {
              "from": "Store",
              "to": "Building"
            },
            {
              "from": " Nightclub",
              "to": "Building"
            },
            {
              "from": " Further/Higher Educational Building",
              "to": "Building"
            },
            {
              "from": " Police Station",
              "to": "Building"
            },
            {
              "from": " Bus/Coach Station",
              "to": "Building"
            },
            {
              "from": " Hospital",
              "to": "Building"
            },
            {
              "from": " Theatre/Concert Hall",
              "to": "Building"
            },
            {
              "from": " Prison",
              "to": "Building"
            },
            {
              "from": " Petrol Station",
              "to": "Building"
            },
            {
              "from": "",
              "to": ""
            }
          ],
          "appliesTo": "SINGLE_COLUMN",
          "columns": [
            "Location"
          ]
        },
        "metaType": "PROCESSOR",
        "preview": false,
        "disabled": false,
        "alwaysShowComment": false
      },
      {
        "type": "LongTailGrouper",
        "params": {
          "column": "Location",
          "replace": "Others",
          "toKeep": [
            "Residential",
            "Building",
            " Parking Area",
            "Recreation"
          ]
        },
        "metaType": "PROCESSOR",
        "preview": false,
        "disabled": false,
        "alwaysShowComment": false
      }
    ],
    "maxProcessedMemTableBytes": -1,
    "columnsSelection": {
      "mode": "ALL"
    },
    "columnWidthsByName": {
      "1": 100,
      "Date": 183,
      "Longitude": 113,
      "Latitude": 106,
      "Location": 300,
      "LSOA name": 197,
      "Crime type": 211,
      "Crime Category": 176,
      "Punishment": 100,
      "GeoPoint": 197,
      "Test": 100,
      "Date_year": 100,
      "Date_month": 100,
      "Date_day": 100,
      "TEst": 100,
      "previous_row_length": 158,
      "i": 100,
      "static_value": 105,
      "rowLength": 100
    },
    "coloring": {
      "scheme": "MEANING_AND_STATUS",
      "individualColumns": [],
      "valueColoringMode": "HASH"
    },
    "sorting": [],
    "analysisColumnData": {
      "Punishment": {
        "meaning": "Text"
      },
      "Date_month": {
        "meaning": "Text"
      }
    },
    "explorationSampling": {
      "selection": {
        "maxStoredBytes": 104857600,
        "timeout": -1,
        "filter": {
          "distinct": false,
          "enabled": false
        },
        "partitionSelectionMethod": "ALL",
        "latestPartitionsN": 1,
        "ordering": {
          "enabled": false,
          "rules": []
        },
        "samplingMethod": "HEAD_SEQUENTIAL",
        "maxRecords": 100000,
        "targetRatio": 0.02,
        "withinFirstN": -1,
        "maxReadUncompressedBytes": -1
      },
      "autoRefreshSample": false,
      "_refreshTrigger": 1
    },
    "vizSampling": {
      "autoRefreshSample": false,
      "_refreshTrigger": 0
    },
    "exploreUIParams": {
      "autoRefresh": true
    },
    "globalSearchQuery": "",
    "explorationFilters": [],
    "previewMode": "ALL_ROWS"
  },
  "charts": [],
  "name": "Punishment Prediction",
  "versionTag": {
    "versionNumber": 127,
    "lastModifiedBy": {
      "login": "michael"
    },
    "lastModifiedOn": 1640291317923
  },
  "creationTag": {
    "versionNumber": 0,
    "lastModifiedBy": {
      "login": "michael"
    },
    "lastModifiedOn": 1640287538874
  },
  "tags": [],
  "customFields": {},
  "checklists": {
    "checklists": []
  }
}