[
    {
        "test_score_gib": 0.6555728067102784,
        "train_score": 0.6989163365182941,
        "test_score": 0.6555728067102784,
        "num_samples": 2046,
        "fit_time": 29,
        "score_time": 48,
        "time": 77,
        "parameters": {
            "C": 0.1,
            "penalty": "l2"
        },
        "best_iteration": null,
        "done_at": 1640290801142,
        "split_id": 0
    },
    {
        "test_score_gib": 0.6799221804618051,
        "train_score": 0.7023549587986782,
        "test_score": 0.6799221804618051,
        "num_samples": 2046,
        "fit_time": 78,
        "score_time": 52,
        "time": 130,
        "parameters": {
            "C": 0.1,
            "penalty": "l2"
        },
        "best_iteration": null,
        "done_at": 1640290801196,
        "split_id": 1
    },
    {
        "test_score_gib": 0.636394635144351,
        "train_score": 0.7089559060763578,
        "test_score": 0.636394635144351,
        "num_samples": 2045,
        "fit_time": 65,
        "score_time": 119,
        "time": 184,
        "parameters": {
            "C": 0.1,
            "penalty": "l2"
        },
        "best_iteration": null,
        "done_at": 1640290801254,
        "split_id": 2
    },
    {
        "test_score_gib": 0.6853230228606735,
        "train_score": 0.6989983171490246,
        "test_score": 0.6853230228606735,
        "num_samples": 2044,
        "fit_time": 25,
        "score_time": 102,
        "time": 127,
        "parameters": {
            "C": 0.1,
            "penalty": "l2"
        },
        "best_iteration": null,
        "done_at": 1640290801202,
        "split_id": 3
    },
    {
        "test_score_gib": 0.6763110132839047,
        "train_score": 0.6886220245351347,
        "test_score": 0.6763110132839047,
        "num_samples": 2044,
        "fit_time": 61,
        "score_time": 79,
        "time": 140,
        "parameters": {
            "C": 0.1,
            "penalty": "l2"
        },
        "best_iteration": null,
        "done_at": 1640290801283,
        "split_id": 4
    },
    {
        "test_score_gib": 0.646389722519384,
        "train_score": 0.6885308546809362,
        "test_score": 0.646389722519384,
        "num_samples": 2046,
        "fit_time": 33,
        "score_time": 59,
        "time": 92,
        "parameters": {
            "C": 0.01,
            "penalty": "l2"
        },
        "best_iteration": null,
        "done_at": 1640290801292,
        "split_id": 0
    },
    {
        "test_score_gib": 0.6568887332077364,
        "train_score": 0.6947433208444628,
        "test_score": 0.6568887332077364,
        "num_samples": 2046,
        "fit_time": 19,
        "score_time": 81,
        "time": 100,
        "parameters": {
            "C": 0.01,
            "penalty": "l2"
        },
        "best_iteration": null,
        "done_at": 1640290801310,
        "split_id": 1
    },
    {
        "test_score_gib": 0.646643176479503,
        "train_score": 0.7001699826731194,
        "test_score": 0.646643176479503,
        "num_samples": 2045,
        "fit_time": 20,
        "score_time": 134,
        "time": 154,
        "parameters": {
            "C": 0.01,
            "penalty": "l2"
        },
        "best_iteration": null,
        "done_at": 1640290801424,
        "split_id": 2
    },
    {
        "test_score_gib": 0.6951701034908867,
        "train_score": 0.6896070572704514,
        "test_score": 0.6951701034908867,
        "num_samples": 2044,
        "fit_time": 37,
        "score_time": 44,
        "time": 81,
        "parameters": {
            "C": 0.01,
            "penalty": "l2"
        },
        "best_iteration": null,
        "done_at": 1640290801374,
        "split_id": 3
    },
    {
        "test_score_gib": 0.6696883688600557,
        "train_score": 0.6813274899355997,
        "test_score": 0.6696883688600557,
        "num_samples": 2044,
        "fit_time": 59,
        "score_time": 137,
        "time": 196,
        "parameters": {
            "C": 0.01,
            "penalty": "l2"
        },
        "best_iteration": null,
        "done_at": 1640290801493,
        "split_id": 4
    },
    {
        "test_score_gib": 0.6548059718448532,
        "train_score": 0.6996829978069782,
        "test_score": 0.6548059718448532,
        "num_samples": 2046,
        "fit_time": 137,
        "score_time": 131,
        "time": 268,
        "parameters": {
            "C": 10.0,
            "penalty": "l2"
        },
        "best_iteration": null,
        "done_at": 1640290801611,
        "split_id": 0
    },
    {
        "test_score_gib": 0.6843906502949001,
        "train_score": 0.7027140885215926,
        "test_score": 0.6843906502949001,
        "num_samples": 2046,
        "fit_time": 145,
        "score_time": 63,
        "time": 208,
        "parameters": {
            "C": 10.0,
            "penalty": "l2"
        },
        "best_iteration": null,
        "done_at": 1640290801583,
        "split_id": 1
    },
    {
        "test_score_gib": 0.6401644313101462,
        "train_score": 0.7082395291868315,
        "test_score": 0.6401644313101462,
        "num_samples": 2045,
        "fit_time": 156,
        "score_time": 74,
        "time": 230,
        "parameters": {
            "C": 10.0,
            "penalty": "l2"
        },
        "best_iteration": null,
        "done_at": 1640290801666,
        "split_id": 2
    },
    {
        "test_score_gib": 0.6767792323138708,
        "train_score": 0.7006526250691277,
        "test_score": 0.6767792323138708,
        "num_samples": 2044,
        "fit_time": 128,
        "score_time": 85,
        "time": 213,
        "parameters": {
            "C": 10.0,
            "penalty": "l2"
        },
        "best_iteration": null,
        "done_at": 1640290801718,
        "split_id": 3
    },
    {
        "test_score_gib": 0.6676996447327772,
        "train_score": 0.6911338134116681,
        "test_score": 0.6676996447327772,
        "num_samples": 2044,
        "fit_time": 85,
        "score_time": 93,
        "time": 178,
        "parameters": {
            "C": 10.0,
            "penalty": "l2"
        },
        "best_iteration": null,
        "done_at": 1640290801772,
        "split_id": 4
    },
    {
        "test_score_gib": 0.6548343731361652,
        "train_score": 0.6997045097371362,
        "test_score": 0.6548343731361652,
        "num_samples": 2046,
        "fit_time": 71,
        "score_time": 30,
        "time": 101,
        "parameters": {
            "C": 1.0,
            "penalty": "l2"
        },
        "best_iteration": null,
        "done_at": 1640290801713,
        "split_id": 0
    },
    {
        "test_score_gib": 0.6840498347991556,
        "train_score": 0.7025718707611041,
        "test_score": 0.6840498347991556,
        "num_samples": 2046,
        "fit_time": 73,
        "score_time": 42,
        "time": 115,
        "parameters": {
            "C": 1.0,
            "penalty": "l2"
        },
        "best_iteration": null,
        "done_at": 1640290801791,
        "split_id": 1
    },
    {
        "test_score_gib": 0.6393024929908313,
        "train_score": 0.7084408794885583,
        "test_score": 0.6393024929908313,
        "num_samples": 2045,
        "fit_time": 84,
        "score_time": 106,
        "time": 190,
        "parameters": {
            "C": 1.0,
            "penalty": "l2"
        },
        "best_iteration": null,
        "done_at": 1640290801909,
        "split_id": 2
    },
    {
        "test_score_gib": 0.6781983704046958,
        "train_score": 0.7003410300475124,
        "test_score": 0.6781983704046958,
        "num_samples": 2044,
        "fit_time": 85,
        "score_time": 59,
        "time": 144,
        "parameters": {
            "C": 1.0,
            "penalty": "l2"
        },
        "best_iteration": null,
        "done_at": 1640290801877,
        "split_id": 3
    },
    {
        "test_score_gib": 0.6749980691998764,
        "train_score": 0.6919704817235248,
        "test_score": 0.6749980691998764,
        "num_samples": 2044,
        "fit_time": 99,
        "score_time": 110,
        "time": 209,
        "parameters": {
            "C": 1.0,
            "penalty": "l2"
        },
        "best_iteration": null,
        "done_at": 1640290802001,
        "split_id": 4
    },
    {
        "test_score_gib": 0.6548154389419573,
        "train_score": 0.6996997293082121,
        "test_score": 0.6548154389419573,
        "num_samples": 2046,
        "fit_time": 117,
        "score_time": 53,
        "time": 170,
        "parameters": {
            "C": 100.0,
            "penalty": "l2"
        },
        "best_iteration": null,
        "done_at": 1640290801969,
        "split_id": 0
    },
    {
        "test_score_gib": 0.6844853212659403,
        "train_score": 0.702678832858278,
        "test_score": 0.6844853212659403,
        "num_samples": 2046,
        "fit_time": 112,
        "score_time": 146,
        "time": 258,
        "parameters": {
            "C": 100.0,
            "penalty": "l2"
        },
        "best_iteration": null,
        "done_at": 1640290802137,
        "split_id": 1
    },
    {
        "test_score_gib": 0.640173903159809,
        "train_score": 0.708310031666368,
        "test_score": 0.640173903159809,
        "num_samples": 2045,
        "fit_time": 183,
        "score_time": 33,
        "time": 216,
        "parameters": {
            "C": 100.0,
            "penalty": "l2"
        },
        "best_iteration": null,
        "done_at": 1640290802171,
        "split_id": 2
    },
    {
        "test_score_gib": 0.6766826923076923,
        "train_score": 0.700603269369139,
        "test_score": 0.6766826923076923,
        "num_samples": 2044,
        "fit_time": 133,
        "score_time": 46,
        "time": 179,
        "parameters": {
            "C": 100.0,
            "penalty": "l2"
        },
        "best_iteration": null,
        "done_at": 1640290802165,
        "split_id": 3
    },
    {
        "test_score_gib": 0.6651896045721347,
        "train_score": 0.6913300469176473,
        "test_score": 0.6651896045721347,
        "num_samples": 2044,
        "fit_time": 64,
        "score_time": 47,
        "time": 111,
        "parameters": {
            "C": 100.0,
            "penalty": "l2"
        },
        "best_iteration": null,
        "done_at": 1640290802117,
        "split_id": 4
    }
]