{
    "startedAt": 1640290801061,
    "gridSize": 5,
    "nThreads": 4,
    "nSplits": 5,
    "metric": "ROC_AUC",
    "timeout": null,
    "gridPoints": [
        {
            "finishedAt": 1640290801283,
            "score": 0.666702175305995,
            "testScoreGibMean": 0.666702175305995,
            "testScoreMean": 0.666702175305995,
            "testScoreStd": 0.01819986500606798,
            "trainScoreMean": 0.699570843672088,
            "trainScoreStd": 0.006578886232011694,
            "time": 658,
            "fitTimeMean": 51.6,
            "fitTimeStd": 20.895932618574363,
            "scoreTimeMean": 80.0,
            "scoreTimeStd": 27.618834153526464,
            "best_iteration": null,
            "parameters": {
                "C": 0.1,
                "penalty": "l2"
            }
        },
        {
            "finishedAt": 1640290801493,
            "score": 0.6629499984159998,
            "testScoreGibMean": 0.6629499984159998,
            "testScoreMean": 0.6629499984159998,
            "testScoreStd": 0.01822118076918292,
            "trainScoreMean": 0.6908769478905294,
            "trainScoreStd": 0.0063179566034546044,
            "time": 623,
            "fitTimeMean": 33.6,
            "fitTimeStd": 14.527215837867903,
            "scoreTimeMean": 91.0,
            "scoreTimeStd": 38.20471175130104,
            "best_iteration": null,
            "parameters": {
                "C": 0.01,
                "penalty": "l2"
            }
        },
        {
            "finishedAt": 1640290801772,
            "score": 0.6647674694973628,
            "testScoreGibMean": 0.6647674694973628,
            "testScoreMean": 0.6647674694973628,
            "testScoreStd": 0.01576484893395052,
            "trainScoreMean": 0.7004856485154105,
            "trainScoreStd": 0.0055349349233826985,
            "time": 1097,
            "fitTimeMean": 130.2,
            "fitTimeStd": 24.40819534500656,
            "scoreTimeMean": 89.2,
            "scoreTimeStd": 23.224125387191656,
            "best_iteration": null,
            "parameters": {
                "C": 10.0,
                "penalty": "l2"
            }
        },
        {
            "finishedAt": 1640290802001,
            "score": 0.6662752283768862,
            "testScoreGibMean": 0.6662752283768862,
            "testScoreMean": 0.6662752283768862,
            "testScoreStd": 0.016689633306174068,
            "trainScoreMean": 0.700606728910856,
            "trainScoreStd": 0.00530416513179141,
            "time": 759,
            "fitTimeMean": 82.4,
            "fitTimeStd": 10.031948963187562,
            "scoreTimeMean": 69.4,
            "scoreTimeStd": 32.8609190376654,
            "best_iteration": null,
            "parameters": {
                "C": 1.0,
                "penalty": "l2"
            }
        },
        {
            "finishedAt": 1640290802171,
            "score": 0.6642691405544776,
            "testScoreGibMean": 0.6642691405544776,
            "testScoreMean": 0.6642691405544776,
            "testScoreStd": 0.01570833033295938,
            "trainScoreMean": 0.7005254035638683,
            "trainScoreStd": 0.00548527717363172,
            "time": 934,
            "fitTimeMean": 121.8,
            "fitTimeStd": 38.29046878793729,
            "scoreTimeMean": 65.0,
            "scoreTimeStd": 41.02194534636308,
            "best_iteration": null,
            "parameters": {
                "C": 100.0,
                "penalty": "l2"
            }
        }
    ]
}