{
    "modelInputNRows": 10225,
    "modelInputNCols": 24,
    "modelInputIsSparse": false,
    "modelInputMemory": 1963200,
    "usedGridSearch": true,
    "gridSize": 5,
    "gridBestScore": 0.666702175305995,
    "gridCells": [
        {
            "params": {
                "C": 0.1,
                "penalty": "l2"
            },
            "score": 0.666702175305995,
            "scoreStd": 0.01819986500606798,
            "fitTime": 0.0516,
            "fitTimeStd": 0.020895932618574364,
            "scoreTime": 0.08,
            "scoreTimeStd": 0.027618834153526464
        },
        {
            "params": {
                "C": 0.01,
                "penalty": "l2"
            },
            "score": 0.6629499984159998,
            "scoreStd": 0.01822118076918292,
            "fitTime": 0.033600000000000005,
            "fitTimeStd": 0.014527215837867903,
            "scoreTime": 0.091,
            "scoreTimeStd": 0.03820471175130104
        },
        {
            "params": {
                "C": 10.0,
                "penalty": "l2"
            },
            "score": 0.6647674694973628,
            "scoreStd": 0.01576484893395052,
            "fitTime": 0.13019999999999998,
            "fitTimeStd": 0.024408195345006562,
            "scoreTime": 0.0892,
            "scoreTimeStd": 0.023224125387191655
        },
        {
            "params": {
                "C": 1.0,
                "penalty": "l2"
            },
            "score": 0.6662752283768862,
            "scoreStd": 0.016689633306174068,
            "fitTime": 0.0824,
            "fitTimeStd": 0.010031948963187562,
            "scoreTime": 0.0694,
            "scoreTimeStd": 0.032860919037665394
        },
        {
            "params": {
                "C": 100.0,
                "penalty": "l2"
            },
            "score": 0.6642691405544776,
            "scoreStd": 0.01570833033295938,
            "fitTime": 0.12179999999999999,
            "fitTimeStd": 0.03829046878793729,
            "scoreTime": 0.065,
            "scoreTimeStd": 0.04102194534636308
        }
    ],
    "lmCoefficients": {
        "variables": [
            "Latitude",
            "Longitude",
            "dummy:Crime Category:Crimes Against Property",
            "dummy:Crime Category:Crimes Against Person",
            "dummy:Crime Category:Crimes Against Morality",
            "dummy:Location:Residential",
            "dummy:Location:Others",
            "dummy:Location:Building",
            "dummy:Location: Parking Area",
            "dummy:Crime type:Violence and sexual offences",
            "dummy:Crime type:Criminal damage and arson",
            "dummy:Crime type:Public order",
            "dummy:Crime type:Other theft",
            "dummy:Crime type:Shoplifting",
            "dummy:Crime type:Burglary",
            "dummy:Crime type:Vehicle crime",
            "dummy:Crime type:Drugs",
            "dummy:Crime type:Bicycle theft",
            "dummy:Crime type:Other crime",
            "dummy:Crime type:Possession of weapons",
            "dummy:Crime type:Robbery"
        ],
        "coefs": [
            -0.0791862234184428,
            -0.00393610823156025,
            -0.6654174186308334,
            -0.22485402911358646,
            0.9442309204893942,
            0.09875462878109946,
            0.054392429149688296,
            0.16810798878946806,
            0.44979370784068207,
            0.431871359567169,
            1.0432598874210781,
            -0.2291266346251279,
            -0.6610359916586752,
            1.3359250420200575,
            -1.4226384498854192,
            -0.5165251921835573,
            0.8071818508107514,
            -0.44440271434442846,
            -0.4368808924155484,
            0.36617570430372426,
            0.5306540118612202
        ],
        "interceptCoef": -0.38292141967120197,
        "interceptStderr": null,
        "interceptTstat": null,
        "interceptPvalue": null,
        "rescaledCoefs": [
            -0.44660660636069827,
            -0.017746899735290818,
            -0.6654174186308334,
            -0.22485402911358646,
            0.9442309204893942,
            0.09875462878109946,
            0.054392429149688296,
            0.16810798878946806,
            0.44979370784068207,
            0.431871359567169,
            1.0432598874210781,
            -0.2291266346251279,
            -0.6610359916586752,
            1.3359250420200575,
            -1.4226384498854192,
            -0.5165251921835573,
            0.8071818508107514,
            -0.44440271434442846,
            -0.4368808924155484,
            0.36617570430372426,
            0.5306540118612202
        ],
        "rescaledInterceptCoef": 22.351277452421705
    },
    "probaAware": true
}