{
    "metrics": {},
    "processed_feature_names": [
        "Latitude",
        "Longitude",
        "dummy:Crime Category:Crimes Against Property",
        "dummy:Crime Category:Crimes Against Person",
        "dummy:Crime Category:Crimes Against Morality",
        "dummy:Crime Category:N/A",
        "dummy:Location:Residential",
        "dummy:Location:Others",
        "dummy:Location:Building",
        "dummy:Location: Parking Area",
        "dummy:Location:N/A",
        "dummy:Crime type:Violence and sexual offences",
        "dummy:Crime type:Criminal damage and arson",
        "dummy:Crime type:Public order",
        "dummy:Crime type:Other theft",
        "dummy:Crime type:Shoplifting",
        "dummy:Crime type:Burglary",
        "dummy:Crime type:Vehicle crime",
        "dummy:Crime type:Drugs",
        "dummy:Crime type:Bicycle theft",
        "dummy:Crime type:Other crime",
        "dummy:Crime type:Possession of weapons",
        "dummy:Crime type:Robbery",
        "dummy:Crime type:N/A"
    ],
    "tiMetrics": {
        "auc": 0.684621613587675,
        "logLoss": 0.6289833369946038,
        "lift": 1.5265586903517938,
        "calibrationLoss": 0.4130105764118189
    },
    "probaPercentiles": [
        0.07530876997858675,
        0.08206119512198307,
        0.08462920775978765,
        0.08649644972304951,
        0.08780413872065788,
        0.0906166875002736,
        0.14001871510584962,
        0.14805718634939238,
        0.1568699761517443,
        0.1637574234751446,
        0.16581364535997029,
        0.169201091186627,
        0.17122918535083032,
        0.17522499393296184,
        0.17913646996836777,
        0.18284916398947057,
        0.18431359736737113,
        0.18748773401822488,
        0.19018571539779605,
        0.19393730086051109,
        0.19869782706318015,
        0.21043900355769446,
        0.2557900127243962,
        0.32447731340724295,
        0.3459477217446445,
        0.3971031100189848,
        0.4324035483846541,
        0.43671795718128714,
        0.44174124064631637,
        0.4443037728445057,
        0.4457200520547237,
        0.4497637721723382,
        0.45378646933302746,
        0.45867394949060525,
        0.46619690018607657,
        0.4687220818208634,
        0.47072129990355316,
        0.47350344897209795,
        0.47460303981168267,
        0.4764709430091079,
        0.4784883258321404,
        0.4798186739370723,
        0.48173459399361895,
        0.48349895005046284,
        0.48424541186085124,
        0.48504937660718994,
        0.48551672068003626,
        0.486019207310053,
        0.4862958652432965,
        0.48686952197320493,
        0.4876168366933524,
        0.48897741437647435,
        0.4908014678507652,
        0.4915511230769265,
        0.49225662411127813,
        0.49410781512662644,
        0.4955686039873123,
        0.4968076458611415,
        0.4973976430910152,
        0.49799413138643855,
        0.4988500988679586,
        0.5029928164488465,
        0.5043136872603041,
        0.506065728739603,
        0.5095044970135644,
        0.5119689279040153,
        0.5151016365495975,
        0.5183327646780135,
        0.5221647512166179,
        0.5268245454963277,
        0.5285847769214045,
        0.5300812874960019,
        0.5339949667936693,
        0.5386859221507961,
        0.5404894145091204,
        0.5505732542192902,
        0.5612026518048525,
        0.5690125750958376,
        0.5734524235804106,
        0.5788882681051658,
        0.5849064360533394,
        0.5909864638284352,
        0.5996392707168874,
        0.6019813250636504,
        0.6075801128646034,
        0.6104299452325801,
        0.6113991354460416,
        0.6135234001271909,
        0.6169772538173401,
        0.6197510388910801,
        0.622303064294785,
        0.6261917888105968,
        0.6279895269514446,
        0.6367068725978822,
        0.6845360201456703,
        0.7201738423705096,
        0.7665772523578539,
        0.8089710047664043,
        0.8223286910079602
    ],
    "perCutData": {
        "cut": [
            0,
            0.025,
            0.05,
            0.075,
            0.1,
            0.125,
            0.15,
            0.175,
            0.2,
            0.225,
            0.25,
            0.275,
            0.3,
            0.325,
            0.35,
            0.375,
            0.4,
            0.425,
            0.45,
            0.475,
            0.5,
            0.525,
            0.55,
            0.575,
            0.6,
            0.625,
            0.65,
            0.675,
            0.7,
            0.725,
            0.75,
            0.775,
            0.8,
            0.825,
            0.85,
            0.875,
            0.9,
            0.925,
            0.95,
            0.975
        ],
        "tp": [
            77,
            77,
            77,
            77,
            76,
            76,
            76,
            76,
            76,
            76,
            76,
            75,
            75,
            75,
            73,
            73,
            73,
            72,
            68,
            61,
            47,
            42,
            35,
            33,
            30,
            19,
            18,
            18,
            16,
            15,
            14,
            14,
            13,
            4,
            0,
            0,
            0,
            0,
            0,
            0
        ],
        "tn": [
            0,
            0,
            0,
            23,
            174,
            179,
            216,
            363,
            551,
            587,
            595,
            607,
            614,
            625,
            655,
            662,
            676,
            688,
            828,
            1010,
            1569,
            1776,
            1942,
            2028,
            2122,
            2338,
            2413,
            2419,
            2434,
            2445,
            2468,
            2471,
            2480,
            2521,
            2530,
            2534,
            2534,
            2534,
            2534,
            2534
        ],
        "fp": [
            2534,
            2534,
            2534,
            2511,
            2360,
            2355,
            2318,
            2171,
            1983,
            1947,
            1939,
            1927,
            1920,
            1909,
            1879,
            1872,
            1858,
            1846,
            1706,
            1524,
            965,
            758,
            592,
            506,
            412,
            196,
            121,
            115,
            100,
            89,
            66,
            63,
            54,
            13,
            4,
            0,
            0,
            0,
            0,
            0
        ],
        "fn": [
            0,
            0,
            0,
            0,
            1,
            1,
            1,
            1,
            1,
            1,
            1,
            2,
            2,
            2,
            4,
            4,
            4,
            5,
            9,
            16,
            30,
            35,
            42,
            44,
            47,
            58,
            59,
            59,
            61,
            62,
            63,
            63,
            64,
            73,
            77,
            77,
            77,
            77,
            77,
            77
        ],
        "precision": [
            0.029490616621983913,
            0.029490616621983913,
            0.029490616621983913,
            0.029752704791344668,
            0.031198686371100164,
            0.03126285479226656,
            0.031746031746031744,
            0.03382287494437027,
            0.036911121903836816,
            0.037567968363816116,
            0.03771712158808933,
            0.037462537462537464,
            0.03759398496240601,
            0.03780241935483871,
            0.03739754098360656,
            0.037532133676092545,
            0.03780424650440187,
            0.03753910323253389,
            0.038331454340473504,
            0.038485804416403785,
            0.046442687747035576,
            0.0525,
            0.05582137161084529,
            0.061224489795918366,
            0.06787330316742081,
            0.08837209302325581,
            0.12949640287769784,
            0.13533834586466165,
            0.13793103448275862,
            0.14423076923076922,
            0.175,
            0.18181818181818182,
            0.19402985074626866,
            0.23529411764705882,
            0.0,
            1.0,
            1.0,
            1.0,
            1.0,
            1.0
        ],
        "recall": [
            1.0,
            1.0,
            1.0,
            1.0,
            0.987012987012987,
            0.987012987012987,
            0.987012987012987,
            0.987012987012987,
            0.987012987012987,
            0.987012987012987,
            0.987012987012987,
            0.974025974025974,
            0.974025974025974,
            0.974025974025974,
            0.948051948051948,
            0.948051948051948,
            0.948051948051948,
            0.935064935064935,
            0.8831168831168831,
            0.7922077922077922,
            0.6103896103896104,
            0.5454545454545454,
            0.45454545454545453,
            0.42857142857142855,
            0.38961038961038963,
            0.24675324675324675,
            0.23376623376623376,
            0.23376623376623376,
            0.2077922077922078,
            0.19480519480519481,
            0.18181818181818182,
            0.18181818181818182,
            0.16883116883116883,
            0.05194805194805195,
            0.0,
            0.0,
            0.0,
            0.0,
            0.0,
            0.0
        ],
        "accuracy": [
            0.029490616621983913,
            0.029490616621983913,
            0.029490616621983913,
            0.038299502106472615,
            0.09574875526618154,
            0.09766373037150516,
            0.11183454615090004,
            0.16813481424741478,
            0.2401378782075833,
            0.25392569896591344,
            0.2569896591344312,
            0.26120260436614323,
            0.2638835695135963,
            0.2680965147453083,
            0.27882037533512066,
            0.28150134048257375,
            0.2868632707774799,
            0.29107621600919187,
            0.34316353887399464,
            0.4101876675603217,
            0.6189199540405975,
            0.6962849482956721,
            0.7571811566449637,
            0.7893527384144006,
            0.8242052853312907,
            0.9027192646495595,
            0.9310608962083493,
            0.9333588663347376,
            0.938337801608579,
            0.9421677518192263,
            0.9505936422826503,
            0.9517426273458445,
            0.9548065875143623,
            0.9670624281884336,
            0.9689774032937571,
            0.9705093833780161,
            0.9705093833780161,
            0.9705093833780161,
            0.9705093833780161,
            0.9705093833780161
        ],
        "f1": [
            0.057291666666666664,
            0.057291666666666664,
            0.057291666666666664,
            0.05778611632270169,
            0.06048547552725826,
            0.06060606060606061,
            0.061513557264265474,
            0.06540447504302926,
            0.07116104868913858,
            0.07238095238095239,
            0.07265774378585087,
            0.07215007215007216,
            0.07239382239382239,
            0.07278020378457059,
            0.07195662888122228,
            0.0722057368941642,
            0.07270916334661355,
            0.07218045112781955,
            0.07347379794705564,
            0.07340553549939831,
            0.08631772268135905,
            0.09578107183580388,
            0.09943181818181819,
            0.10714285714285714,
            0.11560693641618495,
            0.13013698630136986,
            0.16666666666666666,
            0.17142857142857143,
            0.16580310880829016,
            0.16574585635359115,
            0.17834394904458598,
            0.18181818181818182,
            0.18055555555555555,
            0.0851063829787234,
            0.0,
            0.0,
            0.0,
            0.0,
            0.0,
            0.0
        ],
        "mcc": [
            0.0,
            0.0,
            0.0,
            0.016433264268156667,
            0.03766894202776716,
            0.03849785362749321,
            0.044280946817434365,
            0.06362435505590183,
            0.08471304973426731,
            0.08855976953634952,
            0.08941038471045099,
            0.0854367209457029,
            0.08619952609895137,
            0.08739578645825417,
            0.08043831928036056,
            0.0812304538120281,
            0.08281053121664494,
            0.07914620834663491,
            0.0760791587104392,
            0.06608598865500191,
            0.07971627454219657,
            0.09039594569737415,
            0.0874952451650023,
            0.095671105585616,
            0.10241767956095972,
            0.10425879906663565,
            0.1401736878938232,
            0.14494889834575153,
            0.13821115809152776,
            0.13813798916249403,
            0.15291430852606347,
            0.15695630336514316,
            0.1578361661390401,
            0.09848054361940811,
            -0.0068281261698334835,
            0.0,
            0.0,
            0.0,
            0.0,
            0.0
        ],
        "hammingLoss": [
            0.9705093833780161,
            0.9705093833780161,
            0.9705093833780161,
            0.9617004978935274,
            0.9042512447338185,
            0.9023362696284948,
            0.8881654538491,
            0.8318651857525852,
            0.7598621217924167,
            0.7460743010340866,
            0.7430103408655687,
            0.7387973956338567,
            0.7361164304864036,
            0.7319034852546917,
            0.7211796246648794,
            0.7184986595174263,
            0.7131367292225201,
            0.7089237839908081,
            0.6568364611260054,
            0.5898123324396782,
            0.38108004595940254,
            0.30371505170432783,
            0.2428188433550364,
            0.21064726158559938,
            0.1757947146687093,
            0.09728073535044045,
            0.0689391037916507,
            0.06664113366526235,
            0.06166219839142091,
            0.05783224818077365,
            0.04940635771734968,
            0.04825737265415549,
            0.045193412485637685,
            0.03293757181156645,
            0.031022596706242817,
            0.029490616621983913,
            0.029490616621983913,
            0.029490616621983913,
            0.029490616621983913,
            0.029490616621983913
        ],
        "assertionsMetrics": []
    },
    "optimalThreshold": 0.775,
    "usedThreshold": 0.775,
    "rocVizData": [
        [
            {
                "x": 0.0,
                "y": 0.0,
                "p": 1.8735650266394712
            },
            {
                "x": 0.003946329913180742,
                "y": 0.05194805194805195,
                "p": 0.8260539199151518
            },
            {
                "x": 0.010655090765588003,
                "y": 0.1038961038961039,
                "p": 0.8173310377118808
            },
            {
                "x": 0.018547750591949488,
                "y": 0.15584415584415584,
                "p": 0.8053707946712516
            },
            {
                "x": 0.03314917127071823,
                "y": 0.19480519480519481,
                "p": 0.7366344045697883
            },
            {
                "x": 0.04459352801894238,
                "y": 0.23376623376623376,
                "p": 0.6851558595484155
            },
            {
                "x": 0.08326756116811365,
                "y": 0.24675324675324675,
                "p": 0.6224842483404571
            },
            {
                "x": 0.09510655090765588,
                "y": 0.2857142857142857,
                "p": 0.6197406062268382
            },
            {
                "x": 0.11838989739542226,
                "y": 0.3246753246753247,
                "p": 0.6118509569974282
            },
            {
                "x": 0.1282557221783741,
                "y": 0.37662337662337664,
                "p": 0.6108422745782658
            },
            {
                "x": 0.1669297553275454,
                "y": 0.38961038961038963,
                "p": 0.5984835765147423
            },
            {
                "x": 0.19534333070244672,
                "y": 0.4155844155844156,
                "p": 0.5782121022925797
            },
            {
                "x": 0.22099447513812154,
                "y": 0.44155844155844154,
                "p": 0.562897663750969
            },
            {
                "x": 0.23441199684293607,
                "y": 0.4805194805194805,
                "p": 0.5477592969637616
            },
            {
                "x": 0.2632202052091555,
                "y": 0.5064935064935064,
                "p": 0.5338769156458316
            },
            {
                "x": 0.2951854775059195,
                "y": 0.5324675324675324,
                "p": 0.526550804511242
            },
            {
                "x": 0.3338595106550908,
                "y": 0.5454545454545454,
                "p": 0.5119696506034529
            },
            {
                "x": 0.36148382004735596,
                "y": 0.5714285714285714,
                "p": 0.50489199244926
            },
            {
                "x": 0.3752959747434886,
                "y": 0.6103896103896104,
                "p": 0.5024710955661725
            },
            {
                "x": 0.4131807419100237,
                "y": 0.6233766233766234,
                "p": 0.4968666065971868
            },
            {
                "x": 0.4262036306235201,
                "y": 0.6623376623376623,
                "p": 0.495191423212871
            },
            {
                "x": 0.4506708760852407,
                "y": 0.6883116883116883,
                "p": 0.49177806870518337
            },
            {
                "x": 0.4936858721389108,
                "y": 0.7012987012987013,
                "p": 0.4868791300758956
            },
            {
                "x": 0.5220994475138122,
                "y": 0.7272727272727273,
                "p": 0.4855849953568652
            },
            {
                "x": 0.5627466456195738,
                "y": 0.7402597402597403,
                "p": 0.4821007098551021
            },
            {
                "x": 0.5887924230465666,
                "y": 0.7662337662337663,
                "p": 0.4778429379918705
            },
            {
                "x": 0.6104972375690608,
                "y": 0.8051948051948052,
                "p": 0.47384112323336963
            },
            {
                "x": 0.6306235201262825,
                "y": 0.8441558441558441,
                "p": 0.4691252590946047
            },
            {
                "x": 0.6558800315706393,
                "y": 0.8701298701298701,
                "p": 0.4578998022009637
            },
            {
                "x": 0.6858721389108129,
                "y": 0.8961038961038961,
                "p": 0.4455989259091653
            },
            {
                "x": 0.712707182320442,
                "y": 0.935064935064935,
                "p": 0.43683050535473383
            },
            {
                "x": 0.7423046566692976,
                "y": 0.961038961038961,
                "p": 0.3480952581528667
            },
            {
                "x": 0.7896606156274665,
                "y": 0.987012987012987,
                "p": 0.1958425979745897
            },
            {
                "x": 0.8697711128650355,
                "y": 0.987012987012987,
                "p": 0.17027766160419647
            },
            {
                "x": 0.9214680347277032,
                "y": 0.987012987012987,
                "p": 0.1457172535327659
            },
            {
                "x": 0.9644830307813733,
                "y": 1.0,
                "p": 0.08584439853218433
            },
            {
                "x": 1.0,
                "y": 1.0,
                "p": 0.06647161650850085
            }
        ]
    ],
    "liftVizData": {
        "bins": [
            {
                "bin_pos_prop": 0.0842911877,
                "bin_lift": 2.8582375479,
                "cum_lift": 0.2857142857,
                "cum_size": 0.0999617005,
                "bin_min": 0.6197510389,
                "bin_max": 0.8735650266,
                "percentile_idx": 0
            },
            {
                "bin_pos_prop": 0.0344827586,
                "bin_lift": 1.1692789969,
                "cum_lift": 0.4025974026,
                "cum_size": 0.199923401,
                "bin_min": 0.5788882681,
                "bin_max": 0.6197510389,
                "percentile_idx": 1
            },
            {
                "bin_pos_prop": 0.0383141762,
                "bin_lift": 1.2991988854,
                "cum_lift": 0.5324675325,
                "cum_size": 0.2998851015,
                "bin_min": 0.5268245455,
                "bin_max": 0.5788882681,
                "percentile_idx": 2
            },
            {
                "bin_pos_prop": 0.0229885057,
                "bin_lift": 0.7795193312,
                "cum_lift": 0.6103896104,
                "cum_size": 0.399846802,
                "bin_min": 0.4979941314,
                "bin_max": 0.5268245455,
                "percentile_idx": 3
            },
            {
                "bin_pos_prop": 0.0268199234,
                "bin_lift": 0.9094392198,
                "cum_lift": 0.7012987013,
                "cum_size": 0.4998085025,
                "bin_min": 0.486869522,
                "bin_max": 0.4979941314,
                "percentile_idx": 4
            },
            {
                "bin_pos_prop": 0.0268199234,
                "bin_lift": 0.9094392198,
                "cum_lift": 0.7922077922,
                "cum_size": 0.599770203,
                "bin_min": 0.476470943,
                "bin_max": 0.486869522,
                "percentile_idx": 5
            },
            {
                "bin_pos_prop": 0.0344827586,
                "bin_lift": 1.1692789969,
                "cum_lift": 0.9090909091,
                "cum_size": 0.6997319035,
                "bin_min": 0.4443037728,
                "bin_max": 0.476470943,
                "percentile_idx": 6
            },
            {
                "bin_pos_prop": 0.0229885057,
                "bin_lift": 0.7795193312,
                "cum_lift": 0.987012987,
                "cum_size": 0.799693604,
                "bin_min": 0.1939373009,
                "bin_max": 0.4443037728,
                "percentile_idx": 7
            },
            {
                "bin_pos_prop": 0.0,
                "bin_lift": 0.0,
                "cum_lift": 0.987012987,
                "cum_size": 0.8996553045,
                "bin_min": 0.1637574235,
                "bin_max": 0.1939373009,
                "percentile_idx": 8
            },
            {
                "bin_pos_prop": 0.0038167939,
                "bin_lift": 0.1294240111,
                "cum_lift": 1.0,
                "cum_size": 1.0,
                "bin_min": 0.0664716165,
                "bin_max": 0.1637574235,
                "percentile_idx": 9
            }
        ],
        "wizard": {
            "positives": 77,
            "total": 2611
        }
    },
    "densityData": {
        "0": {
            "correct": [
                8.125920946612758e-05,
                0.00018672410026519264,
                0.0004063700878535455,
                0.0008395332081731064,
                0.0016507162273321336,
                0.003097528878306675,
                0.005562014393071154,
                0.009579542585239274,
                0.015852865678085252,
                0.02522962614436817,
                0.038613700162715384,
                0.056783663172132154,
                0.08011671986825974,
                0.10826732621315359,
                0.1399112096350044,
                0.17270132925795395,
                0.2035515888277148,
                0.2292521098718592,
                0.24726284460487358,
                0.25641108787715217,
                0.2572145159097557,
                0.25169023006011065,
                0.2427341355847841,
                0.23335055446757752,
                0.22607801506211678,
                0.2228642513825936,
                0.22544374591587338,
                0.23605597924092833,
                0.25818643100911415,
                0.2969486113044909,
                0.35876420505645396,
                0.4501550424860608,
                0.5757492385958665,
                0.7359885112284652,
                0.9253718023522116,
                1.1321746207852137,
                1.340274439989979,
                1.5330004928342424,
                1.698062168155504,
                1.8319884935575175,
                1.9424553614020799,
                2.0474468179688303,
                2.1711559849990096,
                2.337500588568048,
                2.562802005993133,
                2.849443102419224,
                3.18221190127728,
                3.528597461607288,
                3.8435165109590015,
                4.077832502176144,
                4.188798587995825,
                4.149673490567227,
                3.9557333142949758,
                3.624937155153225,
                3.1932639083887704,
                2.70646013317477,
                2.210866029055795,
                1.7458068590300968,
                1.3390205647591622,
                1.0053484662782244,
                0.7479940490485166,
                0.5612811700404364,
                0.43392394380267746,
                0.352119530805936,
                0.30208830045856794,
                0.27191591513916885,
                0.25269025034996745,
                0.23900450361500994,
                0.2289484294689521,
                0.22374243890366133,
                0.2271685173514144,
                0.24489359903277638,
                0.28366683770257534,
                0.3502559532325628,
                0.44996594064705747,
                0.5847394784061724,
                0.7511671623258196,
                0.9390994356700274,
                1.131716956672427,
                1.307674296878905,
                1.445251385513991,
                1.5275521372232224,
                1.5470950180949516,
                1.508049981609332,
                1.425051247387962,
                1.3187499970506305,
                1.2095594746627303,
                1.1118109043438058,
                1.0304109574383755,
                0.9610915249998055,
                0.8938928346569531,
                0.8182627577786771,
                0.7276465520366406,
                0.621877887856647,
                0.5067957092613461,
                0.39172116173290383,
                0.286165121207488,
                0.19714286560027622,
                0.12789618630202243,
                0.07806595149115766
            ],
            "incorrect": [
                0.02383766855105349,
                0.035947894792225356,
                0.052964132409095276,
                0.07624315235044045,
                0.10723692694269815,
                0.1473767738287477,
                0.19791330890416867,
                0.25972085091510005,
                0.33308490278321057,
                0.4175010000061479,
                0.5115201702814953,
                0.6126780070527019,
                0.7175390253616192,
                0.8218749294556749,
                0.9209758527293855,
                1.0100705797449592,
                1.084809697654044,
                1.1417494883336128,
                1.178768321902126,
                1.1953535348610227,
                1.1927147298070042,
                1.1737058012117096,
                1.1425674217728081,
                1.104528177706884,
                1.0653208566040093,
                1.0306775857809787,
                1.005863433564521,
                0.9952951802229839,
                1.0022743578094169,
                1.0288457541235656,
                1.0757777531610668,
                1.1426506714158535,
                1.2280332425766143,
                1.3297238991219167,
                1.4450305643234709,
                1.5710592142762017,
                1.7049779132381897,
                1.844221263064084,
                1.986602896370822,
                2.130313038366145,
                2.2737949303427163,
                2.4155163663323624,
                2.553676697877898,
                2.6859098105593184,
                2.809054052752592,
                2.9190567241434286,
                3.011062249747594,
                3.079701907363526,
                3.119564598596628,
                3.1257904576320366,
                3.0947002283086658,
                3.024359857164916,
                2.9149849999874267,
                2.76911345414722,
                2.5915103742533656,
                2.3888141787717507,
                2.1689718968108376,
                1.940543722115685,
                1.7119725173243028,
                1.4909130690185775,
                1.283699614224519,
                1.0950029189935018,
                0.9276959597722375,
                0.7829161993180919,
                0.6602876559245113,
                0.558250617527206,
                0.47444189930442077,
                0.40607290047358696,
                0.3502638476851079,
                0.3043073009290998,
                0.26584909847933047,
                0.23298794090200003,
                0.20430424714070863,
                0.1788342668112974,
                0.15600705839868761,
                0.13556074414526467,
                0.11745154406955416,
                0.10176552486761094,
                0.0886395824736709,
                0.07819540171570191,
                0.0704881906037373,
                0.06547081744724254,
                0.06297337632470813,
                0.06269788752120634,
                0.06422752431094154,
                0.06704923367302397,
                0.07058779254592634,
                0.07424826615768162,
                0.07746270579149961,
                0.07973603246912032,
                0.08068571072969681,
                0.08007025460640459,
                0.07780289412344911,
                0.07394872542777003,
                0.0687060388055653,
                0.06237481618390207,
                0.05531715863786042,
                0.047915303582193605,
                0.04053277877512779,
                0.03348320239812141
            ],
            "correctMedian": 0.5135049847102355,
            "incorrectMedian": 0.4661230843541684
        },
        "1": {
            "correct": [
                0.03348320239812136,
                0.040532778775127766,
                0.04791530358219365,
                0.05531715863786042,
                0.062374816183902095,
                0.06870603880556533,
                0.0739487254277701,
                0.07780289412344918,
                0.08007025460640459,
                0.08068571072969685,
                0.07973603246912032,
                0.07746270579149961,
                0.0742482661576816,
                0.07058779254592634,
                0.06704923367302394,
                0.06422752431094149,
                0.06269788752120628,
                0.06297337632470813,
                0.06547081744724247,
                0.0704881906037373,
                0.07819540171570191,
                0.0886395824736709,
                0.1017655248676109,
                0.11745154406955421,
                0.13556074414526478,
                0.15600705839868767,
                0.17883426681129755,
                0.20430424714070874,
                0.23298794090200037,
                0.26584909847933097,
                0.30430730092909997,
                0.3502638476851082,
                0.4060729004735873,
                0.4744418993044216,
                0.5582506175272063,
                0.6602876559245122,
                0.7829161993180933,
                0.9276959597722383,
                1.0950029189935038,
                1.283699614224519,
                1.4909130690185788,
                1.7119725173243059,
                1.9405437221156867,
                2.1689718968108416,
                2.3888141787717507,
                2.5915103742533656,
                2.7691134541472224,
                2.914984999987432,
                3.0243598571649186,
                3.094700228308669,
                3.1257904576320397,
                3.1195645985966305,
                3.079701907363529,
                3.011062249747594,
                2.9190567241434264,
                2.809054052752592,
                2.685909810559316,
                2.5536766978778958,
                2.41551636633236,
                2.2737949303427123,
                2.130313038366145,
                1.9866028963708202,
                1.844221263064084,
                1.7049779132381897,
                1.5710592142762003,
                1.4450305643234695,
                1.3297238991219167,
                1.2280332425766123,
                1.1426506714158515,
                1.0757777531610668,
                1.0288457541235656,
                1.002274357809416,
                0.9952951802229839,
                1.0058634335645227,
                1.0306775857809776,
                1.0653208566040102,
                1.104528177706885,
                1.1425674217728081,
                1.1737058012117119,
                1.1927147298070042,
                1.1953535348610218,
                1.178768321902126,
                1.1417494883336128,
                1.0848096976540431,
                1.0100705797449583,
                0.9209758527293848,
                0.8218749294556749,
                0.717539025361618,
                0.6126780070527011,
                0.511520170281494,
                0.41750100000614676,
                0.33308490278321,
                0.2597208509150991,
                0.19791330890416814,
                0.147376773828747,
                0.10723692694269772,
                0.07624315235044021,
                0.05296413240909499,
                0.035947894792225196,
                0.023837668551053407
            ],
            "incorrect": [
                0.07806595149115753,
                0.12789618630202151,
                0.19714286560027516,
                0.286165121207488,
                0.3917211617329028,
                0.5067957092613515,
                0.6218778878566487,
                0.7276465520366335,
                0.81826275777868,
                0.8938928346569619,
                0.961091524999809,
                1.0304109574383875,
                1.111810904343805,
                1.2095594746627216,
                1.3187499970506165,
                1.4250512473879569,
                1.50804998160934,
                1.5470950180949463,
                1.5275521372232441,
                1.4452513855140117,
                1.307674296878891,
                1.131716956672427,
                0.9390994356700257,
                0.7511671623258249,
                0.5847394784061671,
                0.4499659406470647,
                0.3502559532325572,
                0.28366683770257284,
                0.2448935990327753,
                0.2271685173514132,
                0.22374243890366033,
                0.2289484294689531,
                0.23900450361500464,
                0.2526902503499661,
                0.27191591513917296,
                0.30208830045856605,
                0.35211953080593256,
                0.4339239438026813,
                0.5612811700404319,
                0.7479940490485372,
                1.005348466278227,
                1.3390205647591455,
                1.745806859030103,
                2.210866029055795,
                2.706460133174751,
                3.1932639083887477,
                3.624937155153212,
                3.9557333142949407,
                4.149673490567182,
                4.188798587995795,
                4.0778325021761725,
                3.8435165109589877,
                3.5285974616072817,
                3.182211901277212,
                2.8494431024192495,
                2.5628020059931513,
                2.3375005885679854,
                2.171155984998948,
                2.0474468179688303,
                1.9424553614020832,
                1.8319884935574882,
                1.6980621681554857,
                1.5330004928342205,
                1.340274439989979,
                1.1321746207851815,
                0.9253718023522189,
                0.7359885112284626,
                0.57574923859587,
                0.4501550424860604,
                0.3587642050564565,
                0.2969486113044914,
                0.2581864310091123,
                0.23605597924093147,
                0.22544374591587177,
                0.22286425138259164,
                0.22607801506211977,
                0.23335055446757605,
                0.24273413558478216,
                0.25169023006011176,
                0.25721451590975863,
                0.2564110878771554,
                0.24726284460487402,
                0.229252109871859,
                0.20355158882771351,
                0.17270132925795395,
                0.13991120963500367,
                0.1082673262131531,
                0.08011671986825947,
                0.056783663172131654,
                0.03861370016271511,
                0.025229626144368127,
                0.01585286567808521,
                0.009579542585239206,
                0.005562014393071145,
                0.0030975288783066527,
                0.001650716227332125,
                0.0008395332081731049,
                0.0004063700878535415,
                0.00018672410026519264,
                8.125920946612744e-05
            ],
            "correctMedian": 0.5338769156458316,
            "incorrectMedian": 0.4864950152897646
        }
    },
    "calibrationData": [
        {
            "y": 0,
            "x": 0,
            "n": 0
        },
        {
            "y": 0.005714285714285714,
            "x": 0.08402333337730561,
            "n": 175.0
        },
        {
            "y": 0.0,
            "x": 0.17333642511186043,
            "n": 377.0
        },
        {
            "y": 0.015625,
            "x": 0.23159559945117764,
            "n": 64.0
        },
        {
            "y": 0.03125,
            "x": 0.34704458355922907,
            "n": 64.0
        },
        {
            "y": 0.028291621327529923,
            "x": 0.47511871912046005,
            "n": 919.0
        },
        {
            "y": 0.02982456140350877,
            "x": 0.5393047985457984,
            "n": 570.0
        },
        {
            "y": 0.04294478527607362,
            "x": 0.622217156689394,
            "n": 326.0
        },
        {
            "y": 0.061224489795918366,
            "x": 0.7437118356452197,
            "n": 49.0
        },
        {
            "y": 0.19402985074626866,
            "x": 0.8203465167198091,
            "n": 67.0
        },
        {
            "y": 1,
            "x": 1,
            "n": 0
        }
    ],
    "probaDistribData": {
        "bins": [
            0.0,
            0.1,
            0.2,
            0.3,
            0.4,
            0.5,
            0.6,
            0.7,
            0.8,
            0.9,
            1.0
        ],
        "probaDistribs": [
            [
                174.0,
                377.0,
                63.0,
                62.0,
                893.0,
                553.0,
                312.0,
                46.0,
                54.0,
                0.0
            ],
            [
                1.0,
                0.0,
                1.0,
                2.0,
                26.0,
                17.0,
                14.0,
                3.0,
                13.0,
                0.0
            ]
        ]
    },
    "globalMetrics": {
        "testWeight": 2611,
        "targetAvg": [
            0.029490616621983913
        ],
        "targetStd": [
            0.16920959199474994
        ],
        "predictionAvg": [
            0.029490616621983913
        ],
        "predictionStd": [
            0.16920959199474955
        ]
    }
}