{
  "state": "DONE",
  "preSearchDescription": {
    "gridLength": 5,
    "searchStrategy": "GRID",
    "importantParams": [
      {
        "name": "penalty",
        "vals": [
          "l2"
        ]
      },
      {
        "name": "C",
        "vals": [
          "0.01",
          "0.1",
          "1.0",
          "10.0",
          "100.0"
        ]
      }
    ]
  },
  "postSearchDescription": {
    "importantParams": [
      {
        "name": "C",
        "val": "0.1"
      },
      {
        "name": "penalty",
        "val": "l2"
      }
    ]
  },
  "resumed": false,
  "timeOrderingEnabled": false,
  "sampleWeightsEnabled": false,
  "modelId": "m1",
  "progress": {
    "top_level_todo": [],
    "stack": [],
    "top_level_done": [
      {
        "name": "Loading train set",
        "time": 38
      },
      {
        "name": "Loading test set",
        "time": 11
      },
      {
        "name": "Collecting statistics",
        "time": 17
      },
      {
        "name": "Preprocessing train set",
        "time": 44
      },
      {
        "name": "Preprocessing test set",
        "time": 17
      },
      {
        "name": "Hyperparameter searching",
        "time": 2022
      },
      {
        "name": "Fitting model",
        "time": 33
      },
      {
        "name": "Saving model",
        "time": 2
      },
      {
        "name": "Scoring model",
        "time": 1113
      }
    ]
  },
  "startTime": 1640290800916,
  "endTime": 1640290804447,
  "preprocessingTime": 128,
  "trainingTime": 3403,
  "hyperparamsSearchTime": 2022
}