{
    "startedAt": 1640298609195,
    "gridSize": 5,
    "nThreads": 4,
    "nSplits": 5,
    "metric": "ROC_AUC",
    "timeout": null,
    "gridPoints": [
        {
            "finishedAt": 1640298609462,
            "score": 0.6918945195034066,
            "testScoreGibMean": 0.6918945195034066,
            "testScoreMean": 0.6918945195034066,
            "testScoreStd": 0.02668015008953913,
            "trainScoreMean": 0.7111956820229632,
            "trainScoreStd": 0.006452356540882195,
            "time": 614,
            "fitTimeMean": 47.0,
            "fitTimeStd": 12.345039489608771,
            "scoreTimeMean": 75.8,
            "scoreTimeStd": 20.36074654819906,
            "best_iteration": null,
            "parameters": {
                "C": 0.1,
                "penalty": "l2"
            }
        },
        {
            "finishedAt": 1640298609597,
            "score": 0.6820379708744887,
            "testScoreGibMean": 0.6820379708744887,
            "testScoreMean": 0.6820379708744887,
            "testScoreStd": 0.03005576803840664,
            "trainScoreMean": 0.700057866946683,
            "trainScoreStd": 0.006502926904468796,
            "time": 668,
            "fitTimeMean": 35.4,
            "fitTimeStd": 10.669582934679312,
            "scoreTimeMean": 98.2,
            "scoreTimeStd": 29.6,
            "best_iteration": null,
            "parameters": {
                "C": 0.01,
                "penalty": "l2"
            }
        },
        {
            "finishedAt": 1640298609820,
            "score": 0.6913189307733911,
            "testScoreGibMean": 0.6913189307733911,
            "testScoreMean": 0.6913189307733911,
            "testScoreStd": 0.02533949023050901,
            "trainScoreMean": 0.7132307782489874,
            "trainScoreStd": 0.006556478326555592,
            "time": 775,
            "fitTimeMean": 58.8,
            "fitTimeStd": 16.96349020691202,
            "scoreTimeMean": 96.2,
            "scoreTimeStd": 29.321664345667692,
            "best_iteration": null,
            "parameters": {
                "C": 10.0,
                "penalty": "l2"
            }
        },
        {
            "finishedAt": 1640298609971,
            "score": 0.6913067336317199,
            "testScoreGibMean": 0.6913067336317199,
            "testScoreMean": 0.6913067336317199,
            "testScoreStd": 0.025691476213094547,
            "trainScoreMean": 0.7131185239711575,
            "trainScoreStd": 0.006591129989573752,
            "time": 677,
            "fitTimeMean": 55.6,
            "fitTimeStd": 13.690872872099865,
            "scoreTimeMean": 79.8,
            "scoreTimeStd": 56.35388185387055,
            "best_iteration": null,
            "parameters": {
                "C": 1.0,
                "penalty": "l2"
            }
        },
        {
            "finishedAt": 1640298610185,
            "score": 0.6912717143314151,
            "testScoreGibMean": 0.6912717143314151,
            "testScoreMean": 0.6912717143314151,
            "testScoreStd": 0.025343069435003685,
            "trainScoreMean": 0.7132326152073335,
            "trainScoreStd": 0.006582699876220564,
            "time": 823,
            "fitTimeMean": 102.2,
            "fitTimeStd": 23.506594819326768,
            "scoreTimeMean": 62.4,
            "scoreTimeStd": 9.090654541890808,
            "best_iteration": null,
            "parameters": {
                "C": 100.0,
                "penalty": "l2"
            }
        }
    ]
}