[
    {
        "test_score_gib": 0.7054738755455414,
        "train_score": 0.708361268964858,
        "test_score": 0.7054738755455414,
        "num_samples": 2046,
        "fit_time": 40,
        "score_time": 48,
        "time": 88,
        "parameters": {
            "C": 0.1,
            "penalty": "l2"
        },
        "best_iteration": null,
        "done_at": 1640298609287,
        "split_id": 0
    },
    {
        "test_score_gib": 0.6832072631568982,
        "train_score": 0.7115787964075075,
        "test_score": 0.6832072631568982,
        "num_samples": 2046,
        "fit_time": 55,
        "score_time": 59,
        "time": 114,
        "parameters": {
            "C": 0.1,
            "penalty": "l2"
        },
        "best_iteration": null,
        "done_at": 1640298609314,
        "split_id": 1
    },
    {
        "test_score_gib": 0.6449571872395241,
        "train_score": 0.7231836649339787,
        "test_score": 0.6449571872395241,
        "num_samples": 2045,
        "fit_time": 26,
        "score_time": 94,
        "time": 120,
        "parameters": {
            "C": 0.1,
            "penalty": "l2"
        },
        "best_iteration": null,
        "done_at": 1640298609319,
        "split_id": 2
    },
    {
        "test_score_gib": 0.7026326459684893,
        "train_score": 0.7087481491612504,
        "test_score": 0.7026326459684893,
        "num_samples": 2044,
        "fit_time": 55,
        "score_time": 76,
        "time": 131,
        "parameters": {
            "C": 0.1,
            "penalty": "l2"
        },
        "best_iteration": null,
        "done_at": 1640298609331,
        "split_id": 3
    },
    {
        "test_score_gib": 0.7232198022860674,
        "train_score": 0.7041030642159282,
        "test_score": 0.7232198022860674,
        "num_samples": 2044,
        "fit_time": 59,
        "score_time": 102,
        "time": 161,
        "parameters": {
            "C": 0.1,
            "penalty": "l2"
        },
        "best_iteration": null,
        "done_at": 1640298609462,
        "split_id": 4
    },
    {
        "test_score_gib": 0.6995853411468442,
        "train_score": 0.6936166335024411,
        "test_score": 0.6995853411468442,
        "num_samples": 2046,
        "fit_time": 28,
        "score_time": 90,
        "time": 118,
        "parameters": {
            "C": 0.01,
            "penalty": "l2"
        },
        "best_iteration": null,
        "done_at": 1640298609438,
        "split_id": 0
    },
    {
        "test_score_gib": 0.6645854831533007,
        "train_score": 0.6985646762155735,
        "test_score": 0.6645854831533007,
        "num_samples": 2046,
        "fit_time": 51,
        "score_time": 124,
        "time": 175,
        "parameters": {
            "C": 0.01,
            "penalty": "l2"
        },
        "best_iteration": null,
        "done_at": 1640298609507,
        "split_id": 1
    },
    {
        "test_score_gib": 0.632615367128893,
        "train_score": 0.7125246459939057,
        "test_score": 0.632615367128893,
        "num_samples": 2045,
        "fit_time": 20,
        "score_time": 44,
        "time": 64,
        "parameters": {
            "C": 0.01,
            "penalty": "l2"
        },
        "best_iteration": null,
        "done_at": 1640298609414,
        "split_id": 2
    },
    {
        "test_score_gib": 0.6956624575223973,
        "train_score": 0.6987979211141306,
        "test_score": 0.6956624575223973,
        "num_samples": 2044,
        "fit_time": 41,
        "score_time": 112,
        "time": 153,
        "parameters": {
            "C": 0.01,
            "penalty": "l2"
        },
        "best_iteration": null,
        "done_at": 1640298609569,
        "split_id": 3
    },
    {
        "test_score_gib": 0.7177652919369786,
        "train_score": 0.6967871223248319,
        "test_score": 0.7177652919369786,
        "num_samples": 2044,
        "fit_time": 37,
        "score_time": 121,
        "time": 158,
        "parameters": {
            "C": 0.01,
            "penalty": "l2"
        },
        "best_iteration": null,
        "done_at": 1640298609597,
        "split_id": 4
    },
    {
        "test_score_gib": 0.7022266612388642,
        "train_score": 0.7109911024266653,
        "test_score": 0.7022266612388642,
        "num_samples": 2046,
        "fit_time": 92,
        "score_time": 118,
        "time": 210,
        "parameters": {
            "C": 10.0,
            "penalty": "l2"
        },
        "best_iteration": null,
        "done_at": 1640298609688,
        "split_id": 0
    },
    {
        "test_score_gib": 0.6783127739541224,
        "train_score": 0.711642734644366,
        "test_score": 0.6783127739541224,
        "num_samples": 2046,
        "fit_time": 56,
        "score_time": 75,
        "time": 131,
        "parameters": {
            "C": 10.0,
            "penalty": "l2"
        },
        "best_iteration": null,
        "done_at": 1640298609639,
        "split_id": 1
    },
    {
        "test_score_gib": 0.6486038493597029,
        "train_score": 0.7257659676166577,
        "test_score": 0.6486038493597029,
        "num_samples": 2045,
        "fit_time": 45,
        "score_time": 109,
        "time": 154,
        "parameters": {
            "C": 10.0,
            "penalty": "l2"
        },
        "best_iteration": null,
        "done_at": 1640298609726,
        "split_id": 2
    },
    {
        "test_score_gib": 0.7069190222428174,
        "train_score": 0.7113616226727003,
        "test_score": 0.7069190222428174,
        "num_samples": 2044,
        "fit_time": 50,
        "score_time": 50,
        "time": 100,
        "parameters": {
            "C": 10.0,
            "penalty": "l2"
        },
        "best_iteration": null,
        "done_at": 1640298609705,
        "split_id": 3
    },
    {
        "test_score_gib": 0.7205552981155391,
        "train_score": 0.7063900765310673,
        "test_score": 0.7205552981155391,
        "num_samples": 2044,
        "fit_time": 51,
        "score_time": 129,
        "time": 180,
        "parameters": {
            "C": 10.0,
            "penalty": "l2"
        },
        "best_iteration": null,
        "done_at": 1640298609820,
        "split_id": 4
    },
    {
        "test_score_gib": 0.7022929309185924,
        "train_score": 0.7109193959928055,
        "test_score": 0.7022929309185924,
        "num_samples": 2046,
        "fit_time": 66,
        "score_time": 80,
        "time": 146,
        "parameters": {
            "C": 1.0,
            "penalty": "l2"
        },
        "best_iteration": null,
        "done_at": 1640298609842,
        "split_id": 0
    },
    {
        "test_score_gib": 0.678681990741179,
        "train_score": 0.7118172203000914,
        "test_score": 0.678681990741179,
        "num_samples": 2046,
        "fit_time": 33,
        "score_time": 25,
        "time": 58,
        "parameters": {
            "C": 1.0,
            "penalty": "l2"
        },
        "best_iteration": null,
        "done_at": 1640298609769,
        "split_id": 1
    },
    {
        "test_score_gib": 0.6478176858376904,
        "train_score": 0.7256130130847822,
        "test_score": 0.6478176858376904,
        "num_samples": 2045,
        "fit_time": 49,
        "score_time": 187,
        "time": 236,
        "parameters": {
            "C": 1.0,
            "penalty": "l2"
        },
        "best_iteration": null,
        "done_at": 1640298609963,
        "split_id": 2
    },
    {
        "test_score_gib": 0.7064652842137782,
        "train_score": 0.7112777774474183,
        "test_score": 0.7064652842137782,
        "num_samples": 2044,
        "fit_time": 58,
        "score_time": 53,
        "time": 111,
        "parameters": {
            "C": 1.0,
            "penalty": "l2"
        },
        "best_iteration": null,
        "done_at": 1640298609881,
        "split_id": 3
    },
    {
        "test_score_gib": 0.721298656163114,
        "train_score": 0.7059625253468278,
        "test_score": 0.721298656163114,
        "num_samples": 2044,
        "fit_time": 72,
        "score_time": 54,
        "time": 126,
        "parameters": {
            "C": 1.0,
            "penalty": "l2"
        },
        "best_iteration": null,
        "done_at": 1640298609971,
        "split_id": 4
    },
    {
        "test_score_gib": 0.7021130560736161,
        "train_score": 0.7109952853019738,
        "test_score": 0.7021130560736161,
        "num_samples": 2046,
        "fit_time": 106,
        "score_time": 64,
        "time": 170,
        "parameters": {
            "C": 100.0,
            "penalty": "l2"
        },
        "best_iteration": null,
        "done_at": 1640298610045,
        "split_id": 0
    },
    {
        "test_score_gib": 0.6780950307207302,
        "train_score": 0.7116349664473645,
        "test_score": 0.6780950307207302,
        "num_samples": 2046,
        "fit_time": 87,
        "score_time": 59,
        "time": 146,
        "parameters": {
            "C": 100.0,
            "penalty": "l2"
        },
        "best_iteration": null,
        "done_at": 1640298610028,
        "split_id": 1
    },
    {
        "test_score_gib": 0.6486606804576798,
        "train_score": 0.7258215331301906,
        "test_score": 0.6486606804576798,
        "num_samples": 2045,
        "fit_time": 110,
        "score_time": 78,
        "time": 188,
        "parameters": {
            "C": 100.0,
            "penalty": "l2"
        },
        "best_iteration": null,
        "done_at": 1640298610171,
        "split_id": 2
    },
    {
        "test_score_gib": 0.7069093682421995,
        "train_score": 0.7113348635582486,
        "test_score": 0.7069093682421995,
        "num_samples": 2044,
        "fit_time": 139,
        "score_time": 61,
        "time": 200,
        "parameters": {
            "C": 100.0,
            "penalty": "l2"
        },
        "best_iteration": null,
        "done_at": 1640298610185,
        "split_id": 3
    },
    {
        "test_score_gib": 0.7206035681186284,
        "train_score": 0.7063740210623963,
        "test_score": 0.7206035681186284,
        "num_samples": 2044,
        "fit_time": 69,
        "score_time": 50,
        "time": 119,
        "parameters": {
            "C": 100.0,
            "penalty": "l2"
        },
        "best_iteration": null,
        "done_at": 1640298610153,
        "split_id": 4
    }
]