{
    "modelInputNRows": 10225,
    "modelInputNCols": 21,
    "modelInputIsSparse": false,
    "modelInputMemory": 1717800,
    "usedGridSearch": true,
    "gridSize": 5,
    "gridBestScore": 0.6918945195034066,
    "gridCells": [
        {
            "params": {
                "C": 0.1,
                "penalty": "l2"
            },
            "score": 0.6918945195034066,
            "scoreStd": 0.02668015008953913,
            "fitTime": 0.047,
            "fitTimeStd": 0.01234503948960877,
            "scoreTime": 0.07579999999999999,
            "scoreTimeStd": 0.02036074654819906
        },
        {
            "params": {
                "C": 0.01,
                "penalty": "l2"
            },
            "score": 0.6820379708744887,
            "scoreStd": 0.03005576803840664,
            "fitTime": 0.0354,
            "fitTimeStd": 0.010669582934679312,
            "scoreTime": 0.09820000000000001,
            "scoreTimeStd": 0.0296
        },
        {
            "params": {
                "C": 10.0,
                "penalty": "l2"
            },
            "score": 0.6913189307733911,
            "scoreStd": 0.02533949023050901,
            "fitTime": 0.0588,
            "fitTimeStd": 0.01696349020691202,
            "scoreTime": 0.09620000000000001,
            "scoreTimeStd": 0.029321664345667693
        },
        {
            "params": {
                "C": 1.0,
                "penalty": "l2"
            },
            "score": 0.6913067336317199,
            "scoreStd": 0.025691476213094547,
            "fitTime": 0.055600000000000004,
            "fitTimeStd": 0.013690872872099864,
            "scoreTime": 0.0798,
            "scoreTimeStd": 0.056353881853870545
        },
        {
            "params": {
                "C": 100.0,
                "penalty": "l2"
            },
            "score": 0.6912717143314151,
            "scoreStd": 0.025343069435003685,
            "fitTime": 0.1022,
            "fitTimeStd": 0.02350659481932677,
            "scoreTime": 0.0624,
            "scoreTimeStd": 0.009090654541890808
        }
    ],
    "lmCoefficients": {
        "variables": [
            "Crimes <= 10km",
            "Latitude",
            "Longitude",
            "Punishments <= 10km",
            "dummy:Crime Category:Crimes Against Property",
            "dummy:Crime Category:Crimes Against Person",
            "dummy:Crime Category:Crimes Against Morality",
            "dummy:Crime type:Violence and sexual offences",
            "dummy:Crime type:Criminal damage and arson",
            "dummy:Crime type:Public order",
            "dummy:Crime type:Other theft",
            "dummy:Crime type:Shoplifting",
            "dummy:Crime type:Burglary",
            "dummy:Crime type:Vehicle crime",
            "dummy:Crime type:Drugs",
            "dummy:Crime type:Bicycle theft",
            "dummy:Crime type:Other crime",
            "dummy:Crime type:Possession of weapons",
            "dummy:Crime type:Robbery"
        ],
        "coefs": [
            -1.1284435780106576,
            -0.03716092319976423,
            -0.04841482653939556,
            1.0217526947787796,
            -0.6430758594848409,
            -0.1932900521333431,
            0.9792371376157273,
            0.40556821059783027,
            1.0250670022591024,
            -0.21847578155787806,
            -0.6523500225011079,
            1.3379828735563248,
            -1.4202331537405708,
            -0.4948515041071099,
            0.7953703551911596,
            -0.43869105495173794,
            -0.45136035956610965,
            0.4023425639824781,
            0.5666868874279862
        ],
        "interceptCoef": -0.3084891335687209,
        "interceptStderr": null,
        "interceptTstat": null,
        "interceptPvalue": null,
        "rescaledCoefs": [
            -0.0008218561408418379,
            -0.20958587343883722,
            -0.2182900016333044,
            0.029770113695834623,
            -0.6430758594848409,
            -0.1932900521333431,
            0.9792371376157273,
            0.40556821059783027,
            1.0250670022591024,
            -0.21847578155787806,
            -0.6523500225011079,
            1.3379828735563248,
            -1.4202331537405708,
            -0.4948515041071099,
            0.7953703551911596,
            -0.43869105495173794,
            -0.45136035956610965,
            0.4023425639824781,
            0.5666868874279862
        ],
        "rescaledInterceptCoef": 10.241198005220747
    },
    "probaAware": true
}