[
    {
        "test_score_gib": 0.677318728758201,
        "train_score": 0.6928230823010595,
        "test_score": 0.677318728758201,
        "num_samples": 2046,
        "fit_time": 21,
        "score_time": 137,
        "time": 158,
        "parameters": {
            "C": 0.1,
            "penalty": "l2"
        },
        "best_iteration": null,
        "done_at": 1640288253257,
        "split_id": 0
    },
    {
        "test_score_gib": 0.6810487650171828,
        "train_score": 0.6924295932452539,
        "test_score": 0.6810487650171828,
        "num_samples": 2046,
        "fit_time": 25,
        "score_time": 125,
        "time": 150,
        "parameters": {
            "C": 0.1,
            "penalty": "l2"
        },
        "best_iteration": null,
        "done_at": 1640288253251,
        "split_id": 1
    },
    {
        "test_score_gib": 0.6350875198908843,
        "train_score": 0.7016929557268328,
        "test_score": 0.6350875198908843,
        "num_samples": 2045,
        "fit_time": 71,
        "score_time": 30,
        "time": 101,
        "parameters": {
            "C": 0.1,
            "penalty": "l2"
        },
        "best_iteration": null,
        "done_at": 1640288253220,
        "split_id": 2
    },
    {
        "test_score_gib": 0.6837108047574916,
        "train_score": 0.6916413446157689,
        "test_score": 0.6837108047574916,
        "num_samples": 2044,
        "fit_time": 97,
        "score_time": 43,
        "time": 140,
        "parameters": {
            "C": 0.1,
            "penalty": "l2"
        },
        "best_iteration": null,
        "done_at": 1640288253268,
        "split_id": 3
    },
    {
        "test_score_gib": 0.6938909484090207,
        "train_score": 0.6846111306023179,
        "test_score": 0.6938909484090207,
        "num_samples": 2044,
        "fit_time": 26,
        "score_time": 76,
        "time": 102,
        "parameters": {
            "C": 0.1,
            "penalty": "l2"
        },
        "best_iteration": null,
        "done_at": 1640288253335,
        "split_id": 4
    },
    {
        "test_score_gib": 0.6715722008160638,
        "train_score": 0.687007092961416,
        "test_score": 0.6715722008160638,
        "num_samples": 2046,
        "fit_time": 34,
        "score_time": 87,
        "time": 121,
        "parameters": {
            "C": 0.01,
            "penalty": "l2"
        },
        "best_iteration": null,
        "done_at": 1640288253379,
        "split_id": 0
    },
    {
        "test_score_gib": 0.6567372596540723,
        "train_score": 0.6851274880638666,
        "test_score": 0.6567372596540723,
        "num_samples": 2046,
        "fit_time": 73,
        "score_time": 41,
        "time": 114,
        "parameters": {
            "C": 0.01,
            "penalty": "l2"
        },
        "best_iteration": null,
        "done_at": 1640288253375,
        "split_id": 1
    },
    {
        "test_score_gib": 0.634576040009093,
        "train_score": 0.6965343251478759,
        "test_score": 0.634576040009093,
        "num_samples": 2045,
        "fit_time": 40,
        "score_time": 60,
        "time": 100,
        "parameters": {
            "C": 0.01,
            "penalty": "l2"
        },
        "best_iteration": null,
        "done_at": 1640288253395,
        "split_id": 2
    },
    {
        "test_score_gib": 0.6841066187828235,
        "train_score": 0.6864036939470883,
        "test_score": 0.6841066187828235,
        "num_samples": 2044,
        "fit_time": 32,
        "score_time": 65,
        "time": 97,
        "parameters": {
            "C": 0.01,
            "penalty": "l2"
        },
        "best_iteration": null,
        "done_at": 1640288253435,
        "split_id": 3
    },
    {
        "test_score_gib": 0.6946825764596849,
        "train_score": 0.6848614769841883,
        "test_score": 0.6946825764596849,
        "num_samples": 2044,
        "fit_time": 16,
        "score_time": 105,
        "time": 121,
        "parameters": {
            "C": 0.01,
            "penalty": "l2"
        },
        "best_iteration": null,
        "done_at": 1640288253502,
        "split_id": 4
    },
    {
        "test_score_gib": 0.6730774692556021,
        "train_score": 0.6939476782054269,
        "test_score": 0.6730774692556021,
        "num_samples": 2046,
        "fit_time": 65,
        "score_time": 35,
        "time": 100,
        "parameters": {
            "C": 10.0,
            "penalty": "l2"
        },
        "best_iteration": null,
        "done_at": 1640288253493,
        "split_id": 0
    },
    {
        "test_score_gib": 0.6838510257599713,
        "train_score": 0.6932566074491033,
        "test_score": 0.6838510257599713,
        "num_samples": 2046,
        "fit_time": 91,
        "score_time": 42,
        "time": 133,
        "parameters": {
            "C": 10.0,
            "penalty": "l2"
        },
        "best_iteration": null,
        "done_at": 1640288253544,
        "split_id": 1
    },
    {
        "test_score_gib": 0.636489353640979,
        "train_score": 0.7019241799605664,
        "test_score": 0.636489353640979,
        "num_samples": 2045,
        "fit_time": 54,
        "score_time": 97,
        "time": 151,
        "parameters": {
            "C": 10.0,
            "penalty": "l2"
        },
        "best_iteration": null,
        "done_at": 1640288253599,
        "split_id": 2
    },
    {
        "test_score_gib": 0.6837011507568737,
        "train_score": 0.6934912913948634,
        "test_score": 0.6837011507568737,
        "num_samples": 2044,
        "fit_time": 35,
        "score_time": 44,
        "time": 79,
        "parameters": {
            "C": 10.0,
            "penalty": "l2"
        },
        "best_iteration": null,
        "done_at": 1640288253599,
        "split_id": 3
    },
    {
        "test_score_gib": 0.6938426784059314,
        "train_score": 0.6857314455273626,
        "test_score": 0.6938426784059314,
        "num_samples": 2044,
        "fit_time": 32,
        "score_time": 49,
        "time": 81,
        "parameters": {
            "C": 10.0,
            "penalty": "l2"
        },
        "best_iteration": null,
        "done_at": 1640288253632,
        "split_id": 4
    },
    {
        "test_score_gib": 0.6734750873339708,
        "train_score": 0.6937463026370042,
        "test_score": 0.6734750873339708,
        "num_samples": 2046,
        "fit_time": 38,
        "score_time": 60,
        "time": 98,
        "parameters": {
            "C": 1.0,
            "penalty": "l2"
        },
        "best_iteration": null,
        "done_at": 1640288253654,
        "split_id": 0
    },
    {
        "test_score_gib": 0.6830557896032339,
        "train_score": 0.6930863046686864,
        "test_score": 0.6830557896032339,
        "num_samples": 2046,
        "fit_time": 28,
        "score_time": 66,
        "time": 94,
        "parameters": {
            "C": 1.0,
            "penalty": "l2"
        },
        "best_iteration": null,
        "done_at": 1640288253695,
        "split_id": 1
    },
    {
        "test_score_gib": 0.6357410775176178,
        "train_score": 0.7017383641034832,
        "test_score": 0.6357410775176178,
        "num_samples": 2045,
        "fit_time": 44,
        "score_time": 55,
        "time": 99,
        "parameters": {
            "C": 1.0,
            "penalty": "l2"
        },
        "best_iteration": null,
        "done_at": 1640288253702,
        "split_id": 2
    },
    {
        "test_score_gib": 0.684145234785295,
        "train_score": 0.6929216195805361,
        "test_score": 0.684145234785295,
        "num_samples": 2044,
        "fit_time": 25,
        "score_time": 89,
        "time": 114,
        "parameters": {
            "C": 1.0,
            "penalty": "l2"
        },
        "best_iteration": null,
        "done_at": 1640288253749,
        "split_id": 3
    },
    {
        "test_score_gib": 0.694547420451035,
        "train_score": 0.6854162826238204,
        "test_score": 0.694547420451035,
        "num_samples": 2044,
        "fit_time": 26,
        "score_time": 45,
        "time": 71,
        "parameters": {
            "C": 1.0,
            "penalty": "l2"
        },
        "best_iteration": null,
        "done_at": 1640288253726,
        "split_id": 4
    },
    {
        "test_score_gib": 0.672982798284562,
        "train_score": 0.6939076421131887,
        "test_score": 0.672982798284562,
        "num_samples": 2046,
        "fit_time": 74,
        "score_time": 47,
        "time": 121,
        "parameters": {
            "C": 100.0,
            "penalty": "l2"
        },
        "best_iteration": null,
        "done_at": 1640288253824,
        "split_id": 0
    },
    {
        "test_score_gib": 0.6838415586628672,
        "train_score": 0.6932339004117144,
        "test_score": 0.6838415586628672,
        "num_samples": 2046,
        "fit_time": 50,
        "score_time": 76,
        "time": 126,
        "parameters": {
            "C": 100.0,
            "penalty": "l2"
        },
        "best_iteration": null,
        "done_at": 1640288253853,
        "split_id": 1
    },
    {
        "test_score_gib": 0.6363567477456997,
        "train_score": 0.7022713150504869,
        "test_score": 0.6363567477456997,
        "num_samples": 2045,
        "fit_time": 41,
        "score_time": 48,
        "time": 89,
        "parameters": {
            "C": 100.0,
            "penalty": "l2"
        },
        "best_iteration": null,
        "done_at": 1640288253839,
        "split_id": 2
    },
    {
        "test_score_gib": 0.6836721887550201,
        "train_score": 0.6935870295599018,
        "test_score": 0.6836721887550201,
        "num_samples": 2044,
        "fit_time": 47,
        "score_time": 31,
        "time": 78,
        "parameters": {
            "C": 100.0,
            "penalty": "l2"
        },
        "best_iteration": null,
        "done_at": 1640288253840,
        "split_id": 3
    },
    {
        "test_score_gib": 0.6939006024096386,
        "train_score": 0.6856987399430328,
        "test_score": 0.6939006024096386,
        "num_samples": 2044,
        "fit_time": 33,
        "score_time": 18,
        "time": 51,
        "parameters": {
            "C": 100.0,
            "penalty": "l2"
        },
        "best_iteration": null,
        "done_at": 1640288253878,
        "split_id": 4
    }
]