{
    "startedAt": 1640288253094,
    "gridSize": 5,
    "nThreads": 4,
    "nSplits": 5,
    "metric": "ROC_AUC",
    "timeout": null,
    "gridPoints": [
        {
            "finishedAt": 1640288253335,
            "score": 0.6742094722653932,
            "testScoreGibMean": 0.6742094722653932,
            "testScoreMean": 0.6742094722653932,
            "testScoreStd": 0.020319450874123526,
            "trainScoreMean": 0.6926405015134376,
            "trainScoreStd": 0.005430688370344438,
            "time": 651,
            "fitTimeMean": 48.0,
            "fitTimeStd": 30.56795707926848,
            "scoreTimeMean": 82.2,
            "scoreTimeStd": 42.742952635493026,
            "best_iteration": null,
            "parameters": {
                "C": 0.1,
                "penalty": "l2"
            }
        },
        {
            "finishedAt": 1640288253502,
            "score": 0.6683300022509712,
            "testScoreGibMean": 0.6683300022509712,
            "testScoreMean": 0.6683300022509712,
            "testScoreStd": 0.021105463050771968,
            "trainScoreMean": 0.6879869004487691,
            "trainScoreStd": 0.004346677140101365,
            "time": 553,
            "fitTimeMean": 39.0,
            "fitTimeStd": 18.76166303929372,
            "scoreTimeMean": 71.6,
            "scoreTimeStd": 22.21350940306371,
            "best_iteration": null,
            "parameters": {
                "C": 0.01,
                "penalty": "l2"
            }
        },
        {
            "finishedAt": 1640288253632,
            "score": 0.6741903193942728,
            "testScoreGibMean": 0.6741903193942728,
            "testScoreMean": 0.6741903193942728,
            "testScoreStd": 0.019962037881574076,
            "trainScoreMean": 0.6936710210990276,
            "trainScoreStd": 0.005126428635747008,
            "time": 544,
            "fitTimeMean": 55.4,
            "fitTimeStd": 21.564786110694445,
            "scoreTimeMean": 53.4,
            "scoreTimeStd": 22.258481529520385,
            "best_iteration": null,
            "parameters": {
                "C": 10.0,
                "penalty": "l2"
            }
        },
        {
            "finishedAt": 1640288253749,
            "score": 0.6741907545271498,
            "testScoreGibMean": 0.6741907545271498,
            "testScoreMean": 0.6741907545271498,
            "testScoreStd": 0.020350684511130285,
            "trainScoreMean": 0.6933826055007112,
            "trainScoreStd": 0.005170735936079964,
            "time": 476,
            "fitTimeMean": 32.2,
            "fitTimeStd": 7.493997598078078,
            "scoreTimeMean": 63.0,
            "scoreTimeStd": 14.710540438746634,
            "best_iteration": null,
            "parameters": {
                "C": 1.0,
                "penalty": "l2"
            }
        },
        {
            "finishedAt": 1640288253878,
            "score": 0.6741487499848371,
            "testScoreGibMean": 0.6741487499848371,
            "testScoreMean": 0.6741487499848371,
            "testScoreStd": 0.020020931335936118,
            "trainScoreMean": 0.693740493706425,
            "trainScoreStd": 0.005248263470140312,
            "time": 465,
            "fitTimeMean": 49.0,
            "fitTimeStd": 13.784048752090222,
            "scoreTimeMean": 44.0,
            "scoreTimeStd": 19.462785001124583,
            "best_iteration": null,
            "parameters": {
                "C": 100.0,
                "penalty": "l2"
            }
        }
    ]
}