{
    "modelInputNRows": 10225,
    "modelInputNCols": 20,
    "modelInputIsSparse": false,
    "modelInputMemory": 1636000,
    "usedGridSearch": true,
    "gridSize": 5,
    "gridBestScore": 0.6742094722653932,
    "gridCells": [
        {
            "params": {
                "C": 0.1,
                "penalty": "l2"
            },
            "score": 0.6742094722653932,
            "scoreStd": 0.020319450874123526,
            "fitTime": 0.048,
            "fitTimeStd": 0.03056795707926848,
            "scoreTime": 0.08220000000000001,
            "scoreTimeStd": 0.04274295263549303
        },
        {
            "params": {
                "C": 0.01,
                "penalty": "l2"
            },
            "score": 0.6683300022509712,
            "scoreStd": 0.021105463050771968,
            "fitTime": 0.039,
            "fitTimeStd": 0.01876166303929372,
            "scoreTime": 0.0716,
            "scoreTimeStd": 0.02221350940306371
        },
        {
            "params": {
                "C": 10.0,
                "penalty": "l2"
            },
            "score": 0.6741903193942728,
            "scoreStd": 0.019962037881574076,
            "fitTime": 0.0554,
            "fitTimeStd": 0.021564786110694446,
            "scoreTime": 0.053399999999999996,
            "scoreTimeStd": 0.022258481529520386
        },
        {
            "params": {
                "C": 1.0,
                "penalty": "l2"
            },
            "score": 0.6741907545271498,
            "scoreStd": 0.020350684511130285,
            "fitTime": 0.0322,
            "fitTimeStd": 0.007493997598078078,
            "scoreTime": 0.063,
            "scoreTimeStd": 0.014710540438746634
        },
        {
            "params": {
                "C": 100.0,
                "penalty": "l2"
            },
            "score": 0.6741487499848371,
            "scoreStd": 0.020020931335936118,
            "fitTime": 0.049,
            "fitTimeStd": 0.013784048752090222,
            "scoreTime": 0.044,
            "scoreTimeStd": 0.019462785001124583
        }
    ],
    "lmCoefficients": {
        "variables": [
            "Latitude",
            "Longitude",
            "dummy:Crime Category:Crimes Against Property",
            "dummy:Crime Category:Crimes Against Person",
            "dummy:Crime Category:Crimes Against Morality",
            "dummy:Crime type:Violence and sexual offences",
            "dummy:Crime type:Criminal damage and arson",
            "dummy:Crime type:Public order",
            "dummy:Crime type:Other theft",
            "dummy:Crime type:Shoplifting",
            "dummy:Crime type:Burglary",
            "dummy:Crime type:Vehicle crime",
            "dummy:Crime type:Drugs",
            "dummy:Crime type:Bicycle theft",
            "dummy:Crime type:Other crime",
            "dummy:Crime type:Possession of weapons",
            "dummy:Crime type:Robbery"
        ],
        "coefs": [
            -0.08402234745295133,
            -0.0035430881935706294,
            -0.639852670998164,
            -0.19833553947029642,
            0.9702960945449016,
            0.43246912542970145,
            1.0366894538106417,
            -0.21656235121964754,
            -0.6600109530371396,
            1.3771925899694204,
            -1.4319663531379112,
            -0.5229924347082183,
            0.8183372653011429,
            -0.4387649738946083,
            -0.42760458058464595,
            0.36852118046337845,
            0.5338963175575822
        ],
        "interceptCoef": -0.2954966965082436,
        "interceptStderr": null,
        "interceptTstat": null,
        "interceptPvalue": null,
        "rescaledCoefs": [
            -0.4738821203295615,
            -0.015974873460140048,
            -0.639852670998164,
            -0.19833553947029642,
            0.9702960945449016,
            0.43246912542970145,
            1.0366894538106417,
            -0.21656235121964754,
            -0.6600109530371396,
            1.3771925899694204,
            -1.4319663531379112,
            -0.5229924347082183,
            0.8183372653011429,
            -0.4387649738946083,
            -0.42760458058464595,
            0.36852118046337845,
            0.5338963175575822
        ],
        "rescaledInterceptCoef": 2406093817.7379055
    },
    "probaAware": true
}