{
  "state": "DONE",
  "preSearchDescription": {
    "gridLength": 5,
    "searchStrategy": "GRID",
    "importantParams": [
      {
        "name": "penalty",
        "vals": [
          "l2"
        ]
      },
      {
        "name": "C",
        "vals": [
          "0.01",
          "0.1",
          "1.0",
          "10.0",
          "100.0"
        ]
      }
    ]
  },
  "postSearchDescription": {
    "importantParams": [
      {
        "name": "C",
        "val": "0.1"
      },
      {
        "name": "penalty",
        "val": "l2"
      }
    ]
  },
  "resumed": false,
  "timeOrderingEnabled": false,
  "sampleWeightsEnabled": false,
  "modelId": "m1",
  "progress": {
    "top_level_todo": [],
    "stack": [],
    "top_level_done": [
      {
        "name": "Loading train set",
        "time": 55
      },
      {
        "name": "Loading test set",
        "time": 21
      },
      {
        "name": "Collecting statistics",
        "time": 11
      },
      {
        "name": "Preprocessing train set",
        "time": 40
      },
      {
        "name": "Preprocessing test set",
        "time": 18
      },
      {
        "name": "Hyperparameter searching",
        "time": 1019
      },
      {
        "name": "Fitting model",
        "time": 25
      },
      {
        "name": "Saving model",
        "time": 2
      },
      {
        "name": "Scoring model",
        "time": 1100
      }
    ]
  },
  "startTime": 1640288252930,
  "endTime": 1640288255457,
  "preprocessingTime": 148,
  "trainingTime": 2379,
  "hyperparamsSearchTime": 1019
}