{
  "description": "Include Date",
  "name": "Logistic Regression (test 3)",
  "starred": false,
  "clusterMetas": {},
  "customMeta": {
    "kv": {}
  },
  "tags": [],
  "activeClassifierThreshold": 0.8,
  "labels": [
    {
      "key": "trainDataset:dataset-name",
      "value": "prepared"
    },
    {
      "key": "testDataset:dataset-name",
      "value": "prepared"
    },
    {
      "key": "model:algorithm",
      "value": "LOGISTIC_REGRESSION"
    },
    {
      "key": "model:date",
      "value": "2021-12-23 19:37:35"
    }
  ]
}