{
  "params": {
    "ttPolicy": "SPLIT_SINGLE_DATASET",
    "ssdSplitMode": "RANDOM",
    "splitBeforePrepare": true,
    "ssdSelection": {
      "useMemTable": false,
      "filter": {
        "distinct": false,
        "enabled": false
      },
      "partitionSelectionMethod": "ALL",
      "latestPartitionsN": 1,
      "ordering": {
        "enabled": false,
        "rules": []
      },
      "samplingMethod": "FULL",
      "maxRecords": 100000,
      "targetRatio": 0.02,
      "withinFirstN": -1,
      "maxReadUncompressedBytes": -1
    },
    "ssdTrainingRatio": 0.8,
    "ssdSeed": 1337,
    "testOnLargerValues": true,
    "kfold": false,
    "nFolds": 5,
    "instanceIdRefresher": 0,
    "subSamplingSeed": 1337
  },
  "generationDate": 1640288119890,
  "policyId": "type\u003dSPLIT_SINGLE_DATASET,split\u003dRANDOM,splitBeforePrepare\u003dtrue,ds\u003dprepared,sel\u003d(method\u003dfull),r\u003d0.8,s\u003d1337",
  "instanceId": "b8cb996cd186463076159e7d6ce2c3f3-0",
  "format": "csv1",
  "schema": {
    "columns": [
      {"name":"Date","type":"date"},
      {"name":"Longitude","type":"double"},
      {"name":"Latitude","type":"double"},
      {"name":"Location","type":"string"},
      {"name":"LSOA name","type":"string"},
      {"name":"Crime type","type":"string"},
      {"name":"Crime Category","type":"string"},
      {"name":"Punishment","type":"string"},
      {"name":"GeoPoint","type":"string"}
    ],
    "userModified": false
  },
  "trainPath": "train-b8cb996cd186463076159e7d6ce2c3f3-0.csv.gz",
  "testPath": "test-b8cb996cd186463076159e7d6ce2c3f3-0.csv.gz",
  "trainRows": 10225,
  "testRows": 2611,
  "fullRows": 0
}