{
  "params": {
    "ttPolicy": "SPLIT_SINGLE_DATASET",
    "ssdSplitMode": "RANDOM",
    "splitBeforePrepare": true,
    "ssdSelection": {
      "useMemTable": false,
      "filter": {
        "distinct": false,
        "enabled": false
      },
      "partitionSelectionMethod": "ALL",
      "latestPartitionsN": 1,
      "ordering": {
        "enabled": false,
        "rules": []
      },
      "samplingMethod": "FULL",
      "maxRecords": 100000,
      "targetRatio": 0.02,
      "withinFirstN": -1,
      "maxReadUncompressedBytes": -1
    },
    "ssdTrainingRatio": 0.8,
    "ssdSeed": 1337,
    "testOnLargerValues": true,
    "kfold": true,
    "nFolds": 5,
    "instanceIdRefresher": 0,
    "subSamplingSeed": 1337
  },
  "generationDate": 1640287826482,
  "policyId": "type\u003dSPLIT_SINGLE_DATASET,split\u003dRANDOM_KFOLD,splitBeforePrepare\u003dtrue,ds\u003dprepared,sel\u003d(method\u003dfull),r\u003d0.8,s\u003d1337",
  "instanceId": "c25a81ef39ae7295f3f2cb4b42e246ae-0",
  "format": "csv1",
  "schema": {
    "columns": [
      {"name":"Date","type":"date"},
      {"name":"Longitude","type":"double"},
      {"name":"Latitude","type":"double"},
      {"name":"Location","type":"string"},
      {"name":"LSOA name","type":"string"},
      {"name":"Crime type","type":"string"},
      {"name":"Crime Category","type":"string"},
      {"name":"Punishment","type":"string"},
      {"name":"GeoPoint","type":"string"}
    ],
    "userModified": false
  },
  "fullPath": "full-c25a81ef39ae7295f3f2cb4b42e246ae-0.csv.gz",
  "trainRows": 0,
  "testRows": 0,
  "fullRows": 12836
}