{
    "startedAt": 1640288121494,
    "gridSize": 2,
    "nThreads": 4,
    "nSplits": 5,
    "metric": "ROC_AUC",
    "timeout": null,
    "gridPoints": [
        {
            "finishedAt": 1640288124687,
            "score": 0.6787816582637812,
            "testScoreGibMean": 0.6787816582637812,
            "testScoreMean": 0.6787816582637812,
            "testScoreStd": 0.03721634106883114,
            "trainScoreMean": 0.8387256639192249,
            "trainScoreStd": 0.006551284671590179,
            "time": 9307,
            "fitTimeMean": 1366.0,
            "fitTimeStd": 306.83676442043253,
            "scoreTimeMean": 495.4,
            "scoreTimeStd": 131.35539577801896,
            "best_iteration": null,
            "parameters": {
                "max_depth": 6,
                "max_features": "auto",
                "min_samples_leaf": 1,
                "n_estimators": 100,
                "min_samples_split": 3
            }
        },
        {
            "finishedAt": 1640288125618,
            "score": 0.6517261578488637,
            "testScoreGibMean": 0.6517261578488637,
            "testScoreMean": 0.6517261578488637,
            "testScoreStd": 0.029942316645811148,
            "trainScoreMean": 0.9904722748170619,
            "trainScoreStd": 0.0005424984980950299,
            "time": 6202,
            "fitTimeMean": 865.4,
            "fitTimeStd": 275.01752671420775,
            "scoreTimeMean": 375.0,
            "scoreTimeStd": 205.79309998151055,
            "best_iteration": null,
            "parameters": {
                "max_depth": 13,
                "max_features": "auto",
                "min_samples_leaf": 1,
                "n_estimators": 100,
                "min_samples_split": 3
            }
        }
    ]
}