[
    {
        "test_score_gib": 0.6959073739219342,
        "train_score": 0.8449345380014222,
        "test_score": 0.6959073739219342,
        "num_samples": 2046,
        "fit_time": 1402,
        "score_time": 372,
        "time": 1774,
        "parameters": {
            "max_depth": 6,
            "max_features": "auto",
            "min_samples_leaf": 1,
            "n_estimators": 100,
            "min_samples_split": 3
        },
        "best_iteration": null,
        "done_at": 1640288123271,
        "split_id": 0
    },
    {
        "test_score_gib": 0.6766039629268478,
        "train_score": 0.8297208229508393,
        "test_score": 0.6766039629268478,
        "num_samples": 2046,
        "fit_time": 1558,
        "score_time": 332,
        "time": 1890,
        "parameters": {
            "max_depth": 6,
            "max_features": "auto",
            "min_samples_leaf": 1,
            "n_estimators": 100,
            "min_samples_split": 3
        },
        "best_iteration": null,
        "done_at": 1640288123431,
        "split_id": 1
    },
    {
        "test_score_gib": 0.6082111464726832,
        "train_score": 0.832551532532712,
        "test_score": 0.6082111464726832,
        "num_samples": 2045,
        "fit_time": 1542,
        "score_time": 485,
        "time": 2027,
        "parameters": {
            "max_depth": 6,
            "max_features": "auto",
            "min_samples_leaf": 1,
            "n_estimators": 100,
            "min_samples_split": 3
        },
        "best_iteration": null,
        "done_at": 1640288123593,
        "split_id": 2
    },
    {
        "test_score_gib": 0.6995433657707755,
        "train_score": 0.8403390677124525,
        "test_score": 0.6995433657707755,
        "num_samples": 2044,
        "fit_time": 1564,
        "score_time": 638,
        "time": 2202,
        "parameters": {
            "max_depth": 6,
            "max_features": "auto",
            "min_samples_leaf": 1,
            "n_estimators": 100,
            "min_samples_split": 3
        },
        "best_iteration": null,
        "done_at": 1640288123777,
        "split_id": 3
    },
    {
        "test_score_gib": 0.7136623416743899,
        "train_score": 0.8460881147906545,
        "test_score": 0.7136623416743899,
        "num_samples": 2044,
        "fit_time": 764,
        "score_time": 650,
        "time": 1414,
        "parameters": {
            "max_depth": 6,
            "max_features": "auto",
            "min_samples_leaf": 1,
            "n_estimators": 100,
            "min_samples_split": 3
        },
        "best_iteration": null,
        "done_at": 1640288124687,
        "split_id": 4
    },
    {
        "test_score_gib": 0.6755578486968541,
        "train_score": 0.9894875380193487,
        "test_score": 0.6755578486968541,
        "num_samples": 2046,
        "fit_time": 1171,
        "score_time": 453,
        "time": 1624,
        "parameters": {
            "max_depth": 13,
            "max_features": "auto",
            "min_samples_leaf": 1,
            "n_estimators": 100,
            "min_samples_split": 3
        },
        "best_iteration": null,
        "done_at": 1640288125061,
        "split_id": 0
    },
    {
        "test_score_gib": 0.6695746433271166,
        "train_score": 0.991140072543009,
        "test_score": 0.6695746433271166,
        "num_samples": 2046,
        "fit_time": 1116,
        "score_time": 564,
        "time": 1680,
        "parameters": {
            "max_depth": 13,
            "max_features": "auto",
            "min_samples_leaf": 1,
            "n_estimators": 100,
            "min_samples_split": 3
        },
        "best_iteration": null,
        "done_at": 1640288125277,
        "split_id": 1
    },
    {
        "test_score_gib": 0.5936102902174736,
        "train_score": 0.9906969588337218,
        "test_score": 0.5936102902174736,
        "num_samples": 2045,
        "fit_time": 939,
        "score_time": 595,
        "time": 1534,
        "parameters": {
            "max_depth": 13,
            "max_features": "auto",
            "min_samples_leaf": 1,
            "n_estimators": 100,
            "min_samples_split": 3
        },
        "best_iteration": null,
        "done_at": 1640288125319,
        "split_id": 2
    },
    {
        "test_score_gib": 0.6664011816496757,
        "train_score": 0.9905329226304804,
        "test_score": 0.6664011816496757,
        "num_samples": 2044,
        "fit_time": 646,
        "score_time": 170,
        "time": 816,
        "parameters": {
            "max_depth": 13,
            "max_features": "auto",
            "min_samples_leaf": 1,
            "n_estimators": 100,
            "min_samples_split": 3
        },
        "best_iteration": null,
        "done_at": 1640288125505,
        "split_id": 3
    },
    {
        "test_score_gib": 0.6534744748223664,
        "train_score": 0.9905040822515714,
        "test_score": 0.6534744748223664,
        "num_samples": 2044,
        "fit_time": 455,
        "score_time": 93,
        "time": 548,
        "parameters": {
            "max_depth": 13,
            "max_features": "auto",
            "min_samples_leaf": 1,
            "n_estimators": 100,
            "min_samples_split": 3
        },
        "best_iteration": null,
        "done_at": 1640288125618,
        "split_id": 4
    }
]