{
    "modelInputNRows": 10225,
    "modelInputNCols": 23,
    "modelInputIsSparse": false,
    "modelInputMemory": 1881400,
    "usedGridSearch": true,
    "gridSize": 2,
    "gridBestScore": 0.6787816582637812,
    "gridCells": [
        {
            "params": {
                "max_depth": 6,
                "max_features": "auto",
                "min_samples_leaf": 1,
                "n_estimators": 100,
                "min_samples_split": 3
            },
            "score": 0.6787816582637812,
            "scoreStd": 0.03721634106883114,
            "fitTime": 1.366,
            "fitTimeStd": 0.3068367644204325,
            "scoreTime": 0.49539999999999995,
            "scoreTimeStd": 0.13135539577801897
        },
        {
            "params": {
                "max_depth": 13,
                "max_features": "auto",
                "min_samples_leaf": 1,
                "n_estimators": 100,
                "min_samples_split": 3
            },
            "score": 0.6517261578488637,
            "scoreStd": 0.029942316645811148,
            "fitTime": 0.8654,
            "fitTimeStd": 0.27501752671420776,
            "scoreTime": 0.375,
            "scoreTimeStd": 0.20579309998151055
        }
    ],
    "rawImportance": {
        "variables": [
            "Latitude",
            "Longitude",
            "dummy:Crime Category:Crimes Against Property",
            "dummy:Crime Category:Crimes Against Person",
            "dummy:Crime Category:Crimes Against Morality",
            "dummy:Crime Category:Other",
            "dummy:Crime type:Violence and sexual offences",
            "dummy:Crime type:Criminal damage and arson",
            "dummy:Crime type:Public order",
            "dummy:Crime type:Other theft",
            "dummy:Crime type:Shoplifting",
            "dummy:Crime type:Burglary",
            "dummy:Crime type:Vehicle crime",
            "dummy:Crime type:Drugs",
            "dummy:Crime type:Bicycle theft",
            "dummy:Crime type:Other crime",
            "dummy:Crime type:Possession of weapons",
            "dummy:Crime type:Robbery",
            "dummy:Crime type:Theft from the person"
        ],
        "importances": [
            0.26603635115529994,
            0.22781525773985742,
            0.02580206891499877,
            0.007023359847749222,
            0.08577124887532869,
            0.0035020004217424716,
            0.011075107224622233,
            0.021835129302368042,
            0.01632365439179036,
            0.06179849561312497,
            0.034924113810916604,
            0.09093751930457257,
            0.04800968656820152,
            0.07683269581602446,
            0.006884281139831781,
            0.0038164950650084357,
            0.00869998523152023,
            0.0008454382340230647,
            0.0020671113430191512
        ]
    },
    "probaAware": true
}