{
    "metrics": {},
    "processed_feature_names": [
        "Latitude",
        "Longitude",
        "dummy:Crime Category:Crimes Against Property",
        "dummy:Crime Category:Crimes Against Person",
        "dummy:Crime Category:Crimes Against Morality",
        "dummy:Crime Category:Other",
        "dummy:Crime Category:N/A",
        "dummy:Crime Category:__Others__",
        "dummy:Crime type:Violence and sexual offences",
        "dummy:Crime type:Criminal damage and arson",
        "dummy:Crime type:Public order",
        "dummy:Crime type:Other theft",
        "dummy:Crime type:Shoplifting",
        "dummy:Crime type:Burglary",
        "dummy:Crime type:Vehicle crime",
        "dummy:Crime type:Drugs",
        "dummy:Crime type:Bicycle theft",
        "dummy:Crime type:Other crime",
        "dummy:Crime type:Possession of weapons",
        "dummy:Crime type:Robbery",
        "dummy:Crime type:Theft from the person",
        "dummy:Crime type:N/A",
        "dummy:Crime type:__Others__"
    ],
    "tiMetrics": {
        "auc": 0.6898927828288522,
        "logLoss": 0.5430413138724232,
        "lift": 1.5590386624869383,
        "calibrationLoss": 0.3726709061556888
    },
    "probaPercentiles": [
        0.10957962115665287,
        0.1122556285339235,
        0.11562243946572301,
        0.123233158043864,
        0.12888466049068747,
        0.13363547203254494,
        0.14281673193728583,
        0.14794017464858644,
        0.15397504491258038,
        0.155810634991797,
        0.15837332505564927,
        0.16305773371973104,
        0.17779657338439356,
        0.18470782380350584,
        0.19193621725039506,
        0.19955737725972622,
        0.20654303431251306,
        0.21586713219135398,
        0.229194258127493,
        0.2417141737079104,
        0.2695103802745606,
        0.2907545964446332,
        0.309829382197686,
        0.3260055926879638,
        0.333120172228924,
        0.33685454457858977,
        0.3441861098652406,
        0.3566446516627853,
        0.36623905876120966,
        0.3796031930331511,
        0.389512054530814,
        0.39831022329580984,
        0.405021616342548,
        0.4091149647180323,
        0.4134589474728234,
        0.416797268770721,
        0.41969667577796377,
        0.42400452073465855,
        0.42824523543920484,
        0.4315617531654378,
        0.4324324044715847,
        0.43361028929741585,
        0.4356371019823511,
        0.4366036858525677,
        0.43779828034433493,
        0.4385076789468606,
        0.43996757629133354,
        0.4421423977267269,
        0.44420268973696414,
        0.44565839120835443,
        0.4478902226442748,
        0.4499871212861556,
        0.45165423262846965,
        0.4519613539741225,
        0.45311140342001194,
        0.454280053279564,
        0.4559865388361478,
        0.4580823858303996,
        0.4586358504279515,
        0.4589429717736044,
        0.46032324154681353,
        0.462377881970792,
        0.46304442166626025,
        0.46363222240345736,
        0.46470258255274166,
        0.4647115330085744,
        0.4649447586250075,
        0.4659526810323238,
        0.46675675787789134,
        0.4677132807525776,
        0.46966954203393985,
        0.47264645839528907,
        0.47366152708207787,
        0.4753982652769341,
        0.4769811168251586,
        0.47780801166556486,
        0.47955229043415737,
        0.4812812558204037,
        0.48586841649159035,
        0.4887598706692111,
        0.4908258695074658,
        0.49379468552901934,
        0.4991099607204834,
        0.5068890035063438,
        0.51323938666647,
        0.5219556589406493,
        0.526383348312354,
        0.5312474723937466,
        0.5374655665180127,
        0.5438096041570627,
        0.5569822476112967,
        0.5672948808291569,
        0.5743065533871043,
        0.5887234682393256,
        0.6039617040618518,
        0.6121039244665085,
        0.621790515829558,
        0.6602010017047806,
        0.7409820007677392
    ],
    "perCutData": {
        "cut": [
            0,
            0.025,
            0.05,
            0.075,
            0.1,
            0.125,
            0.15,
            0.175,
            0.2,
            0.225,
            0.25,
            0.275,
            0.3,
            0.325,
            0.35,
            0.375,
            0.4,
            0.425,
            0.45,
            0.475,
            0.5,
            0.525,
            0.55,
            0.575,
            0.6,
            0.625,
            0.65,
            0.675,
            0.7,
            0.725,
            0.75,
            0.775,
            0.8,
            0.825,
            0.85,
            0.875,
            0.9,
            0.925,
            0.95,
            0.975
        ],
        "tp": [
            77,
            77,
            77,
            77,
            77,
            77,
            76,
            76,
            76,
            76,
            76,
            76,
            75,
            75,
            72,
            71,
            70,
            69,
            55,
            37,
            26,
            24,
            20,
            16,
            15,
            11,
            8,
            4,
            4,
            4,
            1,
            1,
            0,
            0,
            0,
            0,
            0,
            0,
            0,
            0
        ],
        "tn": [
            0,
            0,
            0,
            0,
            7,
            108,
            212,
            332,
            419,
            480,
            528,
            551,
            587,
            623,
            717,
            765,
            840,
            989,
            1337,
            1887,
            2122,
            2208,
            2307,
            2371,
            2411,
            2472,
            2483,
            2498,
            2503,
            2509,
            2515,
            2526,
            2533,
            2534,
            2534,
            2534,
            2534,
            2534,
            2534,
            2534
        ],
        "fp": [
            2534,
            2534,
            2534,
            2534,
            2527,
            2426,
            2322,
            2202,
            2115,
            2054,
            2006,
            1983,
            1947,
            1911,
            1817,
            1769,
            1694,
            1545,
            1197,
            647,
            412,
            326,
            227,
            163,
            123,
            62,
            51,
            36,
            31,
            25,
            19,
            8,
            1,
            0,
            0,
            0,
            0,
            0,
            0,
            0
        ],
        "fn": [
            0,
            0,
            0,
            0,
            0,
            0,
            1,
            1,
            1,
            1,
            1,
            1,
            2,
            2,
            5,
            6,
            7,
            8,
            22,
            40,
            51,
            53,
            57,
            61,
            62,
            66,
            69,
            73,
            73,
            73,
            76,
            76,
            77,
            77,
            77,
            77,
            77,
            77,
            77,
            77
        ],
        "precision": [
            0.029490616621983913,
            0.029490616621983913,
            0.029490616621983913,
            0.029490616621983913,
            0.02956989247311828,
            0.03076308429884139,
            0.0316930775646372,
            0.033362598770851626,
            0.03468735737106344,
            0.03568075117370892,
            0.03650336215177714,
            0.036911121903836816,
            0.037091988130563795,
            0.0377643504531722,
            0.03811540497617787,
            0.03858695652173913,
            0.03968253968253968,
            0.04275092936802974,
            0.0439297124600639,
            0.054093567251461985,
            0.0593607305936073,
            0.06857142857142857,
            0.08097165991902834,
            0.0893854748603352,
            0.10869565217391304,
            0.1506849315068493,
            0.13559322033898305,
            0.1,
            0.11428571428571428,
            0.13793103448275862,
            0.05,
            0.1111111111111111,
            0.0,
            1.0,
            1.0,
            1.0,
            1.0,
            1.0,
            1.0,
            1.0
        ],
        "recall": [
            1.0,
            1.0,
            1.0,
            1.0,
            1.0,
            1.0,
            0.987012987012987,
            0.987012987012987,
            0.987012987012987,
            0.987012987012987,
            0.987012987012987,
            0.987012987012987,
            0.974025974025974,
            0.974025974025974,
            0.935064935064935,
            0.922077922077922,
            0.9090909090909091,
            0.8961038961038961,
            0.7142857142857143,
            0.4805194805194805,
            0.33766233766233766,
            0.3116883116883117,
            0.2597402597402597,
            0.2077922077922078,
            0.19480519480519481,
            0.14285714285714285,
            0.1038961038961039,
            0.05194805194805195,
            0.05194805194805195,
            0.05194805194805195,
            0.012987012987012988,
            0.012987012987012988,
            0.0,
            0.0,
            0.0,
            0.0,
            0.0,
            0.0,
            0.0,
            0.0
        ],
        "accuracy": [
            0.029490616621983913,
            0.029490616621983913,
            0.029490616621983913,
            0.029490616621983913,
            0.032171581769437,
            0.07085407889697434,
            0.11030256606664113,
            0.15626196859440827,
            0.18958253542703946,
            0.21294523171198773,
            0.2313289927230946,
            0.2401378782075833,
            0.25354270394484874,
            0.26733052470317886,
            0.30218307162006897,
            0.32018383761011104,
            0.3485254691689008,
            0.4052087322864803,
            0.5331290693220988,
            0.7368824205285331,
            0.8226733052470317,
            0.8548448870164688,
            0.8912294140176178,
            0.9142091152815014,
            0.9291459211030256,
            0.9509766373037151,
            0.9540405974722329,
            0.9582535427039448,
            0.9601685178092685,
            0.9624664879356568,
            0.963615472998851,
            0.967828418230563,
            0.9701263883569513,
            0.9705093833780161,
            0.9705093833780161,
            0.9705093833780161,
            0.9705093833780161,
            0.9705093833780161,
            0.9705093833780161,
            0.9705093833780161
        ],
        "f1": [
            0.057291666666666664,
            0.057291666666666664,
            0.057291666666666664,
            0.057291666666666664,
            0.057441253263707574,
            0.059689922480620154,
            0.061414141414141414,
            0.06454352441613588,
            0.06701940035273368,
            0.06887177163570458,
            0.07040296433534043,
            0.07116104868913858,
            0.07146260123868509,
            0.07270964614638875,
            0.07324516785350967,
            0.07407407407407407,
            0.07604562737642585,
            0.08160851567120048,
            0.08276899924755454,
            0.09724047306176083,
            0.10097087378640777,
            0.11241217798594849,
            0.12345679012345678,
            0.125,
            0.13953488372093023,
            0.14666666666666667,
            0.11764705882352941,
            0.06837606837606838,
            0.07142857142857144,
            0.07547169811320754,
            0.020618556701030927,
            0.023255813953488372,
            0.0,
            0.0,
            0.0,
            0.0,
            0.0,
            0.0,
            0.0,
            0.0
        ],
        "mcc": [
            0.0,
            0.0,
            0.0,
            0.0,
            0.009037963589069348,
            0.03620958190499251,
            0.04368186850949062,
            0.05986132058669384,
            0.07015938915342432,
            0.07699731068243355,
            0.08223540025466707,
            0.08471304973426731,
            0.08324977931302519,
            0.08717849408092487,
            0.0824620317016793,
            0.08306280759555675,
            0.08694045839463614,
            0.09972778128212609,
            0.08192013117105265,
            0.08664282271448842,
            0.07926879854159882,
            0.09088778575210645,
            0.09836266437465176,
            0.09604891769922534,
            0.11059576123246018,
            0.12149434754235643,
            0.09536080667947777,
            0.05198572175684216,
            0.05842383236449482,
            0.0679313532757983,
            0.010651042034716939,
            0.02837429202568951,
            -0.0034121004155479163,
            0.0,
            0.0,
            0.0,
            0.0,
            0.0,
            0.0,
            0.0
        ],
        "hammingLoss": [
            0.9705093833780161,
            0.9705093833780161,
            0.9705093833780161,
            0.9705093833780161,
            0.967828418230563,
            0.9291459211030256,
            0.8896974339333589,
            0.8437380314055918,
            0.8104174645729606,
            0.7870547682880122,
            0.7686710072769054,
            0.7598621217924167,
            0.7464572960551513,
            0.7326694752968211,
            0.697816928379931,
            0.679816162389889,
            0.6514745308310992,
            0.5947912677135198,
            0.4668709306779012,
            0.26311757947146686,
            0.17732669475296822,
            0.1451551129835312,
            0.10877058598238223,
            0.08579088471849866,
            0.07085407889697434,
            0.04902336269628495,
            0.04595940252776714,
            0.04174645729605515,
            0.03983148219073152,
            0.03753351206434316,
            0.036384527001148984,
            0.032171581769437,
            0.02987361164304864,
            0.029490616621983913,
            0.029490616621983913,
            0.029490616621983913,
            0.029490616621983913,
            0.029490616621983913,
            0.029490616621983913,
            0.029490616621983913
        ],
        "assertionsMetrics": []
    },
    "optimalThreshold": 0.625,
    "usedThreshold": 0.625,
    "rocVizData": [
        [
            {
                "x": 0.0,
                "y": 0.0,
                "p": 1.8110878686219862
            },
            {
                "x": 0.009865824782951855,
                "y": 0.05194805194805195,
                "p": 0.7314824959325396
            },
            {
                "x": 0.019337016574585635,
                "y": 0.1038961038961039,
                "p": 0.6524122317486062
            },
            {
                "x": 0.026045777426992895,
                "y": 0.15584415584415584,
                "p": 0.6222671486555941
            },
            {
                "x": 0.04853985793212313,
                "y": 0.19480519480519481,
                "p": 0.6004651734716393
            },
            {
                "x": 0.07379636937647988,
                "y": 0.22077922077922077,
                "p": 0.5686715160435224
            },
            {
                "x": 0.08681925808997633,
                "y": 0.2597402597402597,
                "p": 0.5549486717699579
            },
            {
                "x": 0.11286503551696922,
                "y": 0.2857142857142857,
                "p": 0.5323674018134811
            },
            {
                "x": 0.13417521704814522,
                "y": 0.3246753246753247,
                "p": 0.5223910127054476
            },
            {
                "x": 0.17245461720599842,
                "y": 0.33766233766233766,
                "p": 0.4942385114509909
            },
            {
                "x": 0.1894238358326756,
                "y": 0.37662337662337664,
                "p": 0.4906260227607991
            },
            {
                "x": 0.20086819258089977,
                "y": 0.42857142857142855,
                "p": 0.4866873445968172
            },
            {
                "x": 0.22533543804262035,
                "y": 0.45454545454545453,
                "p": 0.47944229620058637
            },
            {
                "x": 0.25611681136543013,
                "y": 0.4805194805194805,
                "p": 0.4745514090445152
            },
            {
                "x": 0.2936069455406472,
                "y": 0.4935064935064935,
                "p": 0.4679874703757808
            },
            {
                "x": 0.31018153117600633,
                "y": 0.5324675324675324,
                "p": 0.46627207556016514
            },
            {
                "x": 0.34333070244672453,
                "y": 0.5714285714285714,
                "p": 0.4647115330085744
            },
            {
                "x": 0.3701657458563536,
                "y": 0.5974025974025974,
                "p": 0.46279447816542046
            },
            {
                "x": 0.40015785319652725,
                "y": 0.6363636363636364,
                "p": 0.4589429717736044
            },
            {
                "x": 0.4155485398579321,
                "y": 0.6753246753246753,
                "p": 0.4573173752732057
            },
            {
                "x": 0.468034727703236,
                "y": 0.7142857142857143,
                "p": 0.45165423262846965
            },
            {
                "x": 0.48342541436464087,
                "y": 0.7532467532467533,
                "p": 0.4476161902586046
            },
            {
                "x": 0.5228887134964483,
                "y": 0.7792207792207793,
                "p": 0.43996757629133354
            },
            {
                "x": 0.5505130228887135,
                "y": 0.8181818181818182,
                "p": 0.43699118501855894
            },
            {
                "x": 0.5781373322809787,
                "y": 0.8441558441558441,
                "p": 0.4326018666938593
            },
            {
                "x": 0.606156274664562,
                "y": 0.8831168831168831,
                "p": 0.42798405787097876
            },
            {
                "x": 0.6349644830307813,
                "y": 0.9090909090909091,
                "p": 0.416797268770721
            },
            {
                "x": 0.6795580110497238,
                "y": 0.922077922077922,
                "p": 0.3908496024272898
            },
            {
                "x": 0.7170481452249408,
                "y": 0.935064935064935,
                "p": 0.3511405103086036
            },
            {
                "x": 0.7426992896606156,
                "y": 0.974025974025974,
                "p": 0.3332357818377821
            },
            {
                "x": 0.7845303867403315,
                "y": 0.987012987012987,
                "p": 0.26883297014851276
            },
            {
                "x": 0.8366219415943172,
                "y": 0.987012987012987,
                "p": 0.19772116022760894
            },
            {
                "x": 0.8871349644830308,
                "y": 0.987012987012987,
                "p": 0.15837332505564927
            },
            {
                "x": 0.9273875295974744,
                "y": 1.0,
                "p": 0.14282732808719925
            },
            {
                "x": 0.9790844514601421,
                "y": 1.0,
                "p": 0.11270889778759695
            },
            {
                "x": 1.0,
                "y": 1.0,
                "p": 0.09052477902927347
            }
        ]
    ],
    "liftVizData": {
        "bins": [
            {
                "bin_pos_prop": 0.0769230769,
                "bin_lift": 2.6083916084,
                "cum_lift": 0.2597402597,
                "cum_size": 0.0995787055,
                "bin_min": 0.5438096042,
                "bin_max": 0.8110878686,
                "percentile_idx": 0
            },
            {
                "bin_pos_prop": 0.0344827586,
                "bin_lift": 1.1692789969,
                "cum_lift": 0.3766233766,
                "cum_size": 0.199540406,
                "bin_min": 0.4887598707,
                "bin_max": 0.5438096042,
                "percentile_idx": 1
            },
            {
                "bin_pos_prop": 0.0344827586,
                "bin_lift": 1.1692789969,
                "cum_lift": 0.4935064935,
                "cum_size": 0.2995021065,
                "bin_min": 0.4677132808,
                "bin_max": 0.4887598707,
                "percentile_idx": 2
            },
            {
                "bin_pos_prop": 0.0396825397,
                "bin_lift": 1.3455988456,
                "cum_lift": 0.6233766234,
                "cum_size": 0.3960168518,
                "bin_min": 0.4589429718,
                "bin_max": 0.4677132808,
                "percentile_idx": 3
            },
            {
                "bin_pos_prop": 0.036900369,
                "bin_lift": 1.2512579671,
                "cum_lift": 0.7532467532,
                "cum_size": 0.4998085025,
                "bin_min": 0.4456583912,
                "bin_max": 0.4589429718,
                "percentile_idx": 4
            },
            {
                "bin_pos_prop": 0.0308880309,
                "bin_lift": 1.0473850474,
                "cum_lift": 0.8571428571,
                "cum_size": 0.5990042129,
                "bin_min": 0.4315617532,
                "bin_max": 0.4456583912,
                "percentile_idx": 5
            },
            {
                "bin_pos_prop": 0.0190114068,
                "bin_lift": 0.644659523,
                "cum_lift": 0.9220779221,
                "cum_size": 0.6997319035,
                "bin_min": 0.379603193,
                "bin_max": 0.4315617532,
                "percentile_idx": 6
            },
            {
                "bin_pos_prop": 0.0191570881,
                "bin_lift": 0.6495994427,
                "cum_lift": 0.987012987,
                "cum_size": 0.799693604,
                "bin_min": 0.2417141737,
                "bin_max": 0.379603193,
                "percentile_idx": 7
            },
            {
                "bin_pos_prop": 0.0,
                "bin_lift": 0.0,
                "cum_lift": 0.987012987,
                "cum_size": 0.8954423592,
                "bin_min": 0.155810635,
                "bin_max": 0.2417141737,
                "percentile_idx": 8
            },
            {
                "bin_pos_prop": 0.0036630037,
                "bin_lift": 0.1242091242,
                "cum_lift": 1.0,
                "cum_size": 1.0,
                "bin_min": 0.090524779,
                "bin_max": 0.155810635,
                "percentile_idx": 9
            }
        ],
        "wizard": {
            "positives": 77,
            "total": 2611
        }
    },
    "densityData": {
        "0": {
            "correct": [
                8.052946978363298e-11,
                5.270282592196582e-10,
                3.1198991429331947e-09,
                1.6718515375477612e-08,
                8.11754913378376e-08,
                3.57571852589174e-07,
                1.431209267219896e-06,
                5.215680321667556e-06,
                1.7348061617529818e-05,
                5.28190752796066e-05,
                0.00014769987254250336,
                0.00038070534771565353,
                0.0009078204650195106,
                0.0020093835837376325,
                0.004139434191800535,
                0.007950511374857111,
                0.014247778713882596,
                0.023820083088215135,
                0.03712769734523418,
                0.053911599583804315,
                0.07289796495718029,
                0.09182206638546006,
                0.1079051248689573,
                0.11869204834186406,
                0.1229289051149402,
                0.12109670911756389,
                0.11538139204356157,
                0.10913398262623257,
                0.10607688916007948,
                0.10955542581185153,
                0.12206849085461804,
                0.14520399239001727,
                0.17993348652046015,
                0.22697379474697785,
                0.28676626428862156,
                0.3588353286202016,
                0.44089364562210726,
                0.5285924895176939,
                0.6166462728374197,
                0.701113720704851,
                0.7816373860844655,
                0.8623601886550282,
                0.9512466981900237,
                1.0588491423553728,
                1.198044108426837,
                1.385305983670485,
                1.6420265169476327,
                1.9925687300296961,
                2.455988708858044,
                3.0317660108784725,
                3.685274017402086,
                4.342397169164846,
                4.900745343558508,
                5.256837768139881,
                5.338956302671905,
                5.130840138553394,
                4.675584033304451,
                4.05930745504235,
                3.383595647403702,
                2.7389122737953895,
                2.187675923413282,
                1.7592273535643281,
                1.4538653685143383,
                1.2515141327492803,
                1.1215911180386149,
                1.0322004859049336,
                0.9575015898230071,
                0.8821539317768543,
                0.8021065278379083,
                0.7221234396005138,
                0.6516387536196083,
                0.600808345946875,
                0.5778114211450986,
                0.5873931696256022,
                0.6302183928489449,
                0.7028840654952231,
                0.7987772985473907,
                0.9098132453628284,
                1.028498322613743,
                1.1492641986704644,
                1.2681444787184577,
                1.3807520242198068,
                1.4797003145735026,
                1.5532538166741574,
                1.5865136294638407,
                1.5651136638487317,
                1.4801166656073301,
                1.3322291238534145,
                1.1336061917796025,
                0.9061791814090606,
                0.6766077943465258,
                0.4694739008371097,
                0.30139066081796934,
                0.178363515961924,
                0.09701981833168556,
                0.048393391450644634,
                0.022095599378234482,
                0.009222067940635613,
                0.003514850630282104,
                0.0012223719347916522
            ],
            "incorrect": [
                2.7544146634704753e-06,
                7.287817971765859e-06,
                1.8445315109127045e-05,
                4.466831905590723e-05,
                0.00010352811861380688,
                0.00022972039566040037,
                0.00048817903406735646,
                0.0009939678823972775,
                0.0019398790551913236,
                0.003630792992232179,
                0.006520599827794481,
                0.01124307601842183,
                0.018623526118356083,
                0.029655016637844756,
                0.04542394422691451,
                0.0669766124918825,
                0.0951324067048638,
                0.13026888809391426,
                0.172125720628332,
                0.21969101486826056,
                0.27123678019959296,
                0.32455150493643037,
                0.37737340809164754,
                0.42796225752078293,
                0.47567718561245037,
                0.5213793762906127,
                0.5674809180275082,
                0.6175323611806864,
                0.6753746068524823,
                0.7440385174701056,
                0.8246997689266536,
                0.9160302117123639,
                1.014202231589348,
                1.113617352063734,
                1.2082063241112921,
                1.292967116207986,
                1.3653373707609957,
                1.4260635882430261,
                1.479401114511346,
                1.532685725175414,
                1.5954757087647051,
                1.6785117230445044,
                1.7926681193465017,
                1.9479185749628276,
                2.152197120239299,
                2.4099956056094745,
                2.7206548052156183,
                3.076559938095819,
                3.46174343117792,
                3.851580366757705,
                4.214201140117044,
                4.513890150820921,
                4.716162288636501,
                4.793597480932438,
                4.7311015212847325,
                4.529233176629365,
                4.204644778693288,
                3.7874146992204656,
                3.3158695830398277,
                2.830133450282464,
                2.365901634897983,
                1.9497622341758083,
                1.596868539021833,
                1.311096257912091,
                1.087213797564345,
                0.9142128978095435,
                0.7788544602707017,
                0.6686469679742583,
                0.5737930658489342,
                0.4879934195003786,
                0.40828508921575973,
                0.33425705132744976,
                0.26701930685222175,
                0.20823334013963044,
                0.1593890288580722,
                0.12138542987631301,
                0.09437601746054053,
                0.07778973021036036,
                0.07043625678605182,
                0.0706330563614989,
                0.07633224718508765,
                0.08525802784262063,
                0.09507666681967712,
                0.1036087143493724,
                0.10906529246577308,
                0.11026265078025096,
                0.10675734043402994,
                0.09885670478734085,
                0.08749266641830102,
                0.07398762984198867,
                0.059772789699871494,
                0.046128947565003235,
                0.03400588029011417,
                0.02394625491359863,
                0.016107224480412612,
                0.010349076797807395,
                0.006351545975556382,
                0.003723520971881341,
                0.002085088439853536,
                0.001115299159116651
            ],
            "correctMedian": 0.5556969691766369,
            "incorrectMedian": 0.5324401710371405
        },
        "1": {
            "correct": [
                0.001115299159116645,
                0.002085088439853536,
                0.003723520971881351,
                0.006351545975556376,
                0.010349076797807421,
                0.01610722448041268,
                0.023946254913598673,
                0.03400588029011429,
                0.0461289475650033,
                0.059772789699871626,
                0.07398762984198892,
                0.08749266641830117,
                0.09885670478734103,
                0.10675734043403008,
                0.1102626507802511,
                0.10906529246577318,
                0.1036087143493724,
                0.095076666819677,
                0.08525802784262052,
                0.07633224718508748,
                0.07063305636149877,
                0.07043625678605173,
                0.07778973021036026,
                0.09437601746054057,
                0.12138542987631327,
                0.1593890288580724,
                0.20823334013963107,
                0.2670193068522221,
                0.3342570513274505,
                0.4082850892157606,
                0.48799341950037906,
                0.573793065848935,
                0.6686469679742585,
                0.7788544602707017,
                0.9142128978095444,
                1.0872137975643459,
                1.3110962579120946,
                1.596868539021833,
                1.9497622341758116,
                2.3659016348979853,
                2.830133450282467,
                3.315869583039831,
                3.7874146992204722,
                4.204644778693299,
                4.529233176629373,
                4.731101521284737,
                4.793597480932438,
                4.7161622886365056,
                4.513890150820913,
                4.214201140117044,
                3.851580366757705,
                3.4617434311779136,
                3.0765599380958135,
                2.720654805215616,
                2.4099956056094722,
                2.1521971202393013,
                1.9479185749628276,
                1.792668119346505,
                1.6785117230445072,
                1.5954757087647067,
                1.5326857251754182,
                1.479401114511346,
                1.4260635882430261,
                1.3653373707609968,
                1.292967116207985,
                1.2082063241112921,
                1.1136173520637311,
                1.0142022315893453,
                0.9160302117123605,
                0.8246997689266508,
                0.744038517470103,
                0.6753746068524793,
                0.6175323611806843,
                0.5674809180275064,
                0.521379376290611,
                0.47567718561244887,
                0.4279622575207812,
                0.37737340809164616,
                0.3245515049364286,
                0.27123678019959135,
                0.2196910148682587,
                0.17212572062833056,
                0.1302688880939127,
                0.09513240670486257,
                0.06697661249188169,
                0.045423944226913746,
                0.02965501663784428,
                0.018623526118355684,
                0.01124307601842161,
                0.006520599827794307,
                0.0036307929922320824,
                0.0019398790551912754,
                0.000993967882397244,
                0.00048817903406734084,
                0.0002297203956603918,
                0.00010352811861380284,
                4.466831905590556e-05,
                1.8445315109126225e-05,
                7.287817971765536e-06,
                2.7544146634703627e-06
            ],
            "incorrect": [
                0.0012223719347916348,
                0.003514850630282089,
                0.009222067940635582,
                0.022095599378234482,
                0.048393391450645154,
                0.09701981833168626,
                0.17836351596192432,
                0.30139066081797017,
                0.4694739008371047,
                0.6766077943465258,
                0.9061791814090678,
                1.1336061917796116,
                1.3322291238534099,
                1.480116665607317,
                1.5651136638487568,
                1.5865136294638549,
                1.5532538166741574,
                1.4797003145734895,
                1.3807520242198215,
                1.2681444787184668,
                1.1492641986704593,
                1.028498322613733,
                0.9098132453628299,
                0.7987772985473836,
                0.7028840654952287,
                0.6302183928489465,
                0.5873931696255943,
                0.5778114211450955,
                0.6008083459468756,
                0.6516387536196072,
                0.7221234396005259,
                0.8021065278379055,
                0.8821539317768747,
                0.9575015898230148,
                1.0322004859049547,
                1.1215911180386169,
                1.2515141327492803,
                1.453865368514279,
                1.759227353564353,
                2.1876759234133245,
                2.7389122737953557,
                3.383595647403696,
                4.059307455042364,
                4.675584033304468,
                5.130840138553321,
                5.338956302672009,
                5.25683776814003,
                4.900745343558525,
                4.342397169164831,
                3.6852740174021057,
                3.031766010878591,
                2.455988708858057,
                1.992568730029735,
                1.6420265169476882,
                1.3853059836704826,
                1.1980441084268434,
                1.0588491423553388,
                0.951246698189995,
                0.862360188655029,
                0.7816373860844517,
                0.7011137207048622,
                0.6166462728374197,
                0.5285924895177019,
                0.4408936456221006,
                0.3588353286202,
                0.28676626428862206,
                0.22697379474697724,
                0.1799334865204592,
                0.14520399239001727,
                0.12206849085461739,
                0.10955542581185095,
                0.10607688916007901,
                0.10913398262623286,
                0.1153813920435626,
                0.1210967091175642,
                0.1229289051149402,
                0.11869204834186384,
                0.1079051248689573,
                0.09182206638545909,
                0.07289796495717997,
                0.0539115995838037,
                0.03712769734523372,
                0.023820083088214733,
                0.014247778713882343,
                0.007950511374856955,
                0.00413943419180041,
                0.0020093835837375756,
                0.0009078204650194799,
                0.00038070534771564134,
                0.00014769987254249732,
                5.281907527960454e-05,
                1.734806161752914e-05,
                5.215680321667297e-06,
                1.4312092672198476e-06,
                3.575718525891511e-07,
                8.1175491337833e-08,
                1.671851537547678e-08,
                3.119899142932973e-09,
                5.270282592196189e-10,
                8.052946978362812e-11
            ],
            "correctMedian": 0.4675598289628594,
            "incorrectMedian": 0.4443030308233631
        }
    },
    "calibrationData": [
        {
            "y": 0,
            "x": 0,
            "n": 0
        },
        {
            "y": 0.0,
            "x": 0.09664358419407988,
            "n": 7.0
        },
        {
            "y": 0.002421307506053269,
            "x": 0.14793906117080066,
            "n": 413.0
        },
        {
            "y": 0.005917159763313609,
            "x": 0.24086538725116954,
            "n": 169.0
        },
        {
            "y": 0.01937984496124031,
            "x": 0.35389491855998806,
            "n": 258.0
        },
        {
            "y": 0.033182503770739065,
            "x": 0.45427006040628876,
            "n": 1326.0
        },
        {
            "y": 0.03666666666666667,
            "x": 0.5425548740851482,
            "n": 300.0
        },
        {
            "y": 0.10679611650485436,
            "x": 0.628005411874399,
            "n": 103.0
        },
        {
            "y": 0.11764705882352941,
            "x": 0.7539132814620941,
            "n": 34.0
        },
        {
            "y": 0.0,
            "x": 0.8110878686219862,
            "n": 1.0
        },
        {
            "y": 1,
            "x": 1,
            "n": 0
        }
    ],
    "probaDistribData": {
        "bins": [
            0.0,
            0.1,
            0.2,
            0.3,
            0.4,
            0.5,
            0.6,
            0.7,
            0.8,
            0.9,
            1.0
        ],
        "probaDistribs": [
            [
                7.0,
                412.0,
                168.0,
                253.0,
                1282.0,
                289.0,
                92.0,
                30.0,
                1.0,
                0.0
            ],
            [
                0.0,
                1.0,
                1.0,
                5.0,
                44.0,
                11.0,
                11.0,
                4.0,
                0.0,
                0.0
            ]
        ]
    },
    "globalMetrics": {
        "testWeight": 2611,
        "targetAvg": [
            0.029490616621983913
        ],
        "targetStd": [
            0.16920959199474994
        ],
        "predictionAvg": [
            0.02795863653772501
        ],
        "predictionStd": [
            0.1648859114832131
        ]
    }
}