{
  "state": "DONE",
  "preSearchDescription": {
    "gridLength": 2,
    "searchStrategy": "GRID",
    "importantParams": [
      {
        "name": "trees",
        "vals": [
          "100"
        ]
      },
      {
        "name": "depth",
        "vals": [
          "6",
          "13"
        ]
      },
      {
        "name": "min_samples",
        "vals": [
          "1"
        ]
      }
    ]
  },
  "postSearchDescription": {
    "importantParams": [
      {
        "name": "trees",
        "val": "100"
      },
      {
        "name": "depth",
        "val": "6"
      },
      {
        "name": "min_samples",
        "val": "1"
      }
    ]
  },
  "resumed": false,
  "timeOrderingEnabled": false,
  "sampleWeightsEnabled": false,
  "modelId": "m1",
  "progress": {
    "top_level_todo": [],
    "stack": [],
    "top_level_done": [
      {
        "name": "Loading train set",
        "time": 55
      },
      {
        "name": "Loading test set",
        "time": 20
      },
      {
        "name": "Collecting statistics",
        "time": 10
      },
      {
        "name": "Preprocessing train set",
        "time": 42
      },
      {
        "name": "Preprocessing test set",
        "time": 14
      },
      {
        "name": "Hyperparameter searching",
        "time": 5034
      },
      {
        "name": "Fitting model",
        "time": 443
      },
      {
        "name": "Saving model",
        "time": 36
      },
      {
        "name": "Scoring model",
        "time": 1246
      }
    ]
  },
  "startTime": 1640288121333,
  "endTime": 1640288128278,
  "preprocessingTime": 143,
  "trainingTime": 6802,
  "hyperparamsSearchTime": 5034
}