{
  "description": "Simple 80/20 split",
  "name": "Random forest (test 2)",
  "starred": false,
  "clusterMetas": {},
  "customMeta": {
    "kv": {}
  },
  "tags": [],
  "activeClassifierThreshold": 0.625,
  "labels": [
    {
      "key": "trainDataset:dataset-name",
      "value": "prepared"
    },
    {
      "key": "testDataset:dataset-name",
      "value": "prepared"
    },
    {
      "key": "model:algorithm",
      "value": "RANDOM_FOREST_CLASSIFICATION"
    },
    {
      "key": "model:date",
      "value": "2021-12-23 19:35:28"
    }
  ]
}