{
    "startedAt": 1640298708195,
    "gridSize": 5,
    "nThreads": 4,
    "nSplits": 5,
    "metric": "ROC_AUC",
    "timeout": null,
    "gridPoints": [
        {
            "finishedAt": 1640298708374,
            "score": 0.6918945195034066,
            "testScoreGibMean": 0.6918945195034066,
            "testScoreMean": 0.6918945195034066,
            "testScoreStd": 0.02668015008953913,
            "trainScoreMean": 0.7111956820229632,
            "trainScoreStd": 0.006452356540882195,
            "time": 501,
            "fitTimeMean": 41.2,
            "fitTimeStd": 11.720068259186888,
            "scoreTimeMean": 59.0,
            "scoreTimeStd": 8.461678320522472,
            "best_iteration": null,
            "parameters": {
                "C": 0.1,
                "penalty": "l2"
            }
        },
        {
            "finishedAt": 1640298708484,
            "score": 0.6820379708744887,
            "testScoreGibMean": 0.6820379708744887,
            "testScoreMean": 0.6820379708744887,
            "testScoreStd": 0.03005576803840664,
            "trainScoreMean": 0.700057866946683,
            "trainScoreStd": 0.006502926904468796,
            "time": 504,
            "fitTimeMean": 32.8,
            "fitTimeStd": 8.863407922464136,
            "scoreTimeMean": 68.0,
            "scoreTimeStd": 21.194338866782328,
            "best_iteration": null,
            "parameters": {
                "C": 0.01,
                "penalty": "l2"
            }
        },
        {
            "finishedAt": 1640298708723,
            "score": 0.6913189307733911,
            "testScoreGibMean": 0.6913189307733911,
            "testScoreMean": 0.6913189307733911,
            "testScoreStd": 0.02533949023050901,
            "trainScoreMean": 0.7132307782489874,
            "trainScoreStd": 0.006556478326555592,
            "time": 834,
            "fitTimeMean": 95.4,
            "fitTimeStd": 41.864543470579015,
            "scoreTimeMean": 71.4,
            "scoreTimeStd": 33.52372294361114,
            "best_iteration": null,
            "parameters": {
                "C": 10.0,
                "penalty": "l2"
            }
        },
        {
            "finishedAt": 1640298709096,
            "score": 0.6913067336317199,
            "testScoreGibMean": 0.6913067336317199,
            "testScoreMean": 0.6913067336317199,
            "testScoreStd": 0.025691476213094547,
            "trainScoreMean": 0.7131185239711575,
            "trainScoreStd": 0.006591129989573752,
            "time": 964,
            "fitTimeMean": 96.2,
            "fitTimeStd": 11.42628548566856,
            "scoreTimeMean": 96.6,
            "scoreTimeStd": 26.8968399630886,
            "best_iteration": null,
            "parameters": {
                "C": 1.0,
                "penalty": "l2"
            }
        },
        {
            "finishedAt": 1640298709300,
            "score": 0.6912717143314151,
            "testScoreGibMean": 0.6912717143314151,
            "testScoreMean": 0.6912717143314151,
            "testScoreStd": 0.025343069435003685,
            "trainScoreMean": 0.7132326152073335,
            "trainScoreStd": 0.006582699876220564,
            "time": 1059,
            "fitTimeMean": 131.8,
            "fitTimeStd": 42.37168866118036,
            "scoreTimeMean": 80.0,
            "scoreTimeStd": 20.851858430365386,
            "best_iteration": null,
            "parameters": {
                "C": 100.0,
                "penalty": "l2"
            }
        }
    ]
}