[
    {
        "test_score_gib": 0.7054738755455414,
        "train_score": 0.708361268964858,
        "test_score": 0.7054738755455414,
        "num_samples": 2046,
        "fit_time": 45,
        "score_time": 45,
        "time": 90,
        "parameters": {
            "C": 0.1,
            "penalty": "l2"
        },
        "best_iteration": null,
        "done_at": 1640298708286,
        "split_id": 0
    },
    {
        "test_score_gib": 0.6832072631568982,
        "train_score": 0.7115787964075075,
        "test_score": 0.6832072631568982,
        "num_samples": 2046,
        "fit_time": 43,
        "score_time": 58,
        "time": 101,
        "parameters": {
            "C": 0.1,
            "penalty": "l2"
        },
        "best_iteration": null,
        "done_at": 1640298708300,
        "split_id": 1
    },
    {
        "test_score_gib": 0.6449571872395241,
        "train_score": 0.7231836649339787,
        "test_score": 0.6449571872395241,
        "num_samples": 2045,
        "fit_time": 32,
        "score_time": 71,
        "time": 103,
        "parameters": {
            "C": 0.1,
            "penalty": "l2"
        },
        "best_iteration": null,
        "done_at": 1640298708301,
        "split_id": 2
    },
    {
        "test_score_gib": 0.7026326459684893,
        "train_score": 0.7087481491612504,
        "test_score": 0.7026326459684893,
        "num_samples": 2044,
        "fit_time": 60,
        "score_time": 63,
        "time": 123,
        "parameters": {
            "C": 0.1,
            "penalty": "l2"
        },
        "best_iteration": null,
        "done_at": 1640298708326,
        "split_id": 3
    },
    {
        "test_score_gib": 0.7232198022860674,
        "train_score": 0.7041030642159282,
        "test_score": 0.7232198022860674,
        "num_samples": 2044,
        "fit_time": 26,
        "score_time": 58,
        "time": 84,
        "parameters": {
            "C": 0.1,
            "penalty": "l2"
        },
        "best_iteration": null,
        "done_at": 1640298708374,
        "split_id": 4
    },
    {
        "test_score_gib": 0.6995853411468442,
        "train_score": 0.6936166335024411,
        "test_score": 0.6995853411468442,
        "num_samples": 2046,
        "fit_time": 21,
        "score_time": 66,
        "time": 87,
        "parameters": {
            "C": 0.01,
            "penalty": "l2"
        },
        "best_iteration": null,
        "done_at": 1640298708390,
        "split_id": 0
    },
    {
        "test_score_gib": 0.6645854831533007,
        "train_score": 0.6985646762155735,
        "test_score": 0.6645854831533007,
        "num_samples": 2046,
        "fit_time": 48,
        "score_time": 55,
        "time": 103,
        "parameters": {
            "C": 0.01,
            "penalty": "l2"
        },
        "best_iteration": null,
        "done_at": 1640298708440,
        "split_id": 1
    },
    {
        "test_score_gib": 0.632615367128893,
        "train_score": 0.7125246459939057,
        "test_score": 0.632615367128893,
        "num_samples": 2045,
        "fit_time": 29,
        "score_time": 103,
        "time": 132,
        "parameters": {
            "C": 0.01,
            "penalty": "l2"
        },
        "best_iteration": null,
        "done_at": 1640298708470,
        "split_id": 2
    },
    {
        "test_score_gib": 0.6956624575223973,
        "train_score": 0.6987979211141306,
        "test_score": 0.6956624575223973,
        "num_samples": 2044,
        "fit_time": 31,
        "score_time": 76,
        "time": 107,
        "parameters": {
            "C": 0.01,
            "penalty": "l2"
        },
        "best_iteration": null,
        "done_at": 1640298708484,
        "split_id": 3
    },
    {
        "test_score_gib": 0.7177652919369786,
        "train_score": 0.6967871223248319,
        "test_score": 0.7177652919369786,
        "num_samples": 2044,
        "fit_time": 35,
        "score_time": 40,
        "time": 75,
        "parameters": {
            "C": 0.01,
            "penalty": "l2"
        },
        "best_iteration": null,
        "done_at": 1640298708475,
        "split_id": 4
    },
    {
        "test_score_gib": 0.7022266612388642,
        "train_score": 0.7109911024266653,
        "test_score": 0.7022266612388642,
        "num_samples": 2046,
        "fit_time": 125,
        "score_time": 115,
        "time": 240,
        "parameters": {
            "C": 10.0,
            "penalty": "l2"
        },
        "best_iteration": null,
        "done_at": 1640298708693,
        "split_id": 0
    },
    {
        "test_score_gib": 0.6783127739541224,
        "train_score": 0.711642734644366,
        "test_score": 0.6783127739541224,
        "num_samples": 2046,
        "fit_time": 137,
        "score_time": 50,
        "time": 187,
        "parameters": {
            "C": 10.0,
            "penalty": "l2"
        },
        "best_iteration": null,
        "done_at": 1640298708663,
        "split_id": 1
    },
    {
        "test_score_gib": 0.6486038493597029,
        "train_score": 0.7257659676166577,
        "test_score": 0.6486038493597029,
        "num_samples": 2045,
        "fit_time": 55,
        "score_time": 22,
        "time": 77,
        "parameters": {
            "C": 10.0,
            "penalty": "l2"
        },
        "best_iteration": null,
        "done_at": 1640298708557,
        "split_id": 2
    },
    {
        "test_score_gib": 0.7069190222428174,
        "train_score": 0.7113616226727003,
        "test_score": 0.7069190222428174,
        "num_samples": 2044,
        "fit_time": 125,
        "score_time": 100,
        "time": 225,
        "parameters": {
            "C": 10.0,
            "penalty": "l2"
        },
        "best_iteration": null,
        "done_at": 1640298708723,
        "split_id": 3
    },
    {
        "test_score_gib": 0.7205552981155391,
        "train_score": 0.7063900765310673,
        "test_score": 0.7205552981155391,
        "num_samples": 2044,
        "fit_time": 35,
        "score_time": 70,
        "time": 105,
        "parameters": {
            "C": 10.0,
            "penalty": "l2"
        },
        "best_iteration": null,
        "done_at": 1640298708664,
        "split_id": 4
    },
    {
        "test_score_gib": 0.7022929309185924,
        "train_score": 0.7109193959928055,
        "test_score": 0.7022929309185924,
        "num_samples": 2046,
        "fit_time": 88,
        "score_time": 121,
        "time": 209,
        "parameters": {
            "C": 1.0,
            "penalty": "l2"
        },
        "best_iteration": null,
        "done_at": 1640298708874,
        "split_id": 0
    },
    {
        "test_score_gib": 0.678681990741179,
        "train_score": 0.7118172203000914,
        "test_score": 0.678681990741179,
        "num_samples": 2046,
        "fit_time": 106,
        "score_time": 71,
        "time": 177,
        "parameters": {
            "C": 1.0,
            "penalty": "l2"
        },
        "best_iteration": null,
        "done_at": 1640298708852,
        "split_id": 1
    },
    {
        "test_score_gib": 0.6478176858376904,
        "train_score": 0.7256130130847822,
        "test_score": 0.6478176858376904,
        "num_samples": 2045,
        "fit_time": 79,
        "score_time": 60,
        "time": 139,
        "parameters": {
            "C": 1.0,
            "penalty": "l2"
        },
        "best_iteration": null,
        "done_at": 1640298708850,
        "split_id": 2
    },
    {
        "test_score_gib": 0.7064652842137782,
        "train_score": 0.7112777774474183,
        "test_score": 0.7064652842137782,
        "num_samples": 2044,
        "fit_time": 98,
        "score_time": 103,
        "time": 201,
        "parameters": {
            "C": 1.0,
            "penalty": "l2"
        },
        "best_iteration": null,
        "done_at": 1640298708937,
        "split_id": 3
    },
    {
        "test_score_gib": 0.721298656163114,
        "train_score": 0.7059625253468278,
        "test_score": 0.721298656163114,
        "num_samples": 2044,
        "fit_time": 110,
        "score_time": 128,
        "time": 238,
        "parameters": {
            "C": 1.0,
            "penalty": "l2"
        },
        "best_iteration": null,
        "done_at": 1640298709096,
        "split_id": 4
    },
    {
        "test_score_gib": 0.7021130560736161,
        "train_score": 0.7109952853019738,
        "test_score": 0.7021130560736161,
        "num_samples": 2046,
        "fit_time": 206,
        "score_time": 49,
        "time": 255,
        "parameters": {
            "C": 100.0,
            "penalty": "l2"
        },
        "best_iteration": null,
        "done_at": 1640298709117,
        "split_id": 0
    },
    {
        "test_score_gib": 0.6780950307207302,
        "train_score": 0.7116349664473645,
        "test_score": 0.6780950307207302,
        "num_samples": 2046,
        "fit_time": 122,
        "score_time": 82,
        "time": 204,
        "parameters": {
            "C": 100.0,
            "penalty": "l2"
        },
        "best_iteration": null,
        "done_at": 1640298709094,
        "split_id": 1
    },
    {
        "test_score_gib": 0.6486606804576798,
        "train_score": 0.7258215331301906,
        "test_score": 0.6486606804576798,
        "num_samples": 2045,
        "fit_time": 131,
        "score_time": 88,
        "time": 219,
        "parameters": {
            "C": 100.0,
            "penalty": "l2"
        },
        "best_iteration": null,
        "done_at": 1640298709158,
        "split_id": 2
    },
    {
        "test_score_gib": 0.7069093682421995,
        "train_score": 0.7113348635582486,
        "test_score": 0.7069093682421995,
        "num_samples": 2044,
        "fit_time": 126,
        "score_time": 69,
        "time": 195,
        "parameters": {
            "C": 100.0,
            "penalty": "l2"
        },
        "best_iteration": null,
        "done_at": 1640298709300,
        "split_id": 3
    },
    {
        "test_score_gib": 0.7206035681186284,
        "train_score": 0.7063740210623963,
        "test_score": 0.7206035681186284,
        "num_samples": 2044,
        "fit_time": 74,
        "score_time": 112,
        "time": 186,
        "parameters": {
            "C": 100.0,
            "penalty": "l2"
        },
        "best_iteration": null,
        "done_at": 1640298709292,
        "split_id": 4
    }
]