{
  "state": "DONE",
  "preSearchDescription": {
    "gridLength": 5,
    "searchStrategy": "GRID",
    "importantParams": [
      {
        "name": "penalty",
        "vals": [
          "l2"
        ]
      },
      {
        "name": "C",
        "vals": [
          "0.01",
          "0.1",
          "1.0",
          "10.0",
          "100.0"
        ]
      }
    ]
  },
  "postSearchDescription": {
    "importantParams": [
      {
        "name": "C",
        "val": "0.1"
      },
      {
        "name": "penalty",
        "val": "l2"
      }
    ]
  },
  "resumed": false,
  "timeOrderingEnabled": false,
  "sampleWeightsEnabled": false,
  "modelId": "m1",
  "progress": {
    "top_level_todo": [],
    "stack": [],
    "top_level_done": [
      {
        "name": "Loading train set",
        "time": 61
      },
      {
        "name": "Loading test set",
        "time": 17
      },
      {
        "name": "Collecting statistics",
        "time": 12
      },
      {
        "name": "Preprocessing train set",
        "time": 42
      },
      {
        "name": "Preprocessing test set",
        "time": 16
      },
      {
        "name": "Hyperparameter searching",
        "time": 2024
      },
      {
        "name": "Fitting model",
        "time": 29
      },
      {
        "name": "Saving model",
        "time": 2
      },
      {
        "name": "Scoring model",
        "time": 1019
      }
    ]
  },
  "startTime": 1640298708029,
  "endTime": 1640298711539,
  "preprocessingTime": 149,
  "trainingTime": 3361,
  "hyperparamsSearchTime": 2024
}