{
    "Latitude": {
        "distribution": [
            0.10528041980977369,
            0.10536241390619876,
            0.10528041980977369,
            0.10519842571334864,
            0.10528041980977369,
            0.10519842571334864,
            0.10511643161692358,
            0.10536241390619876,
            0.10528041980977369,
            0.052640209904886846
        ],
        "scale": [
            50.762832,
            50.80912385,
            50.840499449999996,
            50.880232645,
            50.908306025,
            50.924701410000004,
            50.99286043,
            51.146262,
            51.26450676500001,
            51.347861265000006
        ]
    },
    "Crime Category": {
        "distribution": [
            0.43853225303832977,
            0.40962916796509824,
            0.1333748831411655,
            0.01846369585540667
        ],
        "scale": [
            "Crimes Against Property",
            "Crimes Against Person",
            "Crimes Against Morality",
            "Other"
        ]
    },
    "Longitude": {
        "distribution": [
            0.10505166475315729,
            0.10546170247662785,
            0.10513367229785141,
            0.10521567984254551,
            0.10546170247662785,
            0.10521567984254551,
            0.10521567984254551,
            0.10529768738723963,
            0.10521567984254551,
            0.052730851238313926
        ],
        "scale": [
            -1.47779127,
            -1.4135899749999998,
            -1.368050975,
            -1.3141675,
            -1.219250335,
            -1.1221213250000002,
            -1.08279399,
            -1.0342135,
            -0.885528,
            -0.690231
        ]
    },
    "Crime type": {
        "distribution": [
            0.4055051761495867,
            0.12149907712061632,
            0.09549795361527967,
            0.08305914453093652,
            0.08185538881309685,
            0.07350934916940856,
            0.07190434154562234,
            0.028248134178637346,
            0.019902094534949042,
            0.01901934034186662
        ],
        "scale": [
            "Violence and sexual offences",
            "Criminal damage and arson",
            "Public order",
            "Shoplifting",
            "Other theft",
            "Burglary",
            "Vehicle crime",
            "Drugs",
            "Bicycle theft",
            "Other crime"
        ]
    }
}