[
    {
        "test_score_gib": 0.7236882352941176,
        "train_score": 0.8109442306334298,
        "test_score": 0.7236882352941176,
        "num_samples": 2568,
        "fit_time": 1809,
        "score_time": 342,
        "time": 2151,
        "parameters": {
            "max_depth": 6,
            "max_features": "auto",
            "min_samples_leaf": 1,
            "n_estimators": 100,
            "min_samples_split": 3
        },
        "best_iteration": null,
        "done_at": 1640287830248,
        "split_id": 0
    },
    {
        "test_score_gib": 0.7031283101475885,
        "train_score": 0.8231537475948667,
        "test_score": 0.7031283101475885,
        "num_samples": 2567,
        "fit_time": 1800,
        "score_time": 175,
        "time": 1975,
        "parameters": {
            "max_depth": 6,
            "max_features": "auto",
            "min_samples_leaf": 1,
            "n_estimators": 100,
            "min_samples_split": 3
        },
        "best_iteration": null,
        "done_at": 1640287830071,
        "split_id": 1
    },
    {
        "test_score_gib": 0.6740725702045525,
        "train_score": 0.8215164917122195,
        "test_score": 0.6740725702045525,
        "num_samples": 2567,
        "fit_time": 1747,
        "score_time": 234,
        "time": 1981,
        "parameters": {
            "max_depth": 6,
            "max_features": "auto",
            "min_samples_leaf": 1,
            "n_estimators": 100,
            "min_samples_split": 3
        },
        "best_iteration": null,
        "done_at": 1640287830077,
        "split_id": 2
    },
    {
        "test_score_gib": 0.69012899277358,
        "train_score": 0.8195841105272759,
        "test_score": 0.69012899277358,
        "num_samples": 2567,
        "fit_time": 1873,
        "score_time": 1332,
        "time": 3205,
        "parameters": {
            "max_depth": 6,
            "max_features": "auto",
            "min_samples_leaf": 1,
            "n_estimators": 100,
            "min_samples_split": 3
        },
        "best_iteration": null,
        "done_at": 1640287831308,
        "split_id": 3
    },
    {
        "test_score_gib": 0.6920415224913494,
        "train_score": 0.8062793838151445,
        "test_score": 0.6920415224913494,
        "num_samples": 2567,
        "fit_time": 1065,
        "score_time": 932,
        "time": 1997,
        "parameters": {
            "max_depth": 6,
            "max_features": "auto",
            "min_samples_leaf": 1,
            "n_estimators": 100,
            "min_samples_split": 3
        },
        "best_iteration": null,
        "done_at": 1640287832070,
        "split_id": 4
    },
    {
        "test_score_gib": 0.6778352941176471,
        "train_score": 0.9839307046347952,
        "test_score": 0.6778352941176471,
        "num_samples": 2568,
        "fit_time": 1420,
        "score_time": 857,
        "time": 2277,
        "parameters": {
            "max_depth": 13,
            "max_features": "auto",
            "min_samples_leaf": 1,
            "n_estimators": 100,
            "min_samples_split": 3
        },
        "best_iteration": null,
        "done_at": 1640287832356,
        "split_id": 0
    },
    {
        "test_score_gib": 0.7023780100275405,
        "train_score": 0.9848616349610766,
        "test_score": 0.7023780100275405,
        "num_samples": 2567,
        "fit_time": 1298,
        "score_time": 894,
        "time": 2192,
        "parameters": {
            "max_depth": 13,
            "max_features": "auto",
            "min_samples_leaf": 1,
            "n_estimators": 100,
            "min_samples_split": 3
        },
        "best_iteration": null,
        "done_at": 1640287832450,
        "split_id": 1
    },
    {
        "test_score_gib": 0.6509309606195419,
        "train_score": 0.9853573719174575,
        "test_score": 0.6509309606195419,
        "num_samples": 2567,
        "fit_time": 835,
        "score_time": 928,
        "time": 1763,
        "parameters": {
            "max_depth": 13,
            "max_features": "auto",
            "min_samples_leaf": 1,
            "n_estimators": 100,
            "min_samples_split": 3
        },
        "best_iteration": null,
        "done_at": 1640287833080,
        "split_id": 2
    },
    {
        "test_score_gib": 0.6536467528187746,
        "train_score": 0.986258193634561,
        "test_score": 0.6536467528187746,
        "num_samples": 2567,
        "fit_time": 873,
        "score_time": 253,
        "time": 1126,
        "parameters": {
            "max_depth": 13,
            "max_features": "auto",
            "min_samples_leaf": 1,
            "n_estimators": 100,
            "min_samples_split": 3
        },
        "best_iteration": null,
        "done_at": 1640287833200,
        "split_id": 3
    },
    {
        "test_score_gib": 0.6730751123979004,
        "train_score": 0.9862881658615232,
        "test_score": 0.6730751123979004,
        "num_samples": 2567,
        "fit_time": 817,
        "score_time": 119,
        "time": 936,
        "parameters": {
            "max_depth": 13,
            "max_features": "auto",
            "min_samples_leaf": 1,
            "n_estimators": 100,
            "min_samples_split": 3
        },
        "best_iteration": null,
        "done_at": 1640287833296,
        "split_id": 4
    }
]