{
    "startedAt": 1640287828091,
    "gridSize": 2,
    "nThreads": 4,
    "nSplits": 5,
    "metric": "ROC_AUC",
    "timeout": null,
    "gridPoints": [
        {
            "finishedAt": 1640287832070,
            "score": 0.6966140355861884,
            "testScoreGibMean": 0.6966140355861884,
            "testScoreMean": 0.6966140355861884,
            "testScoreStd": 0.01641164225801319,
            "trainScoreMean": 0.8162951759539523,
            "trainScoreStd": 0.006543124909602465,
            "time": 11309,
            "fitTimeMean": 1658.8,
            "fitTimeStd": 299.5853133916948,
            "scoreTimeMean": 603.0,
            "scoreTimeStd": 453.2434224564103,
            "best_iteration": null,
            "parameters": {
                "max_depth": 6,
                "max_features": "auto",
                "min_samples_leaf": 1,
                "n_estimators": 100,
                "min_samples_split": 3
            }
        },
        {
            "finishedAt": 1640287833296,
            "score": 0.6715737138482691,
            "testScoreGibMean": 0.6715737138482691,
            "testScoreMean": 0.6715737138482691,
            "testScoreStd": 0.018642667852369267,
            "trainScoreMean": 0.9853391044706918,
            "trainScoreStd": 0.0008896974442009578,
            "time": 8294,
            "fitTimeMean": 1048.6,
            "fitTimeStd": 256.9969649626236,
            "scoreTimeMean": 610.2,
            "scoreTimeStd": 349.66235141919407,
            "best_iteration": null,
            "parameters": {
                "max_depth": 13,
                "max_features": "auto",
                "min_samples_leaf": 1,
                "n_estimators": 100,
                "min_samples_split": 3
            }
        }
    ]
}