{
    "modelInputNRows": 12836,
    "modelInputNCols": 23,
    "modelInputIsSparse": false,
    "modelInputMemory": 2361824,
    "usedGridSearch": true,
    "gridSize": 2,
    "gridBestScore": 0.6966140355861884,
    "gridCells": [
        {
            "params": {
                "max_depth": 6,
                "max_features": "auto",
                "min_samples_leaf": 1,
                "n_estimators": 100,
                "min_samples_split": 3
            },
            "score": 0.6966140355861884,
            "scoreStd": 0.01641164225801319,
            "fitTime": 1.6588,
            "fitTimeStd": 0.2995853133916948,
            "scoreTime": 0.603,
            "scoreTimeStd": 0.4532434224564103
        },
        {
            "params": {
                "max_depth": 13,
                "max_features": "auto",
                "min_samples_leaf": 1,
                "n_estimators": 100,
                "min_samples_split": 3
            },
            "score": 0.6715737138482691,
            "scoreStd": 0.018642667852369267,
            "fitTime": 1.0486,
            "fitTimeStd": 0.25699696496262364,
            "scoreTime": 0.6102000000000001,
            "scoreTimeStd": 0.34966235141919405
        }
    ],
    "rawImportance": {
        "variables": [
            "Latitude",
            "Longitude",
            "dummy:Crime Category:Crimes Against Property",
            "dummy:Crime Category:Crimes Against Person",
            "dummy:Crime Category:Crimes Against Morality",
            "dummy:Crime Category:Other",
            "dummy:Crime type:Violence and sexual offences",
            "dummy:Crime type:Criminal damage and arson",
            "dummy:Crime type:Public order",
            "dummy:Crime type:Shoplifting",
            "dummy:Crime type:Other theft",
            "dummy:Crime type:Burglary",
            "dummy:Crime type:Vehicle crime",
            "dummy:Crime type:Drugs",
            "dummy:Crime type:Bicycle theft",
            "dummy:Crime type:Other crime",
            "dummy:Crime type:Possession of weapons",
            "dummy:Crime type:Robbery",
            "dummy:Crime type:Theft from the person"
        ],
        "importances": [
            0.233012087097381,
            0.20982616035663454,
            0.03225038023442782,
            0.012656386154589928,
            0.09256071701171832,
            0.002897271008982379,
            0.008349505336750393,
            0.019393656722296086,
            0.015846321503077528,
            0.03218819126332187,
            0.07516592777915594,
            0.08215562862857209,
            0.06228392635511896,
            0.09891302043770361,
            0.005026881281491733,
            0.0018478770989337286,
            0.009317897942510407,
            0.0010079061673984807,
            0.0053002576199352135
        ]
    },
    "probaAware": true
}