{
  "state": "DONE",
  "preSearchDescription": {
    "gridLength": 2,
    "searchStrategy": "GRID",
    "importantParams": [
      {
        "name": "trees",
        "vals": [
          "100"
        ]
      },
      {
        "name": "depth",
        "vals": [
          "6",
          "13"
        ]
      },
      {
        "name": "min_samples",
        "vals": [
          "1"
        ]
      }
    ]
  },
  "postSearchDescription": {
    "importantParams": [
      {
        "name": "trees",
        "val": "100"
      },
      {
        "name": "depth",
        "val": "6"
      },
      {
        "name": "min_samples",
        "val": "1"
      }
    ]
  },
  "resumed": false,
  "timeOrderingEnabled": false,
  "sampleWeightsEnabled": false,
  "modelId": "m1",
  "progress": {
    "top_level_todo": [],
    "stack": [],
    "top_level_done": [
      {
        "name": "Loading source dataset",
        "time": 64
      },
      {
        "name": "Collecting statistics",
        "time": 16
      },
      {
        "name": "Preprocessing input",
        "time": 50
      },
      {
        "name": "Fitting global model",
        "time": 6602
      },
      {
        "name": "Saving model",
        "time": 35
      },
      {
        "name": "Computing global stats",
        "time": 379
      },
      {
        "name": "Fitting folds",
        "time": 5808
      }
    ]
  },
  "startTime": 1640287827943,
  "endTime": 1640287841275,
  "preprocessingTime": 131,
  "trainingTime": 13201,
  "hyperparamsSearchTime": 0
}