{
    "metrics": {},
    "processed_feature_names": [
        "Latitude",
        "Longitude",
        "dummy:Crime Category:Crimes Against Property",
        "dummy:Crime Category:Crimes Against Person",
        "dummy:Crime Category:Crimes Against Morality",
        "dummy:Crime Category:N/A",
        "dummy:Crime type:Violence and sexual offences",
        "dummy:Crime type:Criminal damage and arson",
        "dummy:Crime type:Public order",
        "dummy:Crime type:Shoplifting",
        "dummy:Crime type:Other theft",
        "dummy:Crime type:Vehicle crime",
        "dummy:Crime type:Burglary",
        "dummy:Crime type:Drugs",
        "dummy:Crime type:Bicycle theft",
        "dummy:Crime type:Other crime",
        "dummy:Crime type:Possession of weapons",
        "dummy:Crime type:Robbery",
        "dummy:Crime type:N/A"
    ],
    "tiMetrics": {
        "auc": 0.722920125438111,
        "logLoss": 0.6299612345917103,
        "lift": 1.6936272304693356,
        "calibrationLoss": 0.41541014059115816
    },
    "probaPercentiles": [
        0.08920266161992382,
        0.09126649202507764,
        0.09267796510409765,
        0.09332634314627505,
        0.09465303726665343,
        0.09723501167666428,
        0.10036366547675922,
        0.12531554067450337,
        0.1277789366496322,
        0.1296962004194184,
        0.13084425673301492,
        0.13216796957136231,
        0.1380744612593889,
        0.14149795387714542,
        0.14722332694251802,
        0.1493768585076647,
        0.1527654743564328,
        0.15421425785070586,
        0.15597904497890497,
        0.16081031766251486,
        0.16371441639431542,
        0.1651031036585121,
        0.2693734586723111,
        0.2854482013962993,
        0.43849010916787107,
        0.4564679645637054,
        0.46117694991963704,
        0.4656939045328007,
        0.4679555877583266,
        0.46900603834631577,
        0.47413251225533726,
        0.476153672473355,
        0.47748091502076956,
        0.47814497107344206,
        0.48006984739253444,
        0.48086967357801197,
        0.4826283503940756,
        0.4835490045378279,
        0.4840841226669912,
        0.4846455701288709,
        0.4857375726886982,
        0.486682992333498,
        0.486972797566487,
        0.4875029281253005,
        0.4879097610073116,
        0.48863783231800684,
        0.48934619787800515,
        0.49060780498035717,
        0.4920486855130871,
        0.49457422203368717,
        0.49732027023358294,
        0.49865888382459034,
        0.5003000501228,
        0.5014128573887803,
        0.501993362324893,
        0.5025088014075505,
        0.5030851741346457,
        0.5035102431178511,
        0.5041127492684652,
        0.504511444668363,
        0.5047743412178544,
        0.5050785516511123,
        0.5054385471574394,
        0.5059953314556055,
        0.5064803451413213,
        0.506942781256585,
        0.508948052266412,
        0.514055468560366,
        0.5178657617284559,
        0.5213992718201071,
        0.5238451645762171,
        0.5254423260734286,
        0.5277156520141575,
        0.5341000046585664,
        0.5371537946359117,
        0.5397843196443227,
        0.5415156450609456,
        0.5430890818131486,
        0.5653802096827552,
        0.5750120014679004,
        0.5833346421780814,
        0.5853845415013125,
        0.5898093851362747,
        0.5923064552997804,
        0.5972761066223905,
        0.5993036168960798,
        0.6009631894378749,
        0.6014532879085919,
        0.6031965856932797,
        0.60573110664154,
        0.6080665401310961,
        0.6101745192993251,
        0.6189636699963986,
        0.6234267656995373,
        0.6266017285087189,
        0.6934375469362623,
        0.8299125742164541,
        0.8428471172395471,
        0.8485295722253083
    ],
    "perCutData": {
        "cut": [
            0,
            0.025,
            0.05,
            0.075,
            0.1,
            0.125,
            0.15,
            0.175,
            0.2,
            0.225,
            0.25,
            0.275,
            0.3,
            0.325,
            0.35,
            0.375,
            0.4,
            0.425,
            0.45,
            0.475,
            0.5,
            0.525,
            0.55,
            0.575,
            0.6,
            0.625,
            0.65,
            0.675,
            0.7,
            0.725,
            0.75,
            0.775,
            0.8,
            0.825,
            0.85,
            0.875,
            0.9,
            0.925,
            0.95,
            0.975
        ],
        "tp": [
            65,
            65,
            65,
            65,
            65,
            65,
            64,
            64,
            64,
            64,
            64,
            64,
            64,
            64,
            64,
            64,
            64,
            64,
            64,
            60,
            48,
            38,
            31,
            30,
            23,
            13,
            13,
            13,
            11,
            9,
            9,
            9,
            9,
            9,
            3,
            0,
            0,
            0,
            0,
            0
        ],
        "tn": [
            0,
            0,
            0,
            0,
            177,
            202,
            416,
            572,
            572,
            572,
            572,
            600,
            628,
            628,
            628,
            628,
            628,
            630,
            656,
            801,
            1339,
            1814,
            1978,
            2018,
            2167,
            2370,
            2401,
            2402,
            2418,
            2431,
            2431,
            2431,
            2431,
            2431,
            2480,
            2502,
            2502,
            2502,
            2502,
            2502
        ],
        "fp": [
            2502,
            2502,
            2502,
            2502,
            2325,
            2300,
            2086,
            1930,
            1930,
            1930,
            1930,
            1902,
            1874,
            1874,
            1874,
            1874,
            1874,
            1872,
            1846,
            1701,
            1163,
            688,
            524,
            484,
            335,
            132,
            101,
            100,
            84,
            71,
            71,
            71,
            71,
            71,
            22,
            0,
            0,
            0,
            0,
            0
        ],
        "fn": [
            0,
            0,
            0,
            0,
            0,
            0,
            1,
            1,
            1,
            1,
            1,
            1,
            1,
            1,
            1,
            1,
            1,
            1,
            1,
            5,
            17,
            27,
            34,
            35,
            42,
            52,
            52,
            52,
            54,
            56,
            56,
            56,
            56,
            56,
            62,
            65,
            65,
            65,
            65,
            65
        ],
        "precision": [
            0.025321386832878847,
            0.025321386832878847,
            0.025321386832878847,
            0.025321386832878847,
            0.027196652719665274,
            0.02748414376321353,
            0.029767441860465118,
            0.0320962888665998,
            0.0320962888665998,
            0.0320962888665998,
            0.0320962888665998,
            0.03255340793489318,
            0.033023735810113516,
            0.033023735810113516,
            0.033023735810113516,
            0.033023735810113516,
            0.033023735810113516,
            0.03305785123966942,
            0.033507853403141365,
            0.034071550255536626,
            0.03963666391412056,
            0.05234159779614325,
            0.055855855855855854,
            0.058365758754863814,
            0.06424581005586592,
            0.0896551724137931,
            0.11403508771929824,
            0.11504424778761062,
            0.11578947368421053,
            0.1125,
            0.1125,
            0.1125,
            0.1125,
            0.1125,
            0.12,
            1.0,
            1.0,
            1.0,
            1.0,
            1.0
        ],
        "recall": [
            1.0,
            1.0,
            1.0,
            1.0,
            1.0,
            1.0,
            0.9846153846153847,
            0.9846153846153847,
            0.9846153846153847,
            0.9846153846153847,
            0.9846153846153847,
            0.9846153846153847,
            0.9846153846153847,
            0.9846153846153847,
            0.9846153846153847,
            0.9846153846153847,
            0.9846153846153847,
            0.9846153846153847,
            0.9846153846153847,
            0.9230769230769231,
            0.7384615384615385,
            0.5846153846153846,
            0.47692307692307695,
            0.46153846153846156,
            0.35384615384615387,
            0.2,
            0.2,
            0.2,
            0.16923076923076924,
            0.13846153846153847,
            0.13846153846153847,
            0.13846153846153847,
            0.13846153846153847,
            0.13846153846153847,
            0.046153846153846156,
            0.0,
            0.0,
            0.0,
            0.0,
            0.0
        ],
        "accuracy": [
            0.025321386832878847,
            0.025321386832878847,
            0.025321386832878847,
            0.025321386832878847,
            0.09427347097779509,
            0.10401246591351772,
            0.18698870276587456,
            0.2477600311647838,
            0.2477600311647838,
            0.2477600311647838,
            0.2477600311647838,
            0.25866770549279317,
            0.2695753798208025,
            0.2695753798208025,
            0.2695753798208025,
            0.2695753798208025,
            0.2695753798208025,
            0.2703544994156603,
            0.28048305414881186,
            0.3354109855862875,
            0.5403194390338917,
            0.7214647448383327,
            0.7826256330346708,
            0.7978184651343981,
            0.8531359563693027,
            0.9283209972730814,
            0.9403973509933775,
            0.9407869107908063,
            0.9462407479548111,
            0.9505259057265291,
            0.9505259057265291,
            0.9505259057265291,
            0.9505259057265291,
            0.9505259057265291,
            0.9672769770159719,
            0.9746786131671211,
            0.9746786131671211,
            0.9746786131671211,
            0.9746786131671211,
            0.9746786131671211
        ],
        "f1": [
            0.0493920972644377,
            0.0493920972644377,
            0.0493920972644377,
            0.0493920972644377,
            0.0529531568228106,
            0.05349794238683127,
            0.057787810383747175,
            0.06216610004856726,
            0.06216610004856726,
            0.06216610004856726,
            0.06216610004856726,
            0.06302314130969965,
            0.0639041437843235,
            0.0639041437843235,
            0.0639041437843235,
            0.0639041437843235,
            0.0639041437843235,
            0.06396801599200401,
            0.06481012658227848,
            0.06571741511500548,
            0.07523510971786833,
            0.09608091024020228,
            0.09999999999999999,
            0.10362694300518134,
            0.10874704491725769,
            0.12380952380952379,
            0.1452513966480447,
            0.14606741573033707,
            0.1375,
            0.12413793103448277,
            0.12413793103448277,
            0.12413793103448277,
            0.12413793103448277,
            0.12413793103448277,
            0.06666666666666668,
            0.0,
            0.0,
            0.0,
            0.0,
            0.0
        ],
        "mcc": [
            0.0,
            0.0,
            0.0,
            0.0,
            0.04386324002501306,
            0.047105664851891674,
            0.06426160579547083,
            0.08044773541013797,
            0.08044773541013797,
            0.08044773541013797,
            0.08044773541013797,
            0.08326063966253229,
            0.08605979218177102,
            0.08605979218177102,
            0.08605979218177102,
            0.08605979218177102,
            0.08605979218177102,
            0.08625932718226449,
            0.08884971298441831,
            0.08232919310117856,
            0.0861127627629479,
            0.10800794155938828,
            0.1020818220904387,
            0.10524709661970101,
            0.09974505612258067,
            0.10019858226821675,
            0.12173624072757043,
            0.12255487561293378,
            0.11289079031040086,
            0.09952738523947119,
            0.09952738523947119,
            0.09952738523947119,
            0.09952738523947119,
            0.09952738523947119,
            0.059766752251684735,
            0.0,
            0.0,
            0.0,
            0.0,
            0.0
        ],
        "hammingLoss": [
            0.9746786131671211,
            0.9746786131671211,
            0.9746786131671211,
            0.9746786131671211,
            0.905726529022205,
            0.8959875340864822,
            0.8130112972341255,
            0.7522399688352162,
            0.7522399688352162,
            0.7522399688352162,
            0.7522399688352162,
            0.7413322945072068,
            0.7304246201791975,
            0.7304246201791975,
            0.7304246201791975,
            0.7304246201791975,
            0.7304246201791975,
            0.7296455005843397,
            0.7195169458511882,
            0.6645890144137125,
            0.4596805609661083,
            0.27853525516166733,
            0.2173743669653292,
            0.20218153486560186,
            0.1468640436306973,
            0.07167900272691859,
            0.059602649006622516,
            0.05921308920919361,
            0.053759252045188936,
            0.04947409427347098,
            0.04947409427347098,
            0.04947409427347098,
            0.04947409427347098,
            0.04947409427347098,
            0.03272302298402805,
            0.025321386832878847,
            0.025321386832878847,
            0.025321386832878847,
            0.025321386832878847,
            0.025321386832878847
        ],
        "assertionsMetrics": []
    },
    "optimalThreshold": 0.675,
    "usedThreshold": 0.675,
    "rocVizData": [
        [
            {
                "x": 0.0,
                "y": 0.0,
                "p": 1.8551309551641726
            },
            {
                "x": 0.006794564348521183,
                "y": 0.046153846153846156,
                "p": 0.851658311121878
            },
            {
                "x": 0.014388489208633094,
                "y": 0.09230769230769231,
                "p": 0.8447682845726022
            },
            {
                "x": 0.02717825739408473,
                "y": 0.13846153846153847,
                "p": 0.8302413183963527
            },
            {
                "x": 0.035171862509992005,
                "y": 0.18461538461538463,
                "p": 0.6941831037593222
            },
            {
                "x": 0.06314948041566747,
                "y": 0.2153846153846154,
                "p": 0.6207477138158997
            },
            {
                "x": 0.08273381294964029,
                "y": 0.24615384615384617,
                "p": 0.6085006552133952
            },
            {
                "x": 0.08673061550759392,
                "y": 0.2923076923076923,
                "p": 0.6077372528669374
            },
            {
                "x": 0.10831334932054357,
                "y": 0.3230769230769231,
                "p": 0.6028380722982534
            },
            {
                "x": 0.1298960831334932,
                "y": 0.35384615384615387,
                "p": 0.6004359948639832
            },
            {
                "x": 0.14348521183053556,
                "y": 0.4,
                "p": 0.5972937002558035
            },
            {
                "x": 0.16946442845723422,
                "y": 0.4307692307692308,
                "p": 0.587063590574289
            },
            {
                "x": 0.19344524380495604,
                "y": 0.46153846153846156,
                "p": 0.5750229521228288
            },
            {
                "x": 0.21782573940847322,
                "y": 0.49230769230769234,
                "p": 0.5421608148383711
            },
            {
                "x": 0.2446043165467626,
                "y": 0.5230769230769231,
                "p": 0.5370543842236751
            },
            {
                "x": 0.2741806554756195,
                "y": 0.5538461538461539,
                "p": 0.5251103084615335
            },
            {
                "x": 0.3105515587529976,
                "y": 0.5846153846153846,
                "p": 0.5147397572155714
            },
            {
                "x": 0.3313349320543565,
                "y": 0.6153846153846154,
                "p": 0.5075126641497012
            },
            {
                "x": 0.35411670663469225,
                "y": 0.6461538461538462,
                "p": 0.5059523044799661
            },
            {
                "x": 0.37410071942446044,
                "y": 0.676923076923077,
                "p": 0.5050397955791546
            },
            {
                "x": 0.40207833733013587,
                "y": 0.7076923076923077,
                "p": 0.504134509589192
            },
            {
                "x": 0.44204636290967225,
                "y": 0.7230769230769231,
                "p": 0.5020493386113558
            },
            {
                "x": 0.473621103117506,
                "y": 0.7538461538461538,
                "p": 0.4986392969141909
            },
            {
                "x": 0.48960831334932053,
                "y": 0.8153846153846154,
                "p": 0.4949319854661682
            },
            {
                "x": 0.5123900879296562,
                "y": 0.8461538461538461,
                "p": 0.49038398309556563
            },
            {
                "x": 0.5631494804156675,
                "y": 0.8461538461538461,
                "p": 0.486972797566487
            },
            {
                "x": 0.5887290167865707,
                "y": 0.8769230769230769,
                "p": 0.4850742953806183
            },
            {
                "x": 0.6027178257394085,
                "y": 0.9230769230769231,
                "p": 0.4840546421321167
            },
            {
                "x": 0.653876898481215,
                "y": 0.9230769230769231,
                "p": 0.4781010617412464
            },
            {
                "x": 0.6914468425259792,
                "y": 0.9384615384615385,
                "p": 0.46984390626027006
            },
            {
                "x": 0.718625099920064,
                "y": 0.9692307692307692,
                "p": 0.46204176197318847
            },
            {
                "x": 0.7685851318944844,
                "y": 0.9846153846153847,
                "p": 0.2577776646828845
            },
            {
                "x": 0.8405275779376499,
                "y": 0.9846153846153847,
                "p": 0.14852681026111358
            },
            {
                "x": 0.8772981614708233,
                "y": 1.0,
                "p": 0.1320887975783911
            },
            {
                "x": 0.9276578737010391,
                "y": 1.0,
                "p": 0.10318005888591585
            },
            {
                "x": 0.9920063948840927,
                "y": 1.0,
                "p": 0.08757813536387829
            },
            {
                "x": 1.0,
                "y": 1.0,
                "p": 0.08388752252912969
            }
        ]
    ],
    "liftVizData": {
        "bins": [
            {
                "bin_pos_prop": 0.0778210117,
                "bin_lift": 3.0733313379,
                "cum_lift": 0.3076923077,
                "cum_size": 0.1001168679,
                "bin_min": 0.6057311066,
                "bin_max": 0.8551309552,
                "percentile_idx": 0
            },
            {
                "bin_pos_prop": 0.0389105058,
                "bin_lift": 1.536665669,
                "cum_lift": 0.4615384615,
                "cum_size": 0.2002337359,
                "bin_min": 0.5750120015,
                "bin_max": 0.6057311066,
                "percentile_idx": 1
            },
            {
                "bin_pos_prop": 0.03125,
                "bin_lift": 1.2341346154,
                "cum_lift": 0.5846153846,
                "cum_size": 0.299961044,
                "bin_min": 0.5213992718,
                "bin_max": 0.5750120015,
                "percentile_idx": 2
            },
            {
                "bin_pos_prop": 0.0233463035,
                "bin_lift": 0.9219994014,
                "cum_lift": 0.6769230769,
                "cum_size": 0.400077912,
                "bin_min": 0.5045114447,
                "bin_max": 0.5213992718,
                "percentile_idx": 3
            },
            {
                "bin_pos_prop": 0.03515625,
                "bin_lift": 1.3884014423,
                "cum_lift": 0.8153846154,
                "cum_size": 0.4998052201,
                "bin_min": 0.494574222,
                "bin_max": 0.5045114447,
                "percentile_idx": 4
            },
            {
                "bin_pos_prop": 0.0155642023,
                "bin_lift": 0.6146662676,
                "cum_lift": 0.8769230769,
                "cum_size": 0.599922088,
                "bin_min": 0.4846455701,
                "bin_max": 0.494574222,
                "percentile_idx": 5
            },
            {
                "bin_pos_prop": 0.0155642023,
                "bin_lift": 0.6146662676,
                "cum_lift": 0.9384615385,
                "cum_size": 0.700038956,
                "bin_min": 0.4690060383,
                "bin_max": 0.4846455701,
                "percentile_idx": 6
            },
            {
                "bin_pos_prop": 0.01171875,
                "bin_lift": 0.4628004808,
                "cum_lift": 0.9846153846,
                "cum_size": 0.7997662641,
                "bin_min": 0.1608103177,
                "bin_max": 0.4690060383,
                "percentile_idx": 7
            },
            {
                "bin_pos_prop": 0.0038910506,
                "bin_lift": 0.1536665669,
                "cum_lift": 1.0,
                "cum_size": 0.8998831321,
                "bin_min": 0.1296962004,
                "bin_max": 0.1608103177,
                "percentile_idx": 8
            },
            {
                "bin_pos_prop": 0.0,
                "bin_lift": 0.0,
                "cum_lift": 1.0,
                "cum_size": 1.0,
                "bin_min": 0.0838875225,
                "bin_max": 0.1296962004,
                "percentile_idx": 9
            }
        ],
        "wizard": {
            "positives": 65,
            "total": 2567
        }
    },
    "densityData": {
        "0": {
            "correct": [
                0.0002842790671853645,
                0.0006749862659129649,
                0.0015117249330900665,
                0.003193691266838966,
                0.0063645830743425695,
                0.011965157765947207,
                0.021220367369322285,
                0.035504868743104434,
                0.05604514913403901,
                0.08346759966195891,
                0.11728504720154848,
                0.15549923846806524,
                0.19453304560271759,
                0.22964799446724019,
                0.25584379247097766,
                0.26903059575858196,
                0.2671100636262017,
                0.2505887216862141,
                0.22250159441961417,
                0.18768015811003144,
                0.15163378356751783,
                0.11941942581859409,
                0.09481820350802889,
                0.07997550650179969,
                0.07549317226625256,
                0.08086573543592539,
                0.09514007734327336,
                0.11770055245612555,
                0.14907486039113046,
                0.19159050161497282,
                0.24962260176654022,
                0.32914730642109663,
                0.4364388897162309,
                0.5760507634620978,
                0.7486239021115271,
                0.94939348369561,
                1.1683026935363832,
                1.3922424030674094,
                1.6091572436442458,
                1.8128495808807326,
                2.0066709765935387,
                2.2042805555781793,
                2.4264116168672043,
                2.6939357313597445,
                3.0189843237435516,
                3.396919428011909,
                3.8020955947748756,
                4.189468191542256,
                4.502380112645142,
                4.68482112135638,
                4.694807076888188,
                4.514924209078717,
                4.156849441678647,
                3.658583429381215,
                3.0755022910224845,
                2.468215665079,
                1.890902297032834,
                1.3831253778121853,
                0.9665454393581466,
                0.6462050595753457,
                0.4148335205007639,
                0.258220017083109,
                0.16002891668125818,
                0.10513165800858004,
                0.08124289377990447,
                0.07915027002310451,
                0.09206603182423571,
                0.11466138901757755,
                0.14225309906706354,
                0.17045328825706677,
                0.19539878085637796,
                0.21447220698847289,
                0.227253412516214,
                0.23634046655998506,
                0.247681215894563,
                0.27015283591407957,
                0.31428845363215885,
                0.39024628139163436,
                0.5053282956498684,
                0.6615575618263342,
                0.8539574435418769,
                1.070149053040476,
                1.2916198109283012,
                1.4965391469769893,
                1.6634707217727593,
                1.7749999673040793,
                1.8203454944667001,
                1.7964413180544652,
                1.7075423765733684,
                1.563822751753235,
                1.3795284224782722,
                1.1710641500801908,
                0.9551498876536275,
                0.7470754081735632,
                0.5591539668129428,
                0.3996054910692204,
                0.27212547356290084,
                0.17625138792886347,
                0.10839548435830255,
                0.06321218471635007
            ],
            "incorrect": [
                0.03493299986029045,
                0.052752282243867986,
                0.0774727676417937,
                0.11065352781344226,
                0.15370821844311483,
                0.20766044064994293,
                0.2728647816026115,
                0.34873442499287866,
                0.43352983896701236,
                0.5242678025143365,
                0.6168016950601359,
                0.706100972710569,
                0.7867224430830846,
                0.8534248559643586,
                0.9018410074689477,
                0.9290982036984206,
                0.9342763620666488,
                0.9186160336734008,
                0.8854326406421352,
                0.8397488606847424,
                0.7877115102100003,
                0.7358995834444804,
                0.6906467994476727,
                0.6574914280462085,
                0.6408312955435916,
                0.6438114530616063,
                0.6684183024313088,
                0.7157099117696324,
                0.7860883512465677,
                0.8795218263787357,
                0.9956514621960398,
                1.1337624260332317,
                1.2926489954241733,
                1.4704431685885848,
                1.664493274180082,
                1.8713656978907711,
                2.0870014883379326,
                2.3070021901326743,
                2.5269647203318324,
                2.7427536729894277,
                2.9506055861289635,
                3.1470062864830837,
                3.328358243957182,
                3.49053707238332,
                3.6284972462611664,
                3.7361034812007845,
                3.806325515920555,
                3.831846942746486,
                3.806026007028908,
                3.724040029075745,
                3.5839767499236395,
                3.387626373510185,
                3.1407812635823853,
                2.8529520862470754,
                2.5365323637021953,
                2.2055559626177113,
                1.8742668192196985,
                1.5557420920078577,
                1.2607788710619277,
                0.9971838259125622,
                0.7695160125933382,
                0.5792479552799445,
                0.4252467153439765,
                0.30444417705054416,
                0.21256439699472965,
                0.14479867736779037,
                0.0963554032628422,
                0.06285078371166351,
                0.04054002181316002,
                0.02641138032634,
                0.018177064319669926,
                0.014196548754303368,
                0.013363163494519839,
                0.014976913770858306,
                0.01861856469288501,
                0.024033807715150107,
                0.03103257562690807,
                0.03940704380811103,
                0.04887167672484493,
                0.059028722523505606,
                0.06936181610844776,
                0.07925823907933942,
                0.0880569291635668,
                0.09511517680242097,
                0.0998831744624198,
                0.1019733789224711,
                0.10121189685326665,
                0.09766207368933197,
                0.09161565347088446,
                0.08355312329408744,
                0.07408067265946956,
                0.06385521222592452,
                0.053510251126922995,
                0.04359401047411083,
                0.03452755747137306,
                0.026586066493841907,
                0.019901761318140455,
                0.01448365386032952,
                0.010247406347748483,
                0.007048536866114454
            ],
            "correctMedian": 0.5066537058753131,
            "incorrectMedian": 0.46271221561976406
        },
        "1": {
            "correct": [
                0.007048536866114442,
                0.010247406347748483,
                0.014483653860329546,
                0.019901761318140438,
                0.026586066493841917,
                0.03452755747137312,
                0.04359401047411083,
                0.05351025112692304,
                0.0638552122259245,
                0.07408067265946959,
                0.08355312329408751,
                0.09161565347088446,
                0.09766207368933201,
                0.10121189685326665,
                0.1019733789224711,
                0.09988317446241984,
                0.09511517680242097,
                0.08805692916356672,
                0.07925823907933942,
                0.0693618161084477,
                0.059028722523505606,
                0.04887167672484489,
                0.039407043808111046,
                0.031032575626908043,
                0.024033807715150075,
                0.01861856469288501,
                0.014976913770858294,
                0.013363163494519851,
                0.014196548754303394,
                0.01817706431966999,
                0.026411380326340057,
                0.0405400218131602,
                0.06285078371166365,
                0.09635540326284259,
                0.14479867736779062,
                0.2125643969947304,
                0.30444417705054533,
                0.4252467153439773,
                0.5792479552799463,
                0.7695160125933396,
                0.9971838259125657,
                1.2607788710619299,
                1.555742092007859,
                1.8742668192197018,
                2.205555962617713,
                2.5365323637021997,
                2.8529520862470803,
                3.1407812635823884,
                3.387626373510185,
                3.5839767499236426,
                3.724040029075745,
                3.806026007028908,
                3.8318469427464925,
                3.806325515920555,
                3.7361034812007845,
                3.6284972462611633,
                3.49053707238332,
                3.328358243957182,
                3.147006286483081,
                2.9506055861289613,
                2.7427536729894277,
                2.5269647203318324,
                2.3070021901326725,
                2.087001488337929,
                1.8713656978907711,
                1.664493274180082,
                1.4704431685885835,
                1.292648995424172,
                1.1337624260332317,
                0.9956514621960398,
                0.8795218263787349,
                0.7860883512465663,
                0.7157099117696317,
                0.6684183024313082,
                0.6438114530616065,
                0.6408312955435916,
                0.6574914280462085,
                0.690646799447673,
                0.735899583444481,
                0.7877115102100006,
                0.8397488606847427,
                0.8854326406421352,
                0.9186160336734008,
                0.9342763620666495,
                0.9290982036984206,
                0.9018410074689477,
                0.8534248559643586,
                0.7867224430830836,
                0.7061009727105684,
                0.6168016950601348,
                0.5242678025143359,
                0.43352983896701197,
                0.3487344249928777,
                0.2728647816026112,
                0.20766044064994219,
                0.1537082184431145,
                0.11065352781344216,
                0.07747276764179342,
                0.05275228224386787,
                0.03493299986029045
            ],
            "incorrect": [
                0.06321218471634996,
                0.10839548435830236,
                0.17625138792886458,
                0.2721254735628999,
                0.39960549106922677,
                0.5591539668129444,
                0.7470754081735685,
                0.9551498876536216,
                1.1710641500802002,
                1.3795284224782527,
                1.563822751753235,
                1.707542376573344,
                1.7964413180544843,
                1.820345494466713,
                1.7749999673040824,
                1.6634707217727298,
                1.4965391469769973,
                1.2916198109283035,
                1.070149053040476,
                0.8539574435418814,
                0.6615575618263319,
                0.5053282956498648,
                0.3902462813916399,
                0.3142884536321572,
                0.27015283591408074,
                0.24768121589456651,
                0.23634046655999094,
                0.2272534125162166,
                0.21447220698847003,
                0.19539878085637866,
                0.17045328825706738,
                0.14225309906706152,
                0.11466138901757429,
                0.09206603182423506,
                0.07915027002310403,
                0.0812428937799026,
                0.10513165800858154,
                0.16002891668125876,
                0.25822001708310827,
                0.4148335205007628,
                0.6462050595753589,
                0.9665454393581526,
                1.3831253778121704,
                1.890902297032807,
                2.4682156650789344,
                3.0755022910225285,
                3.658583429381202,
                4.156849441678736,
                4.51492420907875,
                4.694807076888122,
                4.684821121356439,
                4.50238011264511,
                4.189468191542256,
                3.802095594774835,
                3.396919428011867,
                3.0189843237435303,
                2.6939357313597205,
                2.4264116168671612,
                2.2042805555781713,
                2.0066709765935173,
                1.8128495808807132,
                1.609157243644223,
                1.3922424030674343,
                1.1683026935363563,
                0.9493934836956354,
                0.7486239021115271,
                0.5760507634620973,
                0.4364388897162247,
                0.329147306421094,
                0.24962260176654377,
                0.1915905016149713,
                0.14907486039112952,
                0.11770055245612357,
                0.09514007734327344,
                0.08086573543592654,
                0.0754931722662525,
                0.0799755065017994,
                0.09481820350802855,
                0.11941942581859441,
                0.15163378356751891,
                0.18768015811003094,
                0.22250159441961517,
                0.250588721686215,
                0.2671100636261996,
                0.2690305957585817,
                0.25584379247097677,
                0.22964799446724266,
                0.19453304560271723,
                0.15549923846806468,
                0.11728504720154838,
                0.08346759966195846,
                0.05604514913403886,
                0.03550486874310428,
                0.02122036736932222,
                0.011965157765947122,
                0.006364583074342536,
                0.0031936912668389605,
                0.0015117249330900582,
                0.0006749862659129625,
                0.0002842790671853645
            ],
            "correctMedian": 0.5372877843802359,
            "incorrectMedian": 0.4933462941246869
        }
    },
    "calibrationData": [
        {
            "y": 0,
            "x": 0,
            "n": 0
        },
        {
            "y": 0.0,
            "x": 0.09281001609498903,
            "n": 177.0
        },
        {
            "y": 0.0025252525252525255,
            "x": 0.14335067185806985,
            "n": 396.0
        },
        {
            "y": 0.0,
            "x": 0.2745004320596122,
            "n": 56.0
        },
        {
            "y": 0.02200825309491059,
            "x": 0.48043276806298546,
            "n": 727.0
        },
        {
            "y": 0.029308323563892145,
            "x": 0.5312418158410296,
            "n": 853.0
        },
        {
            "y": 0.045627376425855515,
            "x": 0.6166332057671788,
            "n": 263.0
        },
        {
            "y": 0.13333333333333333,
            "x": 0.706974515815109,
            "n": 15.0
        },
        {
            "y": 0.1125,
            "x": 0.8448565706171577,
            "n": 80.0
        },
        {
            "y": 1,
            "x": 1,
            "n": 0
        }
    ],
    "probaDistribData": {
        "bins": [
            0.0,
            0.1,
            0.2,
            0.3,
            0.4,
            0.5,
            0.6,
            0.7,
            0.8,
            0.9,
            1.0
        ],
        "probaDistribs": [
            [
                177.0,
                395.0,
                56.0,
                0.0,
                711.0,
                828.0,
                251.0,
                13.0,
                71.0,
                0.0
            ],
            [
                0.0,
                1.0,
                0.0,
                0.0,
                16.0,
                25.0,
                12.0,
                2.0,
                9.0,
                0.0
            ]
        ]
    },
    "globalMetrics": {
        "testWeight": 2567,
        "targetAvg": [
            0.025321386832878847
        ],
        "targetStd": [
            0.15712998557829463
        ],
        "predictionAvg": [
            0.044020257109466304
        ],
        "predictionStd": [
            0.20518010162379507
        ]
    }
}