{
    "details": {
        "Crime Category": {
            "levels": [
                "Crimes Against Property",
                "Crimes Against Person",
                "Crimes Against Morality"
            ],
            "with_others": false
        },
        "Crime type": {
            "levels": [
                "Violence and sexual offences",
                "Criminal damage and arson",
                "Public order",
                "Other theft",
                "Shoplifting",
                "Burglary",
                "Vehicle crime",
                "Drugs",
                "Bicycle theft",
                "Other crime",
                "Possession of weapons",
                "Robbery"
            ],
            "with_others": false
        }
    }
}