{
    "startedAt": 1640298609172,
    "gridSize": 2,
    "nThreads": 4,
    "nSplits": 5,
    "metric": "ROC_AUC",
    "timeout": null,
    "gridPoints": [
        {
            "finishedAt": 1640298612604,
            "score": 0.6913597378604022,
            "testScoreGibMean": 0.6913597378604022,
            "testScoreMean": 0.6913597378604022,
            "testScoreStd": 0.04436791745717583,
            "trainScoreMean": 0.84876639130172,
            "trainScoreStd": 0.005061841948583511,
            "time": 10111,
            "fitTimeMean": 1548.4,
            "fitTimeStd": 291.6303139250102,
            "scoreTimeMean": 473.8,
            "scoreTimeStd": 161.47742876327948,
            "best_iteration": null,
            "parameters": {
                "max_depth": 6,
                "max_features": "auto",
                "min_samples_leaf": 1,
                "n_estimators": 100,
                "min_samples_split": 3
            }
        },
        {
            "finishedAt": 1640298613529,
            "score": 0.6586062702270364,
            "testScoreGibMean": 0.6586062702270364,
            "testScoreMean": 0.6586062702270364,
            "testScoreStd": 0.02194904640570148,
            "trainScoreMean": 0.9906306886853403,
            "trainScoreStd": 0.0010739215633760537,
            "time": 6676,
            "fitTimeMean": 906.6,
            "fitTimeStd": 300.5911509010204,
            "scoreTimeMean": 428.6,
            "scoreTimeStd": 229.9622577728789,
            "best_iteration": null,
            "parameters": {
                "max_depth": 13,
                "max_features": "auto",
                "min_samples_leaf": 1,
                "n_estimators": 100,
                "min_samples_split": 3
            }
        }
    ]
}