[
    {
        "test_score_gib": 0.7172793456342482,
        "train_score": 0.848286515007559,
        "test_score": 0.7172793456342482,
        "num_samples": 2046,
        "fit_time": 1598,
        "score_time": 282,
        "time": 1880,
        "parameters": {
            "max_depth": 6,
            "max_features": "auto",
            "min_samples_leaf": 1,
            "n_estimators": 100,
            "min_samples_split": 3
        },
        "best_iteration": null,
        "done_at": 1640298611055,
        "split_id": 0
    },
    {
        "test_score_gib": 0.6743507938160922,
        "train_score": 0.8391869685507531,
        "test_score": 0.6743507938160922,
        "num_samples": 2046,
        "fit_time": 1703,
        "score_time": 327,
        "time": 2030,
        "parameters": {
            "max_depth": 6,
            "max_features": "auto",
            "min_samples_leaf": 1,
            "n_estimators": 100,
            "min_samples_split": 3
        },
        "best_iteration": null,
        "done_at": 1640298611206,
        "split_id": 1
    },
    {
        "test_score_gib": 0.6121845874062286,
        "train_score": 0.8533425942522556,
        "test_score": 0.6121845874062286,
        "num_samples": 2045,
        "fit_time": 1719,
        "score_time": 464,
        "time": 2183,
        "parameters": {
            "max_depth": 6,
            "max_features": "auto",
            "min_samples_leaf": 1,
            "n_estimators": 100,
            "min_samples_split": 3
        },
        "best_iteration": null,
        "done_at": 1640298611363,
        "split_id": 2
    },
    {
        "test_score_gib": 0.7349590670373802,
        "train_score": 0.8516885001219027,
        "test_score": 0.7349590670373802,
        "num_samples": 2044,
        "fit_time": 1748,
        "score_time": 723,
        "time": 2471,
        "parameters": {
            "max_depth": 6,
            "max_features": "auto",
            "min_samples_leaf": 1,
            "n_estimators": 100,
            "min_samples_split": 3
        },
        "best_iteration": null,
        "done_at": 1640298611652,
        "split_id": 3
    },
    {
        "test_score_gib": 0.7180549119555144,
        "train_score": 0.8513349824876463,
        "test_score": 0.7180549119555144,
        "num_samples": 2044,
        "fit_time": 974,
        "score_time": 573,
        "time": 1547,
        "parameters": {
            "max_depth": 6,
            "max_features": "auto",
            "min_samples_leaf": 1,
            "n_estimators": 100,
            "min_samples_split": 3
        },
        "best_iteration": null,
        "done_at": 1640298612604,
        "split_id": 4
    },
    {
        "test_score_gib": 0.6631464843934904,
        "train_score": 0.9895544640242846,
        "test_score": 0.6631464843934904,
        "num_samples": 2046,
        "fit_time": 1188,
        "score_time": 558,
        "time": 1746,
        "parameters": {
            "max_depth": 13,
            "max_features": "auto",
            "min_samples_leaf": 1,
            "n_estimators": 100,
            "min_samples_split": 3
        },
        "best_iteration": null,
        "done_at": 1640298612957,
        "split_id": 0
    },
    {
        "test_score_gib": 0.6696929820409168,
        "train_score": 0.9892016086143329,
        "test_score": 0.6696929820409168,
        "num_samples": 2046,
        "fit_time": 1232,
        "score_time": 672,
        "time": 1904,
        "parameters": {
            "max_depth": 13,
            "max_features": "auto",
            "min_samples_leaf": 1,
            "n_estimators": 100,
            "min_samples_split": 3
        },
        "best_iteration": null,
        "done_at": 1640298613275,
        "split_id": 1
    },
    {
        "test_score_gib": 0.6166884519208912,
        "train_score": 0.9914975802115075,
        "test_score": 0.6166884519208912,
        "num_samples": 2045,
        "fit_time": 997,
        "score_time": 605,
        "time": 1602,
        "parameters": {
            "max_depth": 13,
            "max_features": "auto",
            "min_samples_leaf": 1,
            "n_estimators": 100,
            "min_samples_split": 3
        },
        "best_iteration": null,
        "done_at": 1640298613262,
        "split_id": 2
    },
    {
        "test_score_gib": 0.6807711615693544,
        "train_score": 0.9909670149315859,
        "test_score": 0.6807711615693544,
        "num_samples": 2044,
        "fit_time": 646,
        "score_time": 211,
        "time": 857,
        "parameters": {
            "max_depth": 13,
            "max_features": "auto",
            "min_samples_leaf": 1,
            "n_estimators": 100,
            "min_samples_split": 3
        },
        "best_iteration": null,
        "done_at": 1640298613463,
        "split_id": 3
    },
    {
        "test_score_gib": 0.6627374884151993,
        "train_score": 0.991934802904256,
        "test_score": 0.6627374884151993,
        "num_samples": 2044,
        "fit_time": 470,
        "score_time": 97,
        "time": 567,
        "parameters": {
            "max_depth": 13,
            "max_features": "auto",
            "min_samples_leaf": 1,
            "n_estimators": 100,
            "min_samples_split": 3
        },
        "best_iteration": null,
        "done_at": 1640298613529,
        "split_id": 4
    }
]