{
    "modelInputNRows": 10225,
    "modelInputNCols": 25,
    "modelInputIsSparse": false,
    "modelInputMemory": 2045000,
    "usedGridSearch": true,
    "gridSize": 2,
    "gridBestScore": 0.6913597378604022,
    "gridCells": [
        {
            "params": {
                "max_depth": 6,
                "max_features": "auto",
                "min_samples_leaf": 1,
                "n_estimators": 100,
                "min_samples_split": 3
            },
            "score": 0.6913597378604022,
            "scoreStd": 0.04436791745717583,
            "fitTime": 1.5484,
            "fitTimeStd": 0.2916303139250102,
            "scoreTime": 0.4738,
            "scoreTimeStd": 0.16147742876327947
        },
        {
            "params": {
                "max_depth": 13,
                "max_features": "auto",
                "min_samples_leaf": 1,
                "n_estimators": 100,
                "min_samples_split": 3
            },
            "score": 0.6586062702270364,
            "scoreStd": 0.02194904640570148,
            "fitTime": 0.9066000000000001,
            "fitTimeStd": 0.3005911509010204,
            "scoreTime": 0.42860000000000004,
            "scoreTimeStd": 0.2299622577728789
        }
    ],
    "rawImportance": {
        "variables": [
            "Crimes <= 10km",
            "Latitude",
            "Longitude",
            "Punishments <= 10km",
            "dummy:Crime Category:Crimes Against Property",
            "dummy:Crime Category:Crimes Against Person",
            "dummy:Crime Category:Crimes Against Morality",
            "dummy:Crime Category:Other",
            "dummy:Crime type:Violence and sexual offences",
            "dummy:Crime type:Criminal damage and arson",
            "dummy:Crime type:Public order",
            "dummy:Crime type:Other theft",
            "dummy:Crime type:Shoplifting",
            "dummy:Crime type:Burglary",
            "dummy:Crime type:Vehicle crime",
            "dummy:Crime type:Drugs",
            "dummy:Crime type:Bicycle theft",
            "dummy:Crime type:Other crime",
            "dummy:Crime type:Possession of weapons",
            "dummy:Crime type:Robbery",
            "dummy:Crime type:Theft from the person"
        ],
        "importances": [
            0.11826105931430021,
            0.17871259673150203,
            0.1343323496427147,
            0.09965920916104998,
            0.016873379473356424,
            0.01294252453859729,
            0.09345508215326093,
            0.0026800588020874116,
            0.007319352245542384,
            0.015016316053628928,
            0.01831295290378248,
            0.05487609108288158,
            0.030872167229784784,
            0.08757070288803669,
            0.037262265888965036,
            0.07166302424966133,
            0.004508929883890342,
            0.0027604990096321874,
            0.007811632713431323,
            0.003456329508035329,
            0.001653476525858714
        ]
    },
    "probaAware": true
}