{
    "metrics": {},
    "processed_feature_names": [
        "Crimes <= 10km",
        "Latitude",
        "Longitude",
        "Punishments <= 10km",
        "dummy:Crime Category:Crimes Against Property",
        "dummy:Crime Category:Crimes Against Person",
        "dummy:Crime Category:Crimes Against Morality",
        "dummy:Crime Category:Other",
        "dummy:Crime Category:N/A",
        "dummy:Crime Category:__Others__",
        "dummy:Crime type:Violence and sexual offences",
        "dummy:Crime type:Criminal damage and arson",
        "dummy:Crime type:Public order",
        "dummy:Crime type:Other theft",
        "dummy:Crime type:Shoplifting",
        "dummy:Crime type:Burglary",
        "dummy:Crime type:Vehicle crime",
        "dummy:Crime type:Drugs",
        "dummy:Crime type:Bicycle theft",
        "dummy:Crime type:Other crime",
        "dummy:Crime type:Possession of weapons",
        "dummy:Crime type:Robbery",
        "dummy:Crime type:Theft from the person",
        "dummy:Crime type:N/A",
        "dummy:Crime type:__Others__"
    ],
    "tiMetrics": {
        "auc": 0.689334146516467,
        "logLoss": 0.5347176521937141,
        "lift": 1.5915186346220829,
        "calibrationLoss": 0.3699091976146791
    },
    "probaPercentiles": [
        0.10947028086230103,
        0.11670660003902611,
        0.12884726960032464,
        0.13630364324214198,
        0.1460821105556309,
        0.15193978256639656,
        0.15918926543327788,
        0.17305370316121074,
        0.18676849297040832,
        0.19907106035377126,
        0.20752001905485654,
        0.21433439224096562,
        0.21941814001339777,
        0.22653208564849392,
        0.23278476734089648,
        0.23764098255977076,
        0.24752968392697378,
        0.2579487025833185,
        0.26341284217927163,
        0.2716747709205961,
        0.2842748330558017,
        0.2952756542274006,
        0.3133769333824701,
        0.327492302901148,
        0.3326124390669345,
        0.3401843801865866,
        0.3455022925042101,
        0.34926288312910847,
        0.35467308845616896,
        0.35974799621608206,
        0.36813263149279074,
        0.3730468325180716,
        0.3774726769673513,
        0.3815862705127262,
        0.3856820887552309,
        0.3895087264289758,
        0.39439762918771654,
        0.3995807175362723,
        0.4044185476361639,
        0.40845482373031267,
        0.41229380992008546,
        0.4149582532656545,
        0.41617289841751404,
        0.4173675289837566,
        0.41966243667398584,
        0.42204572682450225,
        0.42421893752301026,
        0.4264573369195895,
        0.4291955681248639,
        0.4315329018473432,
        0.4330983174527717,
        0.4355464883797285,
        0.43767194391722697,
        0.4392576595975133,
        0.44092302360361335,
        0.44212756808410153,
        0.4454151543884435,
        0.446749686256871,
        0.44956613960798814,
        0.451687795763071,
        0.4544640701324034,
        0.45628340122541444,
        0.45801744788593113,
        0.45945403405162866,
        0.46046574103129856,
        0.46251385072557594,
        0.4640319570736302,
        0.46575844598882854,
        0.4676813515206778,
        0.46931248174627027,
        0.4708583486655629,
        0.4722678528491594,
        0.47413419889467556,
        0.4764573227716221,
        0.47722235102379107,
        0.4789933526682517,
        0.48046483301387716,
        0.4825037996587686,
        0.4842737230701237,
        0.48615615231982123,
        0.4875787649603942,
        0.48973980237161596,
        0.49106978113979316,
        0.49381812272038905,
        0.49786244248660666,
        0.5035169945259942,
        0.512024657591902,
        0.5198381196453362,
        0.5268820088292204,
        0.5355508274234819,
        0.5459338349997325,
        0.5541561276467594,
        0.5620546431748004,
        0.5715714325241408,
        0.5817288157896019,
        0.5918941036525115,
        0.6104504429083348,
        0.6329164215538301,
        0.6788112489723698
    ],
    "perCutData": {
        "cut": [
            0,
            0.025,
            0.05,
            0.075,
            0.1,
            0.125,
            0.15,
            0.175,
            0.2,
            0.225,
            0.25,
            0.275,
            0.3,
            0.325,
            0.35,
            0.375,
            0.4,
            0.425,
            0.45,
            0.475,
            0.5,
            0.525,
            0.55,
            0.575,
            0.6,
            0.625,
            0.65,
            0.675,
            0.7,
            0.725,
            0.75,
            0.775,
            0.8,
            0.825,
            0.85,
            0.875,
            0.9,
            0.925,
            0.95,
            0.975
        ],
        "tp": [
            77,
            77,
            77,
            77,
            77,
            77,
            77,
            76,
            76,
            76,
            76,
            75,
            75,
            74,
            72,
            70,
            66,
            60,
            50,
            36,
            25,
            21,
            17,
            14,
            10,
            9,
            6,
            5,
            3,
            3,
            2,
            0,
            0,
            0,
            0,
            0,
            0,
            0,
            0,
            0
        ],
        "tn": [
            0,
            0,
            0,
            0,
            14,
            69,
            150,
            216,
            263,
            362,
            451,
            528,
            576,
            619,
            734,
            840,
            984,
            1222,
            1517,
            1881,
            2171,
            2259,
            2329,
            2402,
            2451,
            2484,
            2499,
            2511,
            2514,
            2518,
            2523,
            2530,
            2534,
            2534,
            2534,
            2534,
            2534,
            2534,
            2534,
            2534
        ],
        "fp": [
            2534,
            2534,
            2534,
            2534,
            2520,
            2465,
            2384,
            2318,
            2271,
            2172,
            2083,
            2006,
            1958,
            1915,
            1800,
            1694,
            1550,
            1312,
            1017,
            653,
            363,
            275,
            205,
            132,
            83,
            50,
            35,
            23,
            20,
            16,
            11,
            4,
            0,
            0,
            0,
            0,
            0,
            0,
            0,
            0
        ],
        "fn": [
            0,
            0,
            0,
            0,
            0,
            0,
            0,
            1,
            1,
            1,
            1,
            2,
            2,
            3,
            5,
            7,
            11,
            17,
            27,
            41,
            52,
            56,
            60,
            63,
            67,
            68,
            71,
            72,
            74,
            74,
            75,
            77,
            77,
            77,
            77,
            77,
            77,
            77,
            77,
            77
        ],
        "precision": [
            0.029490616621983913,
            0.029490616621983913,
            0.029490616621983913,
            0.029490616621983913,
            0.029649595687331536,
            0.03029110936270653,
            0.0312880942706217,
            0.031746031746031744,
            0.03238176395398381,
            0.033807829181494664,
            0.03520148216767022,
            0.03604036520903412,
            0.03689129365469749,
            0.03720462543991956,
            0.038461538461538464,
            0.03968253968253968,
            0.04084158415841584,
            0.043731778425655975,
            0.046860356138706656,
            0.05224963715529753,
            0.06443298969072164,
            0.07094594594594594,
            0.07657657657657657,
            0.0958904109589041,
            0.10752688172043011,
            0.15254237288135594,
            0.14634146341463414,
            0.17857142857142858,
            0.13043478260869565,
            0.15789473684210525,
            0.15384615384615385,
            0.0,
            1.0,
            1.0,
            1.0,
            1.0,
            1.0,
            1.0,
            1.0,
            1.0
        ],
        "recall": [
            1.0,
            1.0,
            1.0,
            1.0,
            1.0,
            1.0,
            1.0,
            0.987012987012987,
            0.987012987012987,
            0.987012987012987,
            0.987012987012987,
            0.974025974025974,
            0.974025974025974,
            0.961038961038961,
            0.935064935064935,
            0.9090909090909091,
            0.8571428571428571,
            0.7792207792207793,
            0.6493506493506493,
            0.4675324675324675,
            0.3246753246753247,
            0.2727272727272727,
            0.22077922077922077,
            0.18181818181818182,
            0.12987012987012986,
            0.11688311688311688,
            0.07792207792207792,
            0.06493506493506493,
            0.03896103896103896,
            0.03896103896103896,
            0.025974025974025976,
            0.0,
            0.0,
            0.0,
            0.0,
            0.0,
            0.0,
            0.0,
            0.0,
            0.0
        ],
        "accuracy": [
            0.029490616621983913,
            0.029490616621983913,
            0.029490616621983913,
            0.029490616621983913,
            0.03485254691689008,
            0.05591727307545002,
            0.08693986978169284,
            0.11183454615090004,
            0.12983531214094216,
            0.16775181922635005,
            0.2018383761011107,
            0.23094599770202986,
            0.24932975871313673,
            0.26541554959785524,
            0.3086939869781693,
            0.3485254691689008,
            0.40214477211796246,
            0.49099961700497896,
            0.6001531980084259,
            0.7342014553810801,
            0.8410570662581387,
            0.8732286480275756,
            0.8985063194178475,
            0.9253159708923784,
            0.942550746840291,
            0.9548065875143623,
            0.9594025277671391,
            0.963615472998851,
            0.9639984680199157,
            0.9655304481041747,
            0.9670624281884336,
            0.9689774032937571,
            0.9705093833780161,
            0.9705093833780161,
            0.9705093833780161,
            0.9705093833780161,
            0.9705093833780161,
            0.9705093833780161,
            0.9705093833780161,
            0.9705093833780161
        ],
        "f1": [
            0.057291666666666664,
            0.057291666666666664,
            0.057291666666666664,
            0.057291666666666664,
            0.05759162303664922,
            0.058801069110347465,
            0.06067769897557132,
            0.061513557264265474,
            0.06270627062706272,
            0.06537634408602151,
            0.06797853309481217,
            0.06950880444856349,
            0.07109004739336493,
            0.07163601161665054,
            0.07388404309902515,
            0.07604562737642585,
            0.07796810395747195,
            0.08281573498964803,
            0.08741258741258742,
            0.09399477806788512,
            0.1075268817204301,
            0.11260053619302948,
            0.11371237458193979,
            0.12556053811659193,
            0.1176470588235294,
            0.13235294117647056,
            0.10169491525423728,
            0.09523809523809523,
            0.060000000000000005,
            0.06249999999999999,
            0.04444444444444445,
            0.0,
            0.0,
            0.0,
            0.0,
            0.0,
            0.0,
            0.0,
            0.0,
            0.0
        ],
        "mcc": [
            0.0,
            0.0,
            0.0,
            0.0,
            0.012798824982180343,
            0.028719629276371214,
            0.04303599813178034,
            0.044280946817434365,
            0.05095455452459173,
            0.0635047889030237,
            0.07377636324235103,
            0.07671511477434409,
            0.08204165751499111,
            0.08153809002056159,
            0.08439679992882375,
            0.08694045839463614,
            0.08550671527510394,
            0.08858190733903007,
            0.0853512864417357,
            0.08054613226053371,
            0.08628925742908604,
            0.08762114647277126,
            0.0848433963283189,
            0.09551968998511602,
            0.08864786709649766,
            0.11059403190065345,
            0.08723995535051655,
            0.09174803381249974,
            0.05624982947123982,
            0.06498250747197178,
            0.051996658455797935,
            -0.0068281261698334835,
            0.0,
            0.0,
            0.0,
            0.0,
            0.0,
            0.0,
            0.0,
            0.0
        ],
        "hammingLoss": [
            0.9705093833780161,
            0.9705093833780161,
            0.9705093833780161,
            0.9705093833780161,
            0.9651474530831099,
            0.94408272692455,
            0.9130601302183071,
            0.8881654538491,
            0.8701646878590579,
            0.8322481807736499,
            0.7981616238988893,
            0.7690540022979702,
            0.7506702412868632,
            0.7345844504021448,
            0.6913060130218307,
            0.6514745308310992,
            0.5978552278820375,
            0.509000382995021,
            0.39984680199157413,
            0.26579854461891994,
            0.15894293374186136,
            0.12677135197242437,
            0.10149368058215243,
            0.0746840291076216,
            0.057449253159708925,
            0.045193412485637685,
            0.040597472232860976,
            0.036384527001148984,
            0.03600153198008426,
            0.03446955189582535,
            0.03293757181156645,
            0.031022596706242817,
            0.029490616621983913,
            0.029490616621983913,
            0.029490616621983913,
            0.029490616621983913,
            0.029490616621983913,
            0.029490616621983913,
            0.029490616621983913,
            0.029490616621983913
        ],
        "assertionsMetrics": []
    },
    "optimalThreshold": 0.625,
    "usedThreshold": 0.625,
    "rocVizData": [
        [
            {
                "x": 0.0,
                "y": 0.0,
                "p": 1.7878473871963003
            },
            {
                "x": 0.008287292817679558,
                "y": 0.05194805194805195,
                "p": 0.6858387278674026
            },
            {
                "x": 0.01696921862667719,
                "y": 0.11688311688311688,
                "p": 0.634798850885328
            },
            {
                "x": 0.036306235201262825,
                "y": 0.15584415584415584,
                "p": 0.5926142998134722
            },
            {
                "x": 0.062352012628255724,
                "y": 0.18181818181818182,
                "p": 0.56867583328649
            },
            {
                "x": 0.07576953433307025,
                "y": 0.22077922077922077,
                "p": 0.554205601585631
            },
            {
                "x": 0.0947119179163378,
                "y": 0.2597402597402597,
                "p": 0.5368378872194149
            },
            {
                "x": 0.11917916337805841,
                "y": 0.2857142857142857,
                "p": 0.5171126680532571
            },
            {
                "x": 0.13338595106550907,
                "y": 0.3246753246753247,
                "p": 0.5053778981471708
            },
            {
                "x": 0.16456195737963694,
                "y": 0.36363636363636365,
                "p": 0.49106978113979316
            },
            {
                "x": 0.18902920284135755,
                "y": 0.4025974025974026,
                "p": 0.486900240412753
            },
            {
                "x": 0.21507498026835042,
                "y": 0.42857142857142855,
                "p": 0.4822453743676292
            },
            {
                "x": 0.2280978689818469,
                "y": 0.4675324675324675,
                "p": 0.4797153824268767
            },
            {
                "x": 0.27032359905288084,
                "y": 0.4805194805194805,
                "p": 0.47299926141101456
            },
            {
                "x": 0.2912391475927388,
                "y": 0.5194805194805194,
                "p": 0.46988652151586197
            },
            {
                "x": 0.32202052091554856,
                "y": 0.5454545454545454,
                "p": 0.4645985680704017
            },
            {
                "x": 0.3354380426203631,
                "y": 0.5844155844155844,
                "p": 0.4622699157217655
            },
            {
                "x": 0.36464088397790057,
                "y": 0.6103896103896104,
                "p": 0.45768217156266566
            },
            {
                "x": 0.39226519337016574,
                "y": 0.6363636363636364,
                "p": 0.45179909700171633
            },
            {
                "x": 0.4163378058405683,
                "y": 0.6753246753246753,
                "p": 0.4463298560230838
            },
            {
                "x": 0.4419889502762431,
                "y": 0.7012987012987013,
                "p": 0.4409393106939447
            },
            {
                "x": 0.4597474348855564,
                "y": 0.7402597402597403,
                "p": 0.4381620651315536
            },
            {
                "x": 0.4988161010260458,
                "y": 0.7532467532467533,
                "p": 0.4299567117738168
            },
            {
                "x": 0.5232833464877664,
                "y": 0.7792207792207793,
                "p": 0.42421893752301026
            },
            {
                "x": 0.5477505919494869,
                "y": 0.8051948051948052,
                "p": 0.4182381663429483
            },
            {
                "x": 0.5706393054459353,
                "y": 0.8441558441558441,
                "p": 0.4150209908983793
            },
            {
                "x": 0.6097079715864246,
                "y": 0.8571428571428571,
                "p": 0.402201120189641
            },
            {
                "x": 0.6353591160220995,
                "y": 0.8831168831168831,
                "p": 0.3887898656557116
            },
            {
                "x": 0.6685082872928176,
                "y": 0.9090909090909091,
                "p": 0.37529261187263885
            },
            {
                "x": 0.6961325966850829,
                "y": 0.935064935064935,
                "p": 0.35768169132900796
            },
            {
                "x": 0.7320441988950276,
                "y": 0.961038961038961,
                "p": 0.34068292583340787
            },
            {
                "x": 0.7691397000789266,
                "y": 0.974025974025974,
                "p": 0.30577621604491506
            },
            {
                "x": 0.8070244672454617,
                "y": 0.987012987012987,
                "p": 0.2622880935623562
            },
            {
                "x": 0.8571428571428571,
                "y": 0.987012987012987,
                "p": 0.22590924983263144
            },
            {
                "x": 0.9072612470402526,
                "y": 0.987012987012987,
                "p": 0.18683256729289396
            },
            {
                "x": 0.9451460142067877,
                "y": 1.0,
                "p": 0.14724054490352745
            },
            {
                "x": 0.9956590370955012,
                "y": 1.0,
                "p": 0.09752781086144678
            },
            {
                "x": 1.0,
                "y": 1.0,
                "p": 0.07873694768248839
            }
        ]
    ],
    "liftVizData": {
        "bins": [
            {
                "bin_pos_prop": 0.0766283525,
                "bin_lift": 2.5983977708,
                "cum_lift": 0.2597402597,
                "cum_size": 0.0999617005,
                "bin_min": 0.5355508274,
                "bin_max": 0.7878473872,
                "percentile_idx": 0
            },
            {
                "bin_pos_prop": 0.0459770115,
                "bin_lift": 1.5590386625,
                "cum_lift": 0.4155844156,
                "cum_size": 0.199923401,
                "bin_min": 0.4861561523,
                "bin_max": 0.5355508274,
                "percentile_idx": 1
            },
            {
                "bin_pos_prop": 0.0307692308,
                "bin_lift": 1.0433566434,
                "cum_lift": 0.5194805195,
                "cum_size": 0.2995021065,
                "bin_min": 0.4693124817,
                "bin_max": 0.4861561523,
                "percentile_idx": 2
            },
            {
                "bin_pos_prop": 0.034351145,
                "bin_lift": 1.1648160999,
                "cum_lift": 0.6363636364,
                "cum_size": 0.399846802,
                "bin_min": 0.4516877958,
                "bin_max": 0.4693124817,
                "percentile_idx": 3
            },
            {
                "bin_pos_prop": 0.0308880309,
                "bin_lift": 1.0473850474,
                "cum_lift": 0.7402597403,
                "cum_size": 0.4990425124,
                "bin_min": 0.4315329018,
                "bin_max": 0.4516877958,
                "percentile_idx": 4
            },
            {
                "bin_pos_prop": 0.030418251,
                "bin_lift": 1.0314552368,
                "cum_lift": 0.8441558442,
                "cum_size": 0.599770203,
                "bin_min": 0.4084548237,
                "bin_max": 0.4315329018,
                "percentile_idx": 5
            },
            {
                "bin_pos_prop": 0.0229885057,
                "bin_lift": 0.7795193312,
                "cum_lift": 0.9220779221,
                "cum_size": 0.6997319035,
                "bin_min": 0.3597479962,
                "bin_max": 0.4084548237,
                "percentile_idx": 6
            },
            {
                "bin_pos_prop": 0.0154440154,
                "bin_lift": 0.5236925237,
                "cum_lift": 0.974025974,
                "cum_size": 0.7989276139,
                "bin_min": 0.2716747709,
                "bin_max": 0.3597479962,
                "percentile_idx": 7
            },
            {
                "bin_pos_prop": 0.0038022814,
                "bin_lift": 0.1289319046,
                "cum_lift": 0.987012987,
                "cum_size": 0.8996553045,
                "bin_min": 0.1990710604,
                "bin_max": 0.2716747709,
                "percentile_idx": 8
            },
            {
                "bin_pos_prop": 0.0038167939,
                "bin_lift": 0.1294240111,
                "cum_lift": 1.0,
                "cum_size": 1.0,
                "bin_min": 0.0787369477,
                "bin_max": 0.1990710604,
                "percentile_idx": 9
            }
        ],
        "wizard": {
            "positives": 77,
            "total": 2611
        }
    },
    "densityData": {
        "0": {
            "correct": [
                6.29180508454663e-15,
                8.549987346634144e-14,
                1.0279124808525195e-12,
                1.0936749608425202e-11,
                1.0301756582654776e-10,
                8.59375208676313e-10,
                6.351388715092169e-09,
                4.1604777522569035e-08,
                2.4165184329563246e-07,
                1.2451011506514665e-06,
                5.693731970347856e-06,
                2.3120562401622328e-05,
                8.341993196449631e-05,
                0.0002676183643722549,
                0.0007640197348998991,
                0.0019431029325885508,
                0.004408418418884297,
                0.00893821758668033,
                0.016235341174059562,
                0.026507504081674533,
                0.03908226146056628,
                0.05236637599810144,
                0.06431584938601105,
                0.07322524300085825,
                0.07837494993704072,
                0.08018230664654616,
                0.07991168001553621,
                0.07930246933316339,
                0.08037407990714893,
                0.08531727268288797,
                0.0962164879527283,
                0.11458273742756009,
                0.14104161537110846,
                0.1755503598279994,
                0.21810112453623398,
                0.26941273289293755,
                0.33107277822325093,
                0.40493739914256593,
                0.4919636101240277,
                0.5909078874886039,
                0.6976295054765812,
                0.8059779407764943,
                0.9109160723674605,
                1.0134265306485402,
                1.125405753069168,
                1.2718873200599097,
                1.487839543089887,
                1.8077753264079799,
                2.2493640234140564,
                2.797156330786548,
                3.3963125259405587,
                3.963767535546048,
                4.414298689682347,
                4.688180804666487,
                4.7654215073570105,
                4.661541695616416,
                4.412746679167892,
                4.062623101648461,
                3.6559099500828296,
                3.2359558784902798,
                2.84036110786283,
                2.4942372666927493,
                2.2054356777145014,
                1.965820091554627,
                1.758648906237811,
                1.568615153632706,
                1.389991143078657,
                1.2292539920097023,
                1.10108891483858,
                1.0201215153913068,
                0.9931192050922025,
                1.0157046697572085,
                1.074260315247402,
                1.1504845770872154,
                1.2254859364880168,
                1.2822968788781317,
                1.3079289288845628,
                1.2962523460687394,
                1.250954370809418,
                1.185881349896709,
                1.1206416896009472,
                1.0724544506832658,
                1.048290214326678,
                1.041676084103089,
                1.0358141165902586,
                1.0110415538623805,
                0.9527047446479713,
                0.8561280011219676,
                0.7274285507754662,
                0.5807752802897271,
                0.4335959570745966,
                0.30150297637551293,
                0.19460331330643543,
                0.11623172501045746,
                0.06404591837509122,
                0.032450489496364796,
                0.015062949763400984,
                0.006379453025126679,
                0.0024545191702713158,
                0.0008542517027478024
            ],
            "incorrect": [
                1.1342268334689762e-06,
                3.2090795029984823e-06,
                8.671005665252554e-06,
                2.2376462478097706e-05,
                5.5153736776518456e-05,
                0.00012985344275932422,
                0.0002920561490471758,
                0.000627566996456288,
                0.0012885163672529017,
                0.002528261170315016,
                0.004741716786342804,
                0.008502125544917962,
                0.014578604439943384,
                0.023913737453451513,
                0.037540984396080807,
                0.05643176005774594,
                0.08128321711151312,
                0.11228650275972861,
                0.14894193481224458,
                0.18999865619450831,
                0.23358013926762078,
                0.27751052750025046,
                0.3197908470665699,
                0.35911136593070747,
                0.39525341013783694,
                0.42924905845986827,
                0.4632304976946563,
                0.4999925482065896,
                0.54237965175285,
                0.5926613579300637,
                0.6520610279927357,
                0.7205540498098211,
                0.7969741138081808,
                0.8793861223998631,
                0.9656258302547439,
                1.0538825489279273,
                1.14321283735819,
                1.2339100814482522,
                1.3277006164463836,
                1.4277730068165129,
                1.5386583339643911,
                1.6659608375397519,
                1.8159001988235361,
                1.9945951334627587,
                2.207026818435619,
                2.455695731592117,
                2.739124809655596,
                3.0505245246441737,
                3.377048951682777,
                3.7000604613832135,
                3.9966449405156337,
                4.24230616766878,
                4.414410889479738,
                4.495682678478374,
                4.476960427878419,
                4.358586924929112,
                4.150130265882547,
                3.8685564723382764,
                3.535335205101114,
                3.173168560926795,
                2.8030407662011294,
                2.442114665089134,
                2.1027197448911794,
                1.7923785266071006,
                1.5145878333402472,
                1.2699614562179173,
                1.05736076723626,
                0.874759275378388,
                0.7197498881029143,
                0.5897494243028141,
                0.4820395010464049,
                0.3937906837420837,
                0.32216202836690183,
                0.2644856248356384,
                0.21847505260831293,
                0.18236654624382245,
                0.1549204042285757,
                0.1352649409154623,
                0.12262989732260623,
                0.11606303886458508,
                0.11423434697134846,
                0.11540355140746547,
                0.11757030868509262,
                0.11876313802040328,
                0.11737592684843284,
                0.11244576418311822,
                0.10378743576735007,
                0.09194904445373454,
                0.07801096863498208,
                0.06329560924680613,
                0.049073349120381866,
                0.03633801191821146,
                0.02569182909689939,
                0.017340965157532556,
                0.011172543137366242,
                0.006870769303260481,
                0.004032903631678261,
                0.0022593334966978878,
                0.001208057038268133,
                0.0006165040395564958
            ],
            "correctMedian": 0.5704306382190869,
            "incorrectMedian": 0.5299017062992833
        },
        "1": {
            "correct": [
                0.0006165040395565199,
                0.0012080570382681823,
                0.002259333496697974,
                0.00403290363167839,
                0.006870769303260694,
                0.01117254313736658,
                0.017340965157532973,
                0.025691829096899984,
                0.03633801191821213,
                0.04907334912038265,
                0.06329560924680705,
                0.07801096863498284,
                0.09194904445373524,
                0.10378743576735053,
                0.11244576418311847,
                0.11737592684843275,
                0.1187631380204029,
                0.11757030868509198,
                0.1154035514074647,
                0.11423434697134754,
                0.11606303886458415,
                0.12262989732260547,
                0.13526494091546143,
                0.15492040422857514,
                0.18236654624382212,
                0.21847505260831263,
                0.26448562483563853,
                0.32216202836690183,
                0.39379068374208426,
                0.48203950104640575,
                0.5897494243028152,
                0.7197498881029162,
                0.8747592753783896,
                1.0573607672362626,
                1.2699614562179196,
                1.5145878333402498,
                1.7923785266071037,
                2.1027197448911794,
                2.4421146650891385,
                2.8030407662011343,
                3.1731685609268006,
                3.535335205101114,
                3.8685564723382764,
                4.150130265882547,
                4.358586924929115,
                4.476960427878423,
                4.495682678478379,
                4.414410889479738,
                4.24230616766878,
                3.9966449405156337,
                3.700060461383207,
                3.377048951682771,
                3.0505245246441683,
                2.739124809655591,
                2.4556957315921126,
                2.2070268184356174,
                1.9945951334627552,
                1.8159001988235346,
                1.6659608375397519,
                1.5386583339643884,
                1.4277730068165104,
                1.3277006164463812,
                1.233910081448251,
                1.14321283735819,
                1.0538825489279264,
                0.9656258302547422,
                0.8793861223998624,
                0.7969741138081802,
                0.7205540498098191,
                0.6520610279927354,
                0.5926613579300624,
                0.542379651752849,
                0.4999925482065887,
                0.4632304976946555,
                0.4292490584598677,
                0.3952534101378366,
                0.35911136593070747,
                0.3197908470665705,
                0.27751052750025096,
                0.2335801392676215,
                0.18999865619450892,
                0.14894193481224544,
                0.11228650275972905,
                0.08128321711151368,
                0.05643176005774651,
                0.03754098439608109,
                0.0239137374534518,
                0.014578604439943526,
                0.008502125544918084,
                0.0047417167863428545,
                0.0025282611703150563,
                0.0012885163672529257,
                0.0006275669964562985,
                0.0002920561490471826,
                0.00012985344275932698,
                5.515373677651973e-05,
                2.2376462478098343e-05,
                8.671005665252784e-06,
                3.2090795029985793e-06,
                1.1342268334690184e-06
            ],
            "incorrect": [
                0.0008542517027478389,
                0.002454519170271416,
                0.006379453025126956,
                0.015062949763401518,
                0.03245048949636612,
                0.06404591837509377,
                0.11623172501046056,
                0.19460331330644096,
                0.3015029763755199,
                0.43359595707459847,
                0.5807752802897365,
                0.7274285507754681,
                0.8561280011219714,
                0.9527047446479722,
                1.011041553862374,
                1.0358141165902384,
                1.0416760841030965,
                1.0482902143266657,
                1.0724544506832572,
                1.1206416896009492,
                1.1858813498967171,
                1.2509543708094202,
                1.2962523460687256,
                1.3079289288845628,
                1.2822968788781453,
                1.2254859364880213,
                1.1504845770872112,
                1.0742603152473982,
                1.0157046697572139,
                0.9931192050922043,
                1.020121515391316,
                1.1010889148385916,
                1.2292539920096979,
                1.3899911430786396,
                1.5686151536326782,
                1.7586489062377486,
                1.965820091554627,
                2.2054356777145134,
                2.4942372666927537,
                2.84036110786283,
                3.2359558784903717,
                3.655909950082804,
                4.06262310164851,
                4.412746679167892,
                4.661541695616366,
                4.765421507357104,
                4.6881808046664455,
                4.414298689682324,
                3.963767535545985,
                3.3963125259405103,
                2.7971563307864686,
                2.2493640234140804,
                1.8077753264079575,
                1.4878395430898819,
                1.2718873200599028,
                1.125405753069157,
                1.0134265306485248,
                0.9109160723674816,
                0.8059779407764893,
                0.6976295054765831,
                0.590907887488606,
                0.4919636101240277,
                0.404937399142567,
                0.33107277822324915,
                0.26941273289293777,
                0.2181011245362336,
                0.1755503598279997,
                0.1410416153711087,
                0.1145827374275608,
                0.09621648795272847,
                0.08531727268288775,
                0.08037407990714865,
                0.0793024693331629,
                0.0799116800155358,
                0.08018230664654587,
                0.0783749499370403,
                0.07322524300085818,
                0.06431584938601123,
                0.05236637599810186,
                0.03908226146056663,
                0.026507504081674817,
                0.01623534117405981,
                0.008938217586680472,
                0.004408418418884387,
                0.001943102932588606,
                0.0007640197348999194,
                0.0002676183643722658,
                8.341993196449956e-05,
                2.3120562401623314e-05,
                5.693731970348068e-06,
                1.2451011506515306e-06,
                2.4165184329564664e-07,
                4.16047775225714e-08,
                6.351388715092575e-09,
                8.593752086763649e-10,
                1.0301756582655471e-10,
                1.0936749608426057e-11,
                1.0279124808525927e-12,
                8.549987346634813e-14,
                6.291805084547166e-15
            ],
            "correctMedian": 0.47009829370071665,
            "incorrectMedian": 0.42956936178091293
        }
    },
    "calibrationData": [
        {
            "y": 0,
            "x": 0,
            "n": 0
        },
        {
            "y": 0.0,
            "x": 0.08982555860045992,
            "n": 14.0
        },
        {
            "y": 0.004,
            "x": 0.14852413861788816,
            "n": 250.0
        },
        {
            "y": 0.0031847133757961785,
            "x": 0.24367014779777704,
            "n": 314.0
        },
        {
            "y": 0.02158273381294964,
            "x": 0.3595405674507302,
            "n": 417.0
        },
        {
            "y": 0.033387622149837134,
            "x": 0.4525998018003962,
            "n": 1228.0
        },
        {
            "y": 0.05084745762711865,
            "x": 0.5445540939517269,
            "n": 295.0
        },
        {
            "y": 0.1,
            "x": 0.6333176498324506,
            "n": 70.0
        },
        {
            "y": 0.13043478260869565,
            "x": 0.7493578107249842,
            "n": 23.0
        },
        {
            "y": 1,
            "x": 1,
            "n": 0
        }
    ],
    "probaDistribData": {
        "bins": [
            0.0,
            0.1,
            0.2,
            0.3,
            0.4,
            0.5,
            0.6,
            0.7,
            0.8,
            0.9,
            1.0
        ],
        "probaDistribs": [
            [
                14.0,
                249.0,
                313.0,
                408.0,
                1187.0,
                280.0,
                63.0,
                20.0,
                0.0,
                0.0
            ],
            [
                0.0,
                1.0,
                1.0,
                9.0,
                41.0,
                15.0,
                7.0,
                3.0,
                0.0,
                0.0
            ]
        ]
    },
    "globalMetrics": {
        "testWeight": 2611,
        "targetAvg": [
            0.029490616621983913
        ],
        "targetStd": [
            0.16920959199474994
        ],
        "predictionAvg": [
            0.022596706242818843
        ],
        "predictionStd": [
            0.14864238027964993
        ]
    }
}