{
  "state": "DONE",
  "preSearchDescription": {
    "gridLength": 2,
    "searchStrategy": "GRID",
    "importantParams": [
      {
        "name": "trees",
        "vals": [
          "100"
        ]
      },
      {
        "name": "depth",
        "vals": [
          "6",
          "13"
        ]
      },
      {
        "name": "min_samples",
        "vals": [
          "1"
        ]
      }
    ]
  },
  "postSearchDescription": {
    "importantParams": [
      {
        "name": "trees",
        "val": "100"
      },
      {
        "name": "depth",
        "val": "6"
      },
      {
        "name": "min_samples",
        "val": "1"
      }
    ]
  },
  "resumed": false,
  "timeOrderingEnabled": false,
  "sampleWeightsEnabled": false,
  "modelId": "m1",
  "progress": {
    "top_level_todo": [],
    "stack": [],
    "top_level_done": [
      {
        "name": "Loading train set",
        "time": 49
      },
      {
        "name": "Loading test set",
        "time": 17
      },
      {
        "name": "Collecting statistics",
        "time": 13
      },
      {
        "name": "Preprocessing train set",
        "time": 48
      },
      {
        "name": "Preprocessing test set",
        "time": 22
      },
      {
        "name": "Hyperparameter searching",
        "time": 5036
      },
      {
        "name": "Fitting model",
        "time": 440
      },
      {
        "name": "Saving model",
        "time": 37
      },
      {
        "name": "Scoring model",
        "time": 1202
      }
    ]
  },
  "startTime": 1640298609004,
  "endTime": 1640298615909,
  "preprocessingTime": 149,
  "trainingTime": 6756,
  "hyperparamsSearchTime": 5036
}