{
  "pages": [
    {
      "id": "GdJqGrk",
      "grid": {
        "tiles": []
      },
      "showTitle": false
    }
  ],
  "owner": "michael",
  "listed": true,
  "name": "Michael Conundrum 1\u0027s default dashboard",
  "showGrid": true,
  "versionTag": {
    "versionNumber": 0,
    "lastModifiedBy": {
      "login": "michael"
    },
    "lastModifiedOn": 1640271157785
  },
  "creationTag": {
    "versionNumber": 0,
    "lastModifiedBy": {
      "login": "michael"
    },
    "lastModifiedOn": 1640271157785
  },
  "tags": [],
  "customFields": {},
  "checklists": {
    "checklists": []
  }
}