{
  "inputDatasetSmartName": "prepared_python",
  "script": {
    "steps": [
      {
        "type": "CreateColumnWithGREL",
        "params": {
          "column": "Percent Punishment",
          "expression": "val(\"Punishments \u003c\u003d 10km\")/val(\"Crimes \u003c\u003d 10km\")"
        },
        "metaType": "PROCESSOR",
        "preview": true,
        "disabled": false,
        "alwaysShowComment": false
      }
    ],
    "maxProcessedMemTableBytes": -1,
    "columnsSelection": {
      "mode": "ALL"
    },
    "columnWidthsByName": {
      "Longitude": 148,
      "Latitude": 141,
      "Location": 300,
      "LSOA name": 197,
      "Crime type": 211,
      "Crime Category": 176,
      "Punishment": 100,
      "GeoPoint": 197,
      "distance": 141,
      "distances": 141,
      "Crimes \u003c\u003d 10km": 120,
      "Punishments \u003c\u003d 10km": 158
    },
    "coloring": {
      "scheme": "MEANING_AND_STATUS",
      "individualColumns": [],
      "valueColoringMode": "HASH"
    },
    "sorting": [],
    "analysisColumnData": {},
    "explorationSampling": {
      "selection": {
        "maxStoredBytes": 104857600,
        "timeout": -1,
        "filter": {
          "distinct": false,
          "enabled": false
        },
        "partitionSelectionMethod": "ALL",
        "latestPartitionsN": 1,
        "ordering": {
          "enabled": false,
          "rules": []
        },
        "samplingMethod": "HEAD_SEQUENTIAL",
        "maxRecords": 10000,
        "targetRatio": 0.02,
        "withinFirstN": -1,
        "maxReadUncompressedBytes": -1
      },
      "autoRefreshSample": false,
      "_refreshTrigger": 0
    },
    "vizSampling": {
      "autoRefreshSample": false,
      "_refreshTrigger": 0
    },
    "exploreUIParams": {
      "autoRefresh": true
    },
    "globalSearchQuery": "",
    "explorationFilters": [],
    "previewMode": "ALL_ROWS"
  },
  "charts": [],
  "name": "Punishment Prediction",
  "versionTag": {
    "versionNumber": 1,
    "lastModifiedBy": {
      "login": "michael"
    },
    "lastModifiedOn": 1640299209732
  },
  "creationTag": {
    "versionNumber": 0,
    "lastModifiedBy": {
      "login": "michael"
    },
    "lastModifiedOn": 1640298574348
  },
  "tags": [],
  "customFields": {},
  "checklists": {
    "checklists": []
  }
}