{
    "Latitude": {
        "distribution": [
            0.10560257960499798,
            0.10519951632406288,
            0.10519951632406288,
            0.10479645304312778,
            0.10439338976219266,
            0.10600564288593309,
            0.10560257960499798,
            0.10519951632406288,
            0.10560257960499798,
            0.05239822652156389
        ],
        "scale": [
            50.76066522,
            50.81071048,
            50.842759820000005,
            50.88123452000001,
            50.908857,
            50.9247375,
            50.990497,
            51.14056672,
            51.25989086,
            51.32440314
        ]
    },
    "Crime Category": {
        "distribution": [
            0.42512447338184595,
            0.42129452317119864,
            0.1336652623515894,
            0.019915741095365758
        ],
        "scale": [
            "Crimes Against Property",
            "Crimes Against Person",
            "Crimes Against Morality",
            "Other"
        ]
    },
    "Longitude": {
        "distribution": [
            0.10519951632406288,
            0.10519951632406288,
            0.10560257960499798,
            0.10519951632406288,
            0.10519951632406288,
            0.10479645304312778,
            0.10519951632406288,
            0.10560257960499798,
            0.10560257960499798,
            0.05239822652156389
        ],
        "scale": [
            -1.48942736,
            -1.417638,
            -1.37360798,
            -1.3228483199999999,
            -1.2301878199999998,
            -1.13081598,
            -1.08773,
            -1.0406731599999999,
            -0.8899782799999998,
            -0.75583612
        ]
    },
    "Date": {
        "distribution": [
            1.0
        ],
        "scale": [
            3760387200.0
        ]
    },
    "Location": {
        "distribution": [
            0.5783224818077365,
            0.21562619685944082,
            0.12255840674071238,
            0.05668326311757947,
            0.02680965147453083
        ],
        "scale": [
            "Residential",
            "Others",
            "Building",
            " Parking Area",
            "Recreation"
        ]
    },
    "Crime type": {
        "distribution": [
            0.41537851763773287,
            0.11613158937772494,
            0.09433214427269125,
            0.08164883075703527,
            0.0745144669044788,
            0.0729290527150218,
            0.07173999207292905,
            0.02972651605231867,
            0.022988505747126436,
            0.020610384462940945
        ],
        "scale": [
            "Violence and sexual offences",
            "Criminal damage and arson",
            "Public order",
            "Shoplifting",
            "Other theft",
            "Vehicle crime",
            "Burglary",
            "Drugs",
            "Bicycle theft",
            "Other crime"
        ]
    }
}