{
    "startedAt": 1640290195637,
    "gridSize": 2,
    "nThreads": 4,
    "nSplits": 5,
    "metric": "ROC_AUC",
    "timeout": null,
    "gridPoints": [
        {
            "finishedAt": 1640290198869,
            "score": 0.6854230289484086,
            "testScoreGibMean": 0.6854230289484086,
            "testScoreMean": 0.6854230289484086,
            "testScoreStd": 0.04331773854806978,
            "trainScoreMean": 0.8301060315882095,
            "trainScoreStd": 0.007032304422903797,
            "time": 9356,
            "fitTimeMean": 1372.4,
            "fitTimeStd": 317.0612559112198,
            "scoreTimeMean": 498.8,
            "scoreTimeStd": 267.8831088366715,
            "best_iteration": null,
            "parameters": {
                "max_depth": 6,
                "max_features": "auto",
                "min_samples_leaf": 1,
                "n_estimators": 100,
                "min_samples_split": 3
            }
        },
        {
            "finishedAt": 1640290199795,
            "score": 0.6389954034655779,
            "testScoreGibMean": 0.6389954034655779,
            "testScoreMean": 0.6389954034655779,
            "testScoreStd": 0.03672975040373093,
            "trainScoreMean": 0.9864446744528359,
            "trainScoreStd": 0.001144235784291029,
            "time": 6750,
            "fitTimeMean": 885.4,
            "fitTimeStd": 201.99762374839958,
            "scoreTimeMean": 464.6,
            "scoreTimeStd": 289.16749471543307,
            "best_iteration": null,
            "parameters": {
                "max_depth": 13,
                "max_features": "auto",
                "min_samples_leaf": 1,
                "n_estimators": 100,
                "min_samples_split": 3
            }
        }
    ]
}