[
    {
        "test_score_gib": 0.7181645192134736,
        "train_score": 0.8338065957968079,
        "test_score": 0.7181645192134736,
        "num_samples": 2046,
        "fit_time": 1530,
        "score_time": 202,
        "time": 1732,
        "parameters": {
            "max_depth": 6,
            "max_features": "auto",
            "min_samples_leaf": 1,
            "n_estimators": 100,
            "min_samples_split": 3
        },
        "best_iteration": null,
        "done_at": 1640290197371,
        "split_id": 0
    },
    {
        "test_score_gib": 0.6776500771568414,
        "train_score": 0.8210679478216183,
        "test_score": 0.6776500771568414,
        "num_samples": 2046,
        "fit_time": 1583,
        "score_time": 483,
        "time": 2066,
        "parameters": {
            "max_depth": 6,
            "max_features": "auto",
            "min_samples_leaf": 1,
            "n_estimators": 100,
            "min_samples_split": 3
        },
        "best_iteration": null,
        "done_at": 1640290197706,
        "split_id": 1
    },
    {
        "test_score_gib": 0.604772865045086,
        "train_score": 0.8240231224233734,
        "test_score": 0.604772865045086,
        "num_samples": 2045,
        "fit_time": 1433,
        "score_time": 205,
        "time": 1638,
        "parameters": {
            "max_depth": 6,
            "max_features": "auto",
            "min_samples_leaf": 1,
            "n_estimators": 100,
            "min_samples_split": 3
        },
        "best_iteration": null,
        "done_at": 1640290197306,
        "split_id": 2
    },
    {
        "test_score_gib": 0.7034097930182268,
        "train_score": 0.8308410686995664,
        "test_score": 0.7034097930182268,
        "num_samples": 2044,
        "fit_time": 1569,
        "score_time": 790,
        "time": 2359,
        "parameters": {
            "max_depth": 6,
            "max_features": "auto",
            "min_samples_leaf": 1,
            "n_estimators": 100,
            "min_samples_split": 3
        },
        "best_iteration": null,
        "done_at": 1640290198042,
        "split_id": 3
    },
    {
        "test_score_gib": 0.7231329162805067,
        "train_score": 0.8407996218045157,
        "test_score": 0.7231329162805067,
        "num_samples": 2044,
        "fit_time": 747,
        "score_time": 814,
        "time": 1561,
        "parameters": {
            "max_depth": 6,
            "max_features": "auto",
            "min_samples_leaf": 1,
            "n_estimators": 100,
            "min_samples_split": 3
        },
        "best_iteration": null,
        "done_at": 1640290198869,
        "split_id": 4
    },
    {
        "test_score_gib": 0.6656315973832944,
        "train_score": 0.986665292293351,
        "test_score": 0.6656315973832944,
        "num_samples": 2046,
        "fit_time": 1075,
        "score_time": 673,
        "time": 1748,
        "parameters": {
            "max_depth": 13,
            "max_features": "auto",
            "min_samples_leaf": 1,
            "n_estimators": 100,
            "min_samples_split": 3
        },
        "best_iteration": null,
        "done_at": 1640290199122,
        "split_id": 0
    },
    {
        "test_score_gib": 0.6464323244563519,
        "train_score": 0.9873396315484406,
        "test_score": 0.6464323244563519,
        "num_samples": 2046,
        "fit_time": 1114,
        "score_time": 749,
        "time": 1863,
        "parameters": {
            "max_depth": 13,
            "max_features": "auto",
            "min_samples_leaf": 1,
            "n_estimators": 100,
            "min_samples_split": 3
        },
        "best_iteration": null,
        "done_at": 1640290199577,
        "split_id": 1
    },
    {
        "test_score_gib": 0.566572895355005,
        "train_score": 0.984672581705204,
        "test_score": 0.566572895355005,
        "num_samples": 2045,
        "fit_time": 892,
        "score_time": 677,
        "time": 1569,
        "parameters": {
            "max_depth": 13,
            "max_features": "auto",
            "min_samples_leaf": 1,
            "n_estimators": 100,
            "min_samples_split": 3
        },
        "best_iteration": null,
        "done_at": 1640290199620,
        "split_id": 2
    },
    {
        "test_score_gib": 0.6584221501390176,
        "train_score": 0.9856907122086973,
        "test_score": 0.6584221501390176,
        "num_samples": 2044,
        "fit_time": 786,
        "score_time": 114,
        "time": 900,
        "parameters": {
            "max_depth": 13,
            "max_features": "auto",
            "min_samples_leaf": 1,
            "n_estimators": 100,
            "min_samples_split": 3
        },
        "best_iteration": null,
        "done_at": 1640290199771,
        "split_id": 3
    },
    {
        "test_score_gib": 0.6579201421068891,
        "train_score": 0.9878549299208523,
        "test_score": 0.6579201421068891,
        "num_samples": 2044,
        "fit_time": 560,
        "score_time": 110,
        "time": 670,
        "parameters": {
            "max_depth": 13,
            "max_features": "auto",
            "min_samples_leaf": 1,
            "n_estimators": 100,
            "min_samples_split": 3
        },
        "best_iteration": null,
        "done_at": 1640290199795,
        "split_id": 4
    }
]