{
    "modelInputNRows": 10225,
    "modelInputNCols": 31,
    "modelInputIsSparse": false,
    "modelInputMemory": 2535800,
    "usedGridSearch": true,
    "gridSize": 2,
    "gridBestScore": 0.6854230289484086,
    "gridCells": [
        {
            "params": {
                "max_depth": 6,
                "max_features": "auto",
                "min_samples_leaf": 1,
                "n_estimators": 100,
                "min_samples_split": 3
            },
            "score": 0.6854230289484086,
            "scoreStd": 0.04331773854806978,
            "fitTime": 1.3724,
            "fitTimeStd": 0.3170612559112198,
            "scoreTime": 0.4988,
            "scoreTimeStd": 0.2678831088366715
        },
        {
            "params": {
                "max_depth": 13,
                "max_features": "auto",
                "min_samples_leaf": 1,
                "n_estimators": 100,
                "min_samples_split": 3
            },
            "score": 0.6389954034655779,
            "scoreStd": 0.03672975040373093,
            "fitTime": 0.8854,
            "fitTimeStd": 0.20199762374839958,
            "scoreTime": 0.4646,
            "scoreTimeStd": 0.28916749471543307
        }
    ],
    "rawImportance": {
        "variables": [
            "Latitude",
            "Longitude",
            "dummy:Crime Category:Crimes Against Property",
            "dummy:Crime Category:Crimes Against Person",
            "dummy:Crime Category:Crimes Against Morality",
            "dummy:Crime Category:Other",
            "dummy:Location:Residential",
            "dummy:Location:Others",
            "dummy:Location:Building",
            "dummy:Location: Parking Area",
            "dummy:Location:Recreation",
            "dummy:Crime type:Violence and sexual offences",
            "dummy:Crime type:Criminal damage and arson",
            "dummy:Crime type:Public order",
            "dummy:Crime type:Other theft",
            "dummy:Crime type:Shoplifting",
            "dummy:Crime type:Burglary",
            "dummy:Crime type:Vehicle crime",
            "dummy:Crime type:Drugs",
            "dummy:Crime type:Bicycle theft",
            "dummy:Crime type:Other crime",
            "dummy:Crime type:Possession of weapons",
            "dummy:Crime type:Robbery",
            "dummy:Crime type:Theft from the person"
        ],
        "importances": [
            0.21803062691094202,
            0.15448429058150176,
            0.031221900426879133,
            0.00877411539394019,
            0.09663838427776775,
            0.004903047954505886,
            0.017701015214926667,
            0.01942785471768254,
            0.01897789907766118,
            0.01304514136415213,
            0.01122935191464272,
            0.013147681873589332,
            0.013400930221040526,
            0.020386203409774626,
            0.05838566551238138,
            0.03675796877828372,
            0.1068967056207877,
            0.05422168000046983,
            0.07186355865410797,
            0.007581043225207835,
            0.0030064128778278785,
            0.013610335882540254,
            0.002515898967448499,
            0.003792287141938441
        ]
    },
    "probaAware": true
}