{
    "metrics": {},
    "processed_feature_names": [
        "Latitude",
        "Longitude",
        "Date",
        "dummy:Crime Category:Crimes Against Property",
        "dummy:Crime Category:Crimes Against Person",
        "dummy:Crime Category:Crimes Against Morality",
        "dummy:Crime Category:Other",
        "dummy:Crime Category:N/A",
        "dummy:Crime Category:__Others__",
        "dummy:Location:Residential",
        "dummy:Location:Others",
        "dummy:Location:Building",
        "dummy:Location: Parking Area",
        "dummy:Location:Recreation",
        "dummy:Location:N/A",
        "dummy:Location:__Others__",
        "dummy:Crime type:Violence and sexual offences",
        "dummy:Crime type:Criminal damage and arson",
        "dummy:Crime type:Public order",
        "dummy:Crime type:Other theft",
        "dummy:Crime type:Shoplifting",
        "dummy:Crime type:Burglary",
        "dummy:Crime type:Vehicle crime",
        "dummy:Crime type:Drugs",
        "dummy:Crime type:Bicycle theft",
        "dummy:Crime type:Other crime",
        "dummy:Crime type:Possession of weapons",
        "dummy:Crime type:Robbery",
        "dummy:Crime type:Theft from the person",
        "dummy:Crime type:N/A",
        "dummy:Crime type:__Others__"
    ],
    "tiMetrics": {
        "auc": 0.7028413575374901,
        "logLoss": 0.5601557351855928,
        "lift": 1.6564785788923722,
        "calibrationLoss": 0.38645504382821455
    },
    "probaPercentiles": [
        0.1236527983008313,
        0.13288723776423073,
        0.13722722084122535,
        0.14715299882885272,
        0.15179970143297727,
        0.16593385401766925,
        0.1775007212435111,
        0.1817468195366673,
        0.18808868504234208,
        0.20440162589928546,
        0.2107909866531,
        0.22512107438139484,
        0.2364736857505798,
        0.2467221719929924,
        0.2547832242976396,
        0.25940179700593397,
        0.26442489827071647,
        0.2685916942997655,
        0.2746160187406674,
        0.2818520389141081,
        0.3102563867888587,
        0.331930274777,
        0.346126313209173,
        0.3589608110862164,
        0.3662565748847401,
        0.3769030667289516,
        0.38256715945244285,
        0.3882246230788952,
        0.39937246094159135,
        0.40557352257460316,
        0.4118016847736937,
        0.4156982482087528,
        0.4196656542073741,
        0.4229783001444574,
        0.42448503588647185,
        0.42583197141176055,
        0.4290416953604257,
        0.4337783316855282,
        0.4359196989190137,
        0.4386507624486232,
        0.4399775995226417,
        0.44122485169567,
        0.44237395687115466,
        0.44330789075884425,
        0.44391625397792284,
        0.4444363381482613,
        0.44547351818877146,
        0.4464592391237454,
        0.4478129015317965,
        0.44854149893687023,
        0.4495585068061747,
        0.44985324333565574,
        0.4507905934158383,
        0.45195598040257373,
        0.4530481939012789,
        0.4544855957610903,
        0.45622174065752696,
        0.4587322132917247,
        0.4601994141888121,
        0.46143339437238823,
        0.4623431281040262,
        0.4632779595955557,
        0.46440888483920884,
        0.46560643996091866,
        0.4660063774418481,
        0.46680743142035425,
        0.4677326215256876,
        0.4689731943234699,
        0.469676355271765,
        0.4710345727321294,
        0.4723772293579024,
        0.47376119213877377,
        0.4740384074468974,
        0.4766127657631566,
        0.47721263279238035,
        0.4795212665205656,
        0.4817908505580898,
        0.4849119859670035,
        0.4883750354846503,
        0.49186274840234995,
        0.49420900635730514,
        0.4976259184051723,
        0.5034851220421274,
        0.5091575046575314,
        0.5153055114544629,
        0.5187616567492348,
        0.5246799424461563,
        0.5351402115746391,
        0.5441892992102193,
        0.5558276586760521,
        0.5621148101199518,
        0.567472293640953,
        0.5761951489442942,
        0.5820028675409652,
        0.5916990291612156,
        0.6036816923452148,
        0.6176759380142964,
        0.6400940805859989,
        0.7111743359173548
    ],
    "perCutData": {
        "cut": [
            0,
            0.025,
            0.05,
            0.075,
            0.1,
            0.125,
            0.15,
            0.175,
            0.2,
            0.225,
            0.25,
            0.275,
            0.3,
            0.325,
            0.35,
            0.375,
            0.4,
            0.425,
            0.45,
            0.475,
            0.5,
            0.525,
            0.55,
            0.575,
            0.6,
            0.625,
            0.65,
            0.675,
            0.7,
            0.725,
            0.75,
            0.775,
            0.8,
            0.825,
            0.85,
            0.875,
            0.9,
            0.925,
            0.95,
            0.975
        ],
        "tp": [
            77,
            77,
            77,
            77,
            77,
            77,
            77,
            76,
            76,
            76,
            76,
            76,
            76,
            76,
            74,
            73,
            70,
            68,
            58,
            35,
            31,
            25,
            24,
            20,
            17,
            10,
            7,
            5,
            5,
            4,
            1,
            0,
            0,
            0,
            0,
            0,
            0,
            0,
            0,
            0
        ],
        "tn": [
            0,
            0,
            0,
            0,
            0,
            27,
            126,
            180,
            251,
            312,
            369,
            498,
            543,
            565,
            607,
            670,
            752,
            909,
            1343,
            1874,
            2104,
            2220,
            2282,
            2368,
            2437,
            2480,
            2496,
            2504,
            2506,
            2518,
            2523,
            2534,
            2534,
            2534,
            2534,
            2534,
            2534,
            2534,
            2534,
            2534
        ],
        "fp": [
            2534,
            2534,
            2534,
            2534,
            2534,
            2507,
            2408,
            2354,
            2283,
            2222,
            2165,
            2036,
            1991,
            1969,
            1927,
            1864,
            1782,
            1625,
            1191,
            660,
            430,
            314,
            252,
            166,
            97,
            54,
            38,
            30,
            28,
            16,
            11,
            0,
            0,
            0,
            0,
            0,
            0,
            0,
            0,
            0
        ],
        "fn": [
            0,
            0,
            0,
            0,
            0,
            0,
            0,
            1,
            1,
            1,
            1,
            1,
            1,
            1,
            3,
            4,
            7,
            9,
            19,
            42,
            46,
            52,
            53,
            57,
            60,
            67,
            70,
            72,
            72,
            73,
            76,
            77,
            77,
            77,
            77,
            77,
            77,
            77,
            77,
            77
        ],
        "precision": [
            0.029490616621983913,
            0.029490616621983913,
            0.029490616621983913,
            0.029490616621983913,
            0.029490616621983913,
            0.02979876160990712,
            0.030985915492957747,
            0.031275720164609055,
            0.03221704111911827,
            0.03307223672758921,
            0.03391343150379295,
            0.03598484848484849,
            0.036768263183357526,
            0.037163814180929094,
            0.03698150924537731,
            0.03768714506969541,
            0.03779697624190065,
            0.04016538688718252,
            0.04643714971977582,
            0.050359712230215826,
            0.06724511930585683,
            0.07374631268436578,
            0.08695652173913043,
            0.10752688172043011,
            0.14912280701754385,
            0.15625,
            0.15555555555555556,
            0.14285714285714285,
            0.15151515151515152,
            0.2,
            0.08333333333333333,
            1.0,
            1.0,
            1.0,
            1.0,
            1.0,
            1.0,
            1.0,
            1.0,
            1.0
        ],
        "recall": [
            1.0,
            1.0,
            1.0,
            1.0,
            1.0,
            1.0,
            1.0,
            0.987012987012987,
            0.987012987012987,
            0.987012987012987,
            0.987012987012987,
            0.987012987012987,
            0.987012987012987,
            0.987012987012987,
            0.961038961038961,
            0.948051948051948,
            0.9090909090909091,
            0.8831168831168831,
            0.7532467532467533,
            0.45454545454545453,
            0.4025974025974026,
            0.3246753246753247,
            0.3116883116883117,
            0.2597402597402597,
            0.22077922077922077,
            0.12987012987012986,
            0.09090909090909091,
            0.06493506493506493,
            0.06493506493506493,
            0.05194805194805195,
            0.012987012987012988,
            0.0,
            0.0,
            0.0,
            0.0,
            0.0,
            0.0,
            0.0,
            0.0,
            0.0
        ],
        "accuracy": [
            0.029490616621983913,
            0.029490616621983913,
            0.029490616621983913,
            0.029490616621983913,
            0.029490616621983913,
            0.03983148219073152,
            0.0777479892761394,
            0.0980467253925699,
            0.12523937188816545,
            0.14860206817311375,
            0.17043278437380313,
            0.21983914209115282,
            0.2370739180390655,
            0.24549980850248948,
            0.26081960934507853,
            0.28456530065109154,
            0.31482190731520493,
            0.37418613558023744,
            0.5365760245116813,
            0.7311374952125622,
            0.8176943699731903,
            0.8598238222903102,
            0.8831865185752585,
            0.914592110302566,
            0.939869781692838,
            0.9536576024511682,
            0.9586365377250096,
            0.9609345078513979,
            0.9617004978935274,
            0.9659134431252394,
            0.9666794331673688,
            0.9705093833780161,
            0.9705093833780161,
            0.9705093833780161,
            0.9705093833780161,
            0.9705093833780161,
            0.9705093833780161,
            0.9705093833780161,
            0.9705093833780161,
            0.9705093833780161
        ],
        "f1": [
            0.057291666666666664,
            0.057291666666666664,
            0.057291666666666664,
            0.057291666666666664,
            0.057291666666666664,
            0.05787298008267568,
            0.06010928961748634,
            0.06063023534104507,
            0.06239737274220033,
            0.064,
            0.0655737704918033,
            0.06943809958885337,
            0.0708955223880597,
            0.07163053722902922,
            0.0712223291626564,
            0.07249255213505462,
            0.07257646448937273,
            0.0768361581920904,
            0.08748114630467571,
            0.0906735751295337,
            0.11524163568773232,
            0.12019230769230768,
            0.13597733711048157,
            0.1520912547528517,
            0.17801047120418848,
            0.14184397163120568,
            0.11475409836065574,
            0.08928571428571427,
            0.0909090909090909,
            0.08247422680412371,
            0.02247191011235955,
            0.0,
            0.0,
            0.0,
            0.0,
            0.0,
            0.0,
            0.0,
            0.0,
            0.0
        ],
        "mcc": [
            0.0,
            0.0,
            0.0,
            0.0,
            0.0,
            0.01781876846630203,
            0.03925221177824362,
            0.03866210226069196,
            0.04930777201813222,
            0.05736415051816591,
            0.06433940383322598,
            0.07897373501952462,
            0.08385326022541642,
            0.08621305295700916,
            0.08019557444139458,
            0.08213400807627942,
            0.07669526227513963,
            0.0856887642276337,
            0.0959249835785311,
            0.0742944689229975,
            0.10333755711119805,
            0.10104691650579767,
            0.11678298023271454,
            0.1277483442708429,
            0.15109476339945846,
            0.1187719362117635,
            0.09868029806478643,
            0.07810955004467239,
            0.08160577214271085,
            0.08854983966117612,
            0.02162582339031896,
            0.0,
            0.0,
            0.0,
            0.0,
            0.0,
            0.0,
            0.0,
            0.0,
            0.0
        ],
        "hammingLoss": [
            0.9705093833780161,
            0.9705093833780161,
            0.9705093833780161,
            0.9705093833780161,
            0.9705093833780161,
            0.9601685178092685,
            0.9222520107238605,
            0.9019532746074301,
            0.8747606281118345,
            0.8513979318268863,
            0.8295672156261968,
            0.7801608579088471,
            0.7629260819609345,
            0.7545001914975106,
            0.7391803906549215,
            0.7154346993489085,
            0.6851780926847951,
            0.6258138644197625,
            0.46342397548831865,
            0.2688625047874378,
            0.18230563002680966,
            0.14017617770968976,
            0.11681348142474147,
            0.08540788969743393,
            0.06013021830716201,
            0.04634239754883186,
            0.04136346227499042,
            0.03906549214860207,
            0.038299502106472615,
            0.03408655687476063,
            0.033320566832631175,
            0.029490616621983913,
            0.029490616621983913,
            0.029490616621983913,
            0.029490616621983913,
            0.029490616621983913,
            0.029490616621983913,
            0.029490616621983913,
            0.029490616621983913,
            0.029490616621983913
        ],
        "assertionsMetrics": []
    },
    "optimalThreshold": 0.6,
    "usedThreshold": 0.6,
    "rocVizData": [
        [
            {
                "x": 0.0,
                "y": 0.0,
                "p": 1.7727515798547693
            },
            {
                "x": 0.006314127861089187,
                "y": 0.05194805194805195,
                "p": 0.7260797431245869
            },
            {
                "x": 0.01499605367008682,
                "y": 0.1038961038961039,
                "p": 0.6456406353009463
            },
            {
                "x": 0.025256511444356748,
                "y": 0.16883116883116883,
                "p": 0.6193419249987466
            },
            {
                "x": 0.035516969218626675,
                "y": 0.22077922077922077,
                "p": 0.6036816923452148
            },
            {
                "x": 0.05840568271507498,
                "y": 0.2597402597402597,
                "p": 0.578960664048899
            },
            {
                "x": 0.08839779005524862,
                "y": 0.2857142857142857,
                "p": 0.5597505273042924
            },
            {
                "x": 0.11286503551696922,
                "y": 0.3116883116883117,
                "p": 0.5360683440365152
            },
            {
                "x": 0.12430939226519337,
                "y": 0.35064935064935066,
                "p": 0.5238121794091898
            },
            {
                "x": 0.15351223362273086,
                "y": 0.38961038961038963,
                "p": 0.5091575046575314
            },
            {
                "x": 0.18547750591949486,
                "y": 0.4155844155844156,
                "p": 0.49379298714499564
            },
            {
                "x": 0.21862667719021311,
                "y": 0.44155844155844154,
                "p": 0.48383630608345357
            },
            {
                "x": 0.25611681136543013,
                "y": 0.45454545454545453,
                "p": 0.4763832833689333
            },
            {
                "x": 0.27624309392265195,
                "y": 0.4935064935064935,
                "p": 0.4737611921387738
            },
            {
                "x": 0.2892659826361484,
                "y": 0.5454545454545454,
                "p": 0.47201793977585
            },
            {
                "x": 0.3149171270718232,
                "y": 0.5844155844155844,
                "p": 0.46887530129325894
            },
            {
                "x": 0.35280189423835834,
                "y": 0.6103896103896104,
                "p": 0.4656064399609187
            },
            {
                "x": 0.367008681925809,
                "y": 0.6493506493506493,
                "p": 0.46418593196189706
            },
            {
                "x": 0.39976322020520916,
                "y": 0.6753246753246753,
                "p": 0.46063754375473565
            },
            {
                "x": 0.4238358326756117,
                "y": 0.7012987012987013,
                "p": 0.45605334043068363
            },
            {
                "x": 0.44909234411996846,
                "y": 0.7402597402597403,
                "p": 0.4520172080199158
            },
            {
                "x": 0.47868981846882397,
                "y": 0.7792207792207793,
                "p": 0.44985324333565574
            },
            {
                "x": 0.5169692186266772,
                "y": 0.7922077922077922,
                "p": 0.44608325277790145
            },
            {
                "x": 0.5516969218626677,
                "y": 0.8181818181818182,
                "p": 0.4434751941467836
            },
            {
                "x": 0.5923441199684294,
                "y": 0.8311688311688312,
                "p": 0.43873485081400576
            },
            {
                "x": 0.6172059984214681,
                "y": 0.8571428571428571,
                "p": 0.4321376447042342
            },
            {
                "x": 0.6448303078137332,
                "y": 0.8831168831168831,
                "p": 0.42429089916632157
            },
            {
                "x": 0.6787687450670876,
                "y": 0.9090909090909091,
                "p": 0.415425885729338
            },
            {
                "x": 0.7178374112075769,
                "y": 0.922077922077922,
                "p": 0.3868596170471118
            },
            {
                "x": 0.7454617205998422,
                "y": 0.948051948051948,
                "p": 0.3659218557084988
            },
            {
                "x": 0.7699289660615627,
                "y": 0.974025974025974,
                "p": 0.3399880200695059
            },
            {
                "x": 0.808602999210734,
                "y": 0.987012987012987,
                "p": 0.2724965141351423
            },
            {
                "x": 0.8587213891081295,
                "y": 0.987012987012987,
                "p": 0.244102921231768
            },
            {
                "x": 0.9100236779794791,
                "y": 0.987012987012987,
                "p": 0.18608558339414757
            },
            {
                "x": 0.9471191791633781,
                "y": 1.0,
                "p": 0.15299327877313104
            },
            {
                "x": 0.9984214680347278,
                "y": 1.0,
                "p": 0.1126191914000861
            },
            {
                "x": 1.0,
                "y": 1.0,
                "p": 0.10489694634551232
            }
        ]
    ],
    "liftVizData": {
        "bins": [
            {
                "bin_pos_prop": 0.0923076923,
                "bin_lift": 3.1300699301,
                "cum_lift": 0.3116883117,
                "cum_size": 0.0995787055,
                "bin_min": 0.5558276587,
                "bin_max": 0.7727515799,
                "percentile_idx": 0
            },
            {
                "bin_pos_prop": 0.034351145,
                "bin_lift": 1.1648160999,
                "cum_lift": 0.4285714286,
                "cum_size": 0.199923401,
                "bin_min": 0.4918627484,
                "bin_max": 0.5558276587,
                "percentile_idx": 1
            },
            {
                "bin_pos_prop": 0.0344827586,
                "bin_lift": 1.1692789969,
                "cum_lift": 0.5454545455,
                "cum_size": 0.2998851015,
                "bin_min": 0.4710345727,
                "bin_max": 0.4918627484,
                "percentile_idx": 2
            },
            {
                "bin_pos_prop": 0.0346153846,
                "bin_lift": 1.1737762238,
                "cum_lift": 0.6623376623,
                "cum_size": 0.399463807,
                "bin_min": 0.4614333944,
                "bin_max": 0.4710345727,
                "percentile_idx": 3
            },
            {
                "bin_pos_prop": 0.034351145,
                "bin_lift": 1.1648160999,
                "cum_lift": 0.7792207792,
                "cum_size": 0.4998085025,
                "bin_min": 0.4485414989,
                "bin_max": 0.4614333944,
                "percentile_idx": 4
            },
            {
                "bin_pos_prop": 0.0153256705,
                "bin_lift": 0.5196795542,
                "cum_lift": 0.8311688312,
                "cum_size": 0.599770203,
                "bin_min": 0.4386507624,
                "bin_max": 0.4485414989,
                "percentile_idx": 5
            },
            {
                "bin_pos_prop": 0.0229885057,
                "bin_lift": 0.7795193312,
                "cum_lift": 0.9090909091,
                "cum_size": 0.6997319035,
                "bin_min": 0.4055735226,
                "bin_max": 0.4386507624,
                "percentile_idx": 6
            },
            {
                "bin_pos_prop": 0.0230769231,
                "bin_lift": 0.7825174825,
                "cum_lift": 0.987012987,
                "cum_size": 0.799310609,
                "bin_min": 0.2818520389,
                "bin_max": 0.4055735226,
                "percentile_idx": 7
            },
            {
                "bin_pos_prop": 0.0,
                "bin_lift": 0.0,
                "cum_lift": 0.987012987,
                "cum_size": 0.8973573344,
                "bin_min": 0.2044016259,
                "bin_max": 0.2818520389,
                "percentile_idx": 8
            },
            {
                "bin_pos_prop": 0.0037313433,
                "bin_lift": 0.1265264586,
                "cum_lift": 1.0,
                "cum_size": 1.0,
                "bin_min": 0.1048969463,
                "bin_max": 0.2044016259,
                "percentile_idx": 9
            }
        ],
        "wizard": {
            "positives": 77,
            "total": 2611
        }
    },
    "densityData": {
        "0": {
            "correct": [
                3.2290702554089e-17,
                5.820537989654023e-16,
                9.247626058385356e-15,
                1.2956486924390598e-13,
                1.601593764149241e-12,
                1.7476322384423773e-11,
                1.684249796365477e-10,
                1.434315219944931e-09,
                1.0798877516339124e-08,
                7.191331373494329e-08,
                4.2376027709803075e-07,
                2.2104271070977343e-06,
                1.0209972573421948e-05,
                4.17735335223155e-05,
                0.000151440422723672,
                0.00048663227766304243,
                0.001386695341104557,
                0.00350652079759464,
                0.007876575366610739,
                0.01574223351902494,
                0.028064479788853975,
                0.04480147374761247,
                0.06441720733424541,
                0.08412831045387822,
                0.10094253885662237,
                0.1128510008263685,
                0.11934094653616617,
                0.1210421866809085,
                0.11918567055701697,
                0.11565175675908894,
                0.11356786278210228,
                0.11761544178990462,
                0.13335479746579545,
                0.16580809401112506,
                0.2182224761285603,
                0.2916740438600322,
                0.3853399650539269,
                0.4967544487818453,
                0.6215919010654515,
                0.7531938954238672,
                0.8827020162753616,
                1.0009059338981945,
                1.102347817502408,
                1.1907195624891365,
                1.283100774991498,
                1.4106591222112568,
                1.615142118595265,
                1.9416582174444117,
                2.4272638224663536,
                3.0839985284143814,
                3.8785779687677926,
                4.718835088485418,
                5.461557687619821,
                5.949080335334017,
                6.06404512599153,
                5.776051644621634,
                5.1543970085383535,
                4.3395164210874055,
                3.4892185899572743,
                2.7277088342123896,
                2.1190687389673704,
                1.6697671940583405,
                1.3500450367208128,
                1.1193064607711902,
                0.9447459060244057,
                0.8096185969718238,
                0.7128985989105109,
                0.6637022243581989,
                0.6729420050776022,
                0.7439307745642537,
                0.8647475767133861,
                1.0067249268269836,
                1.1321329337372468,
                1.2088574597035484,
                1.2241500201090643,
                1.1888950431353733,
                1.1298662791570278,
                1.07542720219443,
                1.043566029651651,
                1.037993309628637,
                1.051798405463223,
                1.073787009913912,
                1.0924912710385046,
                1.0962664424080661,
                1.0721344869324352,
                1.0075520642106084,
                0.8962474323231632,
                0.7442498507723857,
                0.5705139810034527,
                0.40036720618707694,
                0.2557118313821895,
                0.1480343804732591,
                0.0774446652947349,
                0.03652552803837493,
                0.015497298708944687,
                0.005903239615603982,
                0.0020147987359724756,
                0.0006149255479138122,
                0.00016750615337515548,
                4.0650635675256294e-05
            ],
            "incorrect": [
                5.847569412841022e-08,
                1.9608326107134565e-07,
                6.265402019854399e-07,
                1.9078059711137086e-06,
                5.536462515940872e-06,
                1.531376985707329e-05,
                4.0376150701423896e-05,
                0.00010148575846943747,
                0.000243203646631113,
                0.0005557385275260591,
                0.0012110457854443294,
                0.002517088139857529,
                0.004990533206203793,
                0.009440062130291927,
                0.017039568397750234,
                0.029355227990816093,
                0.048279035460339896,
                0.07582369467780223,
                0.113759600406735,
                0.16312781221890907,
                0.22373427440509433,
                0.29379506534847033,
                0.3699245751613259,
                0.44760679697385064,
                0.5221566154425378,
                0.5899930485276479,
                0.6498754919186516,
                0.7036760630062884,
                0.7563325876728997,
                0.814849137440771,
                0.8865200593600635,
                0.9768390399054095,
                1.087705115187015,
                1.2164876839771417,
                1.3562737563095866,
                1.4972765200850855,
                1.6290556900967863,
                1.7429954574519675,
                1.8344595553040624,
                1.9041787950415086,
                1.9586511543138923,
                2.009553658916898,
                2.07230565813195,
                2.1639642144649676,
                2.300613864194299,
                2.494412543073579,
                2.7505432614288305,
                3.0645099518629744,
                3.420432226866846,
                3.7910930352244545,
                4.140325198214631,
                4.427824003520407,
                4.615737837250002,
                4.675669061419369,
                4.594329793409214,
                4.376272498658263,
                4.042865302336015,
                3.6277657508140577,
                3.1701648439103525,
                2.7076464504142383,
                2.270447197056025,
                1.8782832421745546,
                1.5400154063510862,
                1.255599936168334,
                1.0192802215679364,
                0.822905017873711,
                0.6585331122323749,
                0.5199271499169028,
                0.40296631196580107,
                0.3052925624951096,
                0.22560514508642146,
                0.16296113891004146,
                0.11629443840584287,
                0.08420611683623208,
                0.06496198071282115,
                0.056584218550044696,
                0.056939452238107875,
                0.06378005803925017,
                0.07475576666799605,
                0.08744915364598245,
                0.09948677271415637,
                0.1087409585098913,
                0.11358530613828578,
                0.11312611969754632,
                0.1073239984062765,
                0.0969499053196981,
                0.08337578735584293,
                0.06825633748472658,
                0.053191608636973274,
                0.039457967070637694,
                0.027862194090280748,
                0.018727677360583433,
                0.011982297118835568,
                0.0072976599544170104,
                0.00423072166313971,
                0.002334707853844477,
                0.0012264161988099394,
                0.0006132399642592688,
                0.00029188397771671786,
                0.00013224440173340113
            ],
            "correctMedian": 0.5520502573662112,
            "incorrectMedian": 0.5275423769097223
        },
        "1": {
            "correct": [
                0.0001322444017334009,
                0.00029188397771671835,
                0.000613239964259271,
                0.0012264161988099372,
                0.0023347078538444813,
                0.004230721663139721,
                0.0072976599544169974,
                0.011982297118835588,
                0.01872767736058338,
                0.027862194090280713,
                0.039457967070637694,
                0.05319160863697315,
                0.06825633748472652,
                0.08337578735584279,
                0.09694990531969797,
                0.10732399840627631,
                0.11312611969754621,
                0.11358530613828573,
                0.1087409585098913,
                0.09948677271415642,
                0.08744915364598262,
                0.07475576666799624,
                0.06378005803925045,
                0.05693945223810816,
                0.05658421855004502,
                0.06496198071282155,
                0.08420611683623261,
                0.11629443840584335,
                0.16296113891004227,
                0.2256051450864225,
                0.30529256249511016,
                0.4029663119658025,
                0.5199271499169037,
                0.6585331122323774,
                0.8229050178737132,
                1.01928022156794,
                1.2555999361683419,
                1.5400154063510931,
                1.8782832421745648,
                2.270447197056037,
                2.707646450414253,
                3.1701648439103636,
                3.6277657508140613,
                4.042865302336015,
                4.376272498658263,
                4.594329793409218,
                4.675669061419369,
                4.615737837249994,
                4.427824003520399,
                4.14032519821462,
                3.7910930352244443,
                3.4204322268668306,
                3.0645099518629633,
                2.7505432614288234,
                2.4944125430735724,
                2.3006138641942906,
                2.163964214464962,
                2.072305658131948,
                2.009553658916896,
                1.9586511543138923,
                1.9041787950415119,
                1.8344595553040624,
                1.742995457451969,
                1.6290556900967876,
                1.4972765200850855,
                1.3562737563095866,
                1.2164876839771406,
                1.087705115187015,
                0.9768390399054095,
                0.8865200593600635,
                0.814849137440771,
                0.756332587672899,
                0.7036760630062887,
                0.649875491918651,
                0.5899930485276484,
                0.5221566154425382,
                0.4476067969738514,
                0.36992457516132754,
                0.2937950653484712,
                0.2237342744050954,
                0.1631278122189098,
                0.1137596004067358,
                0.07582369467780263,
                0.04827903546034032,
                0.02935522799081647,
                0.0170395683977504,
                0.009440062130292061,
                0.0049905332062038545,
                0.0025170881398575737,
                0.0012110457854443467,
                0.00055573852752607,
                0.0002432036466311186,
                0.00010148575846943963,
                4.037615070142504e-05,
                1.531376985707367e-05,
                5.53646251594104e-06,
                1.9078059711137797e-06,
                6.265402019854611e-07,
                1.9608326107135365e-07,
                5.847569412841313e-08
            ],
            "incorrect": [
                4.065063567525608e-05,
                0.00016750615337515488,
                0.000614925547913816,
                0.00201479873597247,
                0.005903239615604025,
                0.015497298708944784,
                0.03652552803837496,
                0.07744466529473525,
                0.14803438047325881,
                0.255711831382192,
                0.4003672061870745,
                0.5705139810034517,
                0.7442498507723864,
                0.8962474323231752,
                1.0075520642106137,
                1.0721344869324523,
                1.0962664424080604,
                1.092491271038489,
                1.0737870099139235,
                1.0517984054632117,
                1.037993309628637,
                1.0435660296516454,
                1.075427202194431,
                1.1298662791570135,
                1.1888950431353564,
                1.2241500201090685,
                1.2088574597035613,
                1.1321329337372539,
                1.0067249268269738,
                0.8647475767133853,
                0.7439307745642663,
                0.6729420050775866,
                0.6637022243581906,
                0.7128985989105109,
                0.8096185969718288,
                0.9447459060244259,
                1.1193064607711734,
                1.3500450367208319,
                1.6697671940583938,
                2.119068738967363,
                2.727708834212438,
                3.489218589957324,
                4.339516421087282,
                5.154397008538363,
                5.776051644621664,
                6.064045125991639,
                5.9490803353339325,
                5.461557687619704,
                4.718835088485427,
                3.8785779687678614,
                3.083998528414354,
                2.4272638224663194,
                1.9416582174443773,
                1.6151421185952448,
                1.4106591222112719,
                1.283100774991482,
                1.1907195624891196,
                1.1023478175023864,
                1.000905933898198,
                0.8827020162753765,
                0.7531938954238719,
                0.621591901065468,
                0.49675444878185415,
                0.385339965053928,
                0.29167404386003065,
                0.2182224761285607,
                0.16580809401112462,
                0.13335479746579476,
                0.1176154417899042,
                0.11356786278210208,
                0.11565175675908955,
                0.11918567055701665,
                0.12104218668090937,
                0.11934094653616723,
                0.11285100082636809,
                0.10094253885662237,
                0.08412831045387845,
                0.06441720733424576,
                0.04480147374761263,
                0.028064479788854225,
                0.01574223351902501,
                0.007876575366610808,
                0.0035065207975946526,
                0.0013866953411045704,
                0.0004866322776630528,
                0.0001514404227236736,
                4.177353352231632e-05,
                1.020997257342202e-05,
                2.2104271070977656e-06,
                4.23760277098033e-07,
                7.191331373494381e-08,
                1.0798877516339277e-08,
                1.434315219944931e-09,
                1.684249796365489e-10,
                1.7476322384423773e-11,
                1.601593764149241e-12,
                1.2956486924390873e-13,
                9.247626058385292e-15,
                5.820537989654064e-16,
                3.2290702554089456e-17
            ],
            "correctMedian": 0.47245762309027767,
            "incorrectMedian": 0.44794974263378884
        }
    },
    "calibrationData": [
        {
            "y": 0,
            "x": 0,
            "n": 0
        },
        {
            "y": 0.003968253968253968,
            "x": 0.15430958280884594,
            "n": 252.0
        },
        {
            "y": 0.0,
            "x": 0.2501533798977332,
            "n": 292.0
        },
        {
            "y": 0.027906976744186046,
            "x": 0.3628608613466863,
            "n": 215.0
        },
        {
            "y": 0.028037383177570093,
            "x": 0.4544232609888856,
            "n": 1391.0
        },
        {
            "y": 0.040345821325648415,
            "x": 0.5449741876119263,
            "n": 347.0
        },
        {
            "y": 0.14814814814814814,
            "x": 0.6251894175697645,
            "n": 81.0
        },
        {
            "y": 0.15151515151515152,
            "x": 0.7345178935737654,
            "n": 33.0
        },
        {
            "y": 1,
            "x": 1,
            "n": 0
        }
    ],
    "probaDistribData": {
        "bins": [
            0.0,
            0.1,
            0.2,
            0.3,
            0.4,
            0.5,
            0.6,
            0.7,
            0.8,
            0.9,
            1.0
        ],
        "probaDistribs": [
            [
                0.0,
                251.0,
                292.0,
                209.0,
                1352.0,
                333.0,
                69.0,
                28.0,
                0.0,
                0.0
            ],
            [
                0.0,
                1.0,
                0.0,
                6.0,
                39.0,
                14.0,
                12.0,
                5.0,
                0.0,
                0.0
            ]
        ]
    },
    "globalMetrics": {
        "testWeight": 2611,
        "targetAvg": [
            0.029490616621983913
        ],
        "targetStd": [
            0.16920959199474994
        ],
        "predictionAvg": [
            0.043661432401378784
        ],
        "predictionStd": [
            0.2043798176169416
        ]
    }
}