{
  "state": "DONE",
  "preSearchDescription": {
    "gridLength": 2,
    "searchStrategy": "GRID",
    "importantParams": [
      {
        "name": "trees",
        "vals": [
          "100"
        ]
      },
      {
        "name": "depth",
        "vals": [
          "6",
          "13"
        ]
      },
      {
        "name": "min_samples",
        "vals": [
          "1"
        ]
      }
    ]
  },
  "postSearchDescription": {
    "importantParams": [
      {
        "name": "trees",
        "val": "100"
      },
      {
        "name": "depth",
        "val": "6"
      },
      {
        "name": "min_samples",
        "val": "1"
      }
    ]
  },
  "resumed": false,
  "timeOrderingEnabled": false,
  "sampleWeightsEnabled": false,
  "modelId": "m1",
  "progress": {
    "top_level_todo": [],
    "stack": [],
    "top_level_done": [
      {
        "name": "Loading train set",
        "time": 84
      },
      {
        "name": "Loading test set",
        "time": 23
      },
      {
        "name": "Collecting statistics",
        "time": 15
      },
      {
        "name": "Preprocessing train set",
        "time": 54
      },
      {
        "name": "Preprocessing test set",
        "time": 18
      },
      {
        "name": "Hyperparameter searching",
        "time": 5024
      },
      {
        "name": "Fitting model",
        "time": 441
      },
      {
        "name": "Saving model",
        "time": 36
      },
      {
        "name": "Scoring model",
        "time": 1229
      }
    ]
  },
  "startTime": 1640290195425,
  "endTime": 1640290202401,
  "preprocessingTime": 195,
  "trainingTime": 6781,
  "hyperparamsSearchTime": 5024
}