{
  "description": "Location discretized",
  "name": "Random forest (test 4)",
  "starred": false,
  "clusterMetas": {},
  "customMeta": {
    "kv": {}
  },
  "tags": [],
  "activeClassifierThreshold": 0.6,
  "labels": [
    {
      "key": "trainDataset:dataset-name",
      "value": "prepared"
    },
    {
      "key": "testDataset:dataset-name",
      "value": "prepared"
    },
    {
      "key": "model:algorithm",
      "value": "RANDOM_FOREST_CLASSIFICATION"
    },
    {
      "key": "model:date",
      "value": "2021-12-23 20:10:02"
    }
  ]
}