{
    "startedAt": 1640298800911,
    "gridSize": 4,
    "nThreads": 4,
    "nSplits": 5,
    "metric": "ROC_AUC",
    "timeout": null,
    "gridPoints": [
        {
            "finishedAt": 1640298801935,
            "score": 0.6104268830714872,
            "testScoreGibMean": 0.6104268830714872,
            "testScoreMean": 0.6104268830714872,
            "testScoreStd": 0.03906599048657132,
            "trainScoreMean": 0.9314588709237398,
            "trainScoreStd": 0.0034750837817967223,
            "time": 2645,
            "fitTimeMean": 32.8,
            "fitTimeStd": 10.186265262597475,
            "scoreTimeMean": 496.2,
            "scoreTimeStd": 24.798387044322055,
            "best_iteration": null,
            "parameters": {
                "n_neighbors": 10
            }
        },
        {
            "finishedAt": 1640298802385,
            "score": 0.5947645332561544,
            "testScoreGibMean": 0.5947645332561544,
            "testScoreMean": 0.5947645332561544,
            "testScoreStd": 0.03355584276378848,
            "trainScoreMean": 0.9588982457716478,
            "trainScoreStd": 0.0034322501636896217,
            "time": 2058,
            "fitTimeMean": 15.2,
            "fitTimeStd": 3.4871191548325386,
            "scoreTimeMean": 396.4,
            "scoreTimeStd": 45.52186287928033,
            "best_iteration": null,
            "parameters": {
                "n_neighbors": 5
            }
        },
        {
            "finishedAt": 1640298805152,
            "score": 0.6498002611235918,
            "testScoreGibMean": 0.6498002611235918,
            "testScoreMean": 0.6498002611235918,
            "testScoreStd": 0.0405594312532773,
            "trainScoreMean": 0.7496753790714931,
            "trainScoreStd": 0.00918392562939721,
            "time": 9104,
            "fitTimeMean": 15.6,
            "fitTimeStd": 5.4626001134990645,
            "scoreTimeMean": 1805.2,
            "scoreTimeStd": 193.98907185715385,
            "best_iteration": null,
            "parameters": {
                "n_neighbors": 100
            }
        },
        {
            "finishedAt": 1640298806124,
            "score": 0.6349063720226867,
            "testScoreGibMean": 0.6349063720226867,
            "testScoreMean": 0.6349063720226867,
            "testScoreStd": 0.03688896039191817,
            "trainScoreMean": 0.7996948875691456,
            "trainScoreStd": 0.006585369316105336,
            "time": 5113,
            "fitTimeMean": 16.4,
            "fitTimeStd": 5.6780278266313555,
            "scoreTimeMean": 1006.2,
            "scoreTimeStd": 74.32469307033834,
            "best_iteration": null,
            "parameters": {
                "n_neighbors": 50
            }
        }
    ]
}