[
    {
        "test_score_gib": 0.6102538128733587,
        "train_score": 0.9280709774184489,
        "test_score": 0.6102538128733587,
        "num_samples": 2046,
        "fit_time": 14,
        "score_time": 466,
        "time": 480,
        "parameters": {
            "n_neighbors": 10
        },
        "best_iteration": null,
        "done_at": 1640298801396,
        "split_id": 0
    },
    {
        "test_score_gib": 0.6705166194889661,
        "train_score": 0.9277919198800113,
        "test_score": 0.6705166194889661,
        "num_samples": 2046,
        "fit_time": 30,
        "score_time": 517,
        "time": 547,
        "parameters": {
            "n_neighbors": 10
        },
        "best_iteration": null,
        "done_at": 1640298801478,
        "split_id": 1
    },
    {
        "test_score_gib": 0.5543494733651587,
        "train_score": 0.9364766684591026,
        "test_score": 0.5543494733651587,
        "num_samples": 2045,
        "fit_time": 39,
        "score_time": 482,
        "time": 521,
        "parameters": {
            "n_neighbors": 10
        },
        "best_iteration": null,
        "done_at": 1640298801457,
        "split_id": 2
    },
    {
        "test_score_gib": 0.6293056842755638,
        "train_score": 0.9345029048505356,
        "test_score": 0.6293056842755638,
        "num_samples": 2044,
        "fit_time": 41,
        "score_time": 533,
        "time": 574,
        "parameters": {
            "n_neighbors": 10
        },
        "best_iteration": null,
        "done_at": 1640298801509,
        "split_id": 3
    },
    {
        "test_score_gib": 0.5876776336113685,
        "train_score": 0.9304563320984497,
        "test_score": 0.5876776336113685,
        "num_samples": 2044,
        "fit_time": 40,
        "score_time": 483,
        "time": 523,
        "parameters": {
            "n_neighbors": 10
        },
        "best_iteration": null,
        "done_at": 1640298801935,
        "split_id": 4
    },
    {
        "test_score_gib": 0.6302293877628302,
        "train_score": 0.9561515156947458,
        "test_score": 0.6302293877628302,
        "num_samples": 2046,
        "fit_time": 12,
        "score_time": 434,
        "time": 446,
        "parameters": {
            "n_neighbors": 5
        },
        "best_iteration": null,
        "done_at": 1640298801905,
        "split_id": 0
    },
    {
        "test_score_gib": 0.6341061640269243,
        "train_score": 0.9545644132919827,
        "test_score": 0.6341061640269243,
        "num_samples": 2046,
        "fit_time": 22,
        "score_time": 345,
        "time": 367,
        "parameters": {
            "n_neighbors": 5
        },
        "best_iteration": null,
        "done_at": 1640298801846,
        "split_id": 1
    },
    {
        "test_score_gib": 0.5464973099946957,
        "train_score": 0.9630653641632312,
        "test_score": 0.5464973099946957,
        "num_samples": 2045,
        "fit_time": 14,
        "score_time": 376,
        "time": 390,
        "parameters": {
            "n_neighbors": 5
        },
        "best_iteration": null,
        "done_at": 1640298801900,
        "split_id": 2
    },
    {
        "test_score_gib": 0.5898401297497682,
        "train_score": 0.9580179226602128,
        "test_score": 0.5898401297497682,
        "num_samples": 2044,
        "fit_time": 14,
        "score_time": 362,
        "time": 376,
        "parameters": {
            "n_neighbors": 5
        },
        "best_iteration": null,
        "done_at": 1640298802223,
        "split_id": 3
    },
    {
        "test_score_gib": 0.573100092678406,
        "train_score": 0.9626969024838404,
        "test_score": 0.573100092678406,
        "num_samples": 2044,
        "fit_time": 14,
        "score_time": 465,
        "time": 479,
        "parameters": {
            "n_neighbors": 5
        },
        "best_iteration": null,
        "done_at": 1640298802385,
        "split_id": 4
    },
    {
        "test_score_gib": 0.6607087068892066,
        "train_score": 0.7482880088915977,
        "test_score": 0.6607087068892066,
        "num_samples": 2046,
        "fit_time": 13,
        "score_time": 1575,
        "time": 1588,
        "parameters": {
            "n_neighbors": 100
        },
        "best_iteration": null,
        "done_at": 1640298803526,
        "split_id": 0
    },
    {
        "test_score_gib": 0.6733804163629307,
        "train_score": 0.7466026089190853,
        "test_score": 0.6733804163629307,
        "num_samples": 2046,
        "fit_time": 15,
        "score_time": 2041,
        "time": 2056,
        "parameters": {
            "n_neighbors": 100
        },
        "best_iteration": null,
        "done_at": 1640298804012,
        "split_id": 1
    },
    {
        "test_score_gib": 0.5703853148442828,
        "train_score": 0.7660178048634761,
        "test_score": 0.5703853148442828,
        "num_samples": 2045,
        "fit_time": 26,
        "score_time": 2010,
        "time": 2036,
        "parameters": {
            "n_neighbors": 100
        },
        "best_iteration": null,
        "done_at": 1640298804271,
        "split_id": 2
    },
    {
        "test_score_gib": 0.6614390253320976,
        "train_score": 0.7497618438813798,
        "test_score": 0.6614390253320976,
        "num_samples": 2044,
        "fit_time": 10,
        "score_time": 1788,
        "time": 1798,
        "parameters": {
            "n_neighbors": 100
        },
        "best_iteration": null,
        "done_at": 1640298804188,
        "split_id": 3
    },
    {
        "test_score_gib": 0.6830929487179488,
        "train_score": 0.7377029976154655,
        "test_score": 0.6830929487179488,
        "num_samples": 2044,
        "fit_time": 14,
        "score_time": 1612,
        "time": 1626,
        "parameters": {
            "n_neighbors": 100
        },
        "best_iteration": null,
        "done_at": 1640298805152,
        "split_id": 4
    },
    {
        "test_score_gib": 0.6336612104630357,
        "train_score": 0.7980158232197384,
        "test_score": 0.6336612104630357,
        "num_samples": 2046,
        "fit_time": 9,
        "score_time": 1074,
        "time": 1083,
        "parameters": {
            "n_neighbors": 50
        },
        "best_iteration": null,
        "done_at": 1640298805096,
        "split_id": 0
    },
    {
        "test_score_gib": 0.6614613411089758,
        "train_score": 0.7923973253500171,
        "test_score": 0.6614613411089758,
        "num_samples": 2046,
        "fit_time": 13,
        "score_time": 1022,
        "time": 1035,
        "parameters": {
            "n_neighbors": 50
        },
        "best_iteration": null,
        "done_at": 1640298805226,
        "split_id": 1
    },
    {
        "test_score_gib": 0.5661892854436614,
        "train_score": 0.8114808508095835,
        "test_score": 0.5661892854436614,
        "num_samples": 2045,
        "fit_time": 24,
        "score_time": 1093,
        "time": 1117,
        "parameters": {
            "n_neighbors": 50
        },
        "best_iteration": null,
        "done_at": 1640298805389,
        "split_id": 2
    },
    {
        "test_score_gib": 0.641899328081557,
        "train_score": 0.8012832481997063,
        "test_score": 0.641899328081557,
        "num_samples": 2044,
        "fit_time": 14,
        "score_time": 902,
        "time": 916,
        "parameters": {
            "n_neighbors": 50
        },
        "best_iteration": null,
        "done_at": 1640298806033,
        "split_id": 3
    },
    {
        "test_score_gib": 0.6713295489650911,
        "train_score": 0.7953002075317988,
        "test_score": 0.6713295489650911,
        "num_samples": 2044,
        "fit_time": 22,
        "score_time": 940,
        "time": 962,
        "parameters": {
            "n_neighbors": 50
        },
        "best_iteration": null,
        "done_at": 1640298806124,
        "split_id": 4
    }
]