{
    "modelInputNRows": 10225,
    "modelInputNCols": 25,
    "modelInputIsSparse": false,
    "modelInputMemory": 2045000,
    "usedGridSearch": true,
    "gridSize": 4,
    "gridBestScore": 0.6498002611235918,
    "gridCells": [
        {
            "params": {
                "n_neighbors": 10
            },
            "score": 0.6104268830714872,
            "scoreStd": 0.03906599048657132,
            "fitTime": 0.032799999999999996,
            "fitTimeStd": 0.010186265262597475,
            "scoreTime": 0.4962,
            "scoreTimeStd": 0.024798387044322055
        },
        {
            "params": {
                "n_neighbors": 5
            },
            "score": 0.5947645332561544,
            "scoreStd": 0.03355584276378848,
            "fitTime": 0.0152,
            "fitTimeStd": 0.0034871191548325386,
            "scoreTime": 0.3964,
            "scoreTimeStd": 0.045521862879280325
        },
        {
            "params": {
                "n_neighbors": 100
            },
            "score": 0.6498002611235918,
            "scoreStd": 0.0405594312532773,
            "fitTime": 0.0156,
            "fitTimeStd": 0.005462600113499064,
            "scoreTime": 1.8052000000000001,
            "scoreTimeStd": 0.19398907185715383
        },
        {
            "params": {
                "n_neighbors": 50
            },
            "score": 0.6349063720226867,
            "scoreStd": 0.03688896039191817,
            "fitTime": 0.016399999999999998,
            "fitTimeStd": 0.005678027826631356,
            "scoreTime": 1.0062,
            "scoreTimeStd": 0.07432469307033834
        }
    ],
    "probaAware": true
}