{
  "state": "DONE",
  "preSearchDescription": {
    "gridLength": 4,
    "searchStrategy": "GRID",
    "importantParams": [
      {
        "name": "k",
        "vals": [
          "5",
          "10",
          "50",
          "100"
        ]
      },
      {
        "name": "p",
        "val": "2"
      }
    ]
  },
  "postSearchDescription": {
    "importantParams": [
      {
        "name": "k",
        "val": "100"
      },
      {
        "name": "p",
        "val": "2"
      }
    ]
  },
  "resumed": false,
  "timeOrderingEnabled": false,
  "sampleWeightsEnabled": false,
  "modelId": "m1",
  "progress": {
    "top_level_todo": [],
    "stack": [],
    "top_level_done": [
      {
        "name": "Loading train set",
        "time": 61
      },
      {
        "name": "Loading test set",
        "time": 25
      },
      {
        "name": "Collecting statistics",
        "time": 18
      },
      {
        "name": "Preprocessing train set",
        "time": 62
      },
      {
        "name": "Preprocessing test set",
        "time": 24
      },
      {
        "name": "Hyperparameter searching",
        "time": 6055
      },
      {
        "name": "Fitting model",
        "time": 19
      },
      {
        "name": "Saving model",
        "time": 14
      },
      {
        "name": "Scoring model",
        "time": 1479
      }
    ]
  },
  "startTime": 1640298800698,
  "endTime": 1640298808733,
  "preprocessingTime": 193,
  "trainingTime": 7842,
  "hyperparamsSearchTime": 6055
}