{
    "startedAt": 1640290801055,
    "gridSize": 2,
    "nThreads": 4,
    "nSplits": 5,
    "metric": "ROC_AUC",
    "timeout": null,
    "gridPoints": [
        {
            "finishedAt": 1640290804510,
            "score": 0.6958730320038067,
            "testScoreGibMean": 0.6958730320038067,
            "testScoreMean": 0.6958730320038067,
            "testScoreStd": 0.04303644289500451,
            "trainScoreMean": 0.8357472185600686,
            "trainScoreStd": 0.008191931993895389,
            "time": 10048,
            "fitTimeMean": 1515.2,
            "fitTimeStd": 272.19654663496374,
            "scoreTimeMean": 494.4,
            "scoreTimeStd": 380.8383384062062,
            "best_iteration": null,
            "parameters": {
                "max_depth": 6,
                "max_features": "auto",
                "min_samples_leaf": 1,
                "n_estimators": 100,
                "min_samples_split": 3
            }
        },
        {
            "finishedAt": 1640290805666,
            "score": 0.6394953546630578,
            "testScoreGibMean": 0.6394953546630578,
            "testScoreMean": 0.6394953546630578,
            "testScoreStd": 0.036617460524424224,
            "trainScoreMean": 0.9862891212639684,
            "trainScoreStd": 0.0013391862668488564,
            "time": 7227,
            "fitTimeMean": 944.8,
            "fitTimeStd": 218.0388956126865,
            "scoreTimeMean": 500.6,
            "scoreTimeStd": 234.8809059928031,
            "best_iteration": null,
            "parameters": {
                "max_depth": 13,
                "max_features": "auto",
                "min_samples_leaf": 1,
                "n_estimators": 100,
                "min_samples_split": 3
            }
        }
    ]
}