[
    {
        "test_score_gib": 0.7339177687945545,
        "train_score": 0.8416130362296756,
        "test_score": 0.7339177687945545,
        "num_samples": 2046,
        "fit_time": 1618,
        "score_time": 170,
        "time": 1788,
        "parameters": {
            "max_depth": 6,
            "max_features": "auto",
            "min_samples_leaf": 1,
            "n_estimators": 100,
            "min_samples_split": 3
        },
        "best_iteration": null,
        "done_at": 1640290802847,
        "split_id": 0
    },
    {
        "test_score_gib": 0.6774844029575211,
        "train_score": 0.8217180861552803,
        "test_score": 0.6774844029575211,
        "num_samples": 2046,
        "fit_time": 1641,
        "score_time": 220,
        "time": 1861,
        "parameters": {
            "max_depth": 6,
            "max_features": "auto",
            "min_samples_leaf": 1,
            "n_estimators": 100,
            "min_samples_split": 3
        },
        "best_iteration": null,
        "done_at": 1640290802922,
        "split_id": 1
    },
    {
        "test_score_gib": 0.6193453057513071,
        "train_score": 0.8377492979625978,
        "test_score": 0.6193453057513071,
        "num_samples": 2045,
        "fit_time": 1628,
        "score_time": 237,
        "time": 1865,
        "parameters": {
            "max_depth": 6,
            "max_features": "auto",
            "min_samples_leaf": 1,
            "n_estimators": 100,
            "min_samples_split": 3
        },
        "best_iteration": null,
        "done_at": 1640290802928,
        "split_id": 2
    },
    {
        "test_score_gib": 0.7247258263824529,
        "train_score": 0.8324588058299192,
        "test_score": 0.7247258263824529,
        "num_samples": 2044,
        "fit_time": 1714,
        "score_time": 1159,
        "time": 2873,
        "parameters": {
            "max_depth": 6,
            "max_features": "auto",
            "min_samples_leaf": 1,
            "n_estimators": 100,
            "min_samples_split": 3
        },
        "best_iteration": null,
        "done_at": 1640290803936,
        "split_id": 3
    },
    {
        "test_score_gib": 0.723910063330244,
        "train_score": 0.8452038747197727,
        "test_score": 0.723910063330244,
        "num_samples": 2044,
        "fit_time": 975,
        "score_time": 686,
        "time": 1661,
        "parameters": {
            "max_depth": 6,
            "max_features": "auto",
            "min_samples_leaf": 1,
            "n_estimators": 100,
            "min_samples_split": 3
        },
        "best_iteration": null,
        "done_at": 1640290804510,
        "split_id": 4
    },
    {
        "test_score_gib": 0.6696551136525006,
        "train_score": 0.9864609289568507,
        "test_score": 0.6696551136525006,
        "num_samples": 2046,
        "fit_time": 1180,
        "score_time": 656,
        "time": 1836,
        "parameters": {
            "max_depth": 13,
            "max_features": "auto",
            "min_samples_leaf": 1,
            "n_estimators": 100,
            "min_samples_split": 3
        },
        "best_iteration": null,
        "done_at": 1640290804764,
        "split_id": 0
    },
    {
        "test_score_gib": 0.6342339698378285,
        "train_score": 0.9847599925903352,
        "test_score": 0.6342339698378285,
        "num_samples": 2046,
        "fit_time": 1227,
        "score_time": 637,
        "time": 1864,
        "parameters": {
            "max_depth": 13,
            "max_features": "auto",
            "min_samples_leaf": 1,
            "n_estimators": 100,
            "min_samples_split": 3
        },
        "best_iteration": null,
        "done_at": 1640290804795,
        "split_id": 1
    },
    {
        "test_score_gib": 0.5703474274456316,
        "train_score": 0.984987452948557,
        "test_score": 0.5703474274456316,
        "num_samples": 2045,
        "fit_time": 731,
        "score_time": 770,
        "time": 1501,
        "parameters": {
            "max_depth": 13,
            "max_features": "auto",
            "min_samples_leaf": 1,
            "n_estimators": 100,
            "min_samples_split": 3
        },
        "best_iteration": null,
        "done_at": 1640290805443,
        "split_id": 2
    },
    {
        "test_score_gib": 0.6598847312326228,
        "train_score": 0.9867931877241076,
        "test_score": 0.6598847312326228,
        "num_samples": 2044,
        "fit_time": 867,
        "score_time": 259,
        "time": 1126,
        "parameters": {
            "max_depth": 13,
            "max_features": "auto",
            "min_samples_leaf": 1,
            "n_estimators": 100,
            "min_samples_split": 3
        },
        "best_iteration": null,
        "done_at": 1640290805638,
        "split_id": 3
    },
    {
        "test_score_gib": 0.6633649984553599,
        "train_score": 0.9884460090267413,
        "test_score": 0.6633649984553599,
        "num_samples": 2044,
        "fit_time": 719,
        "score_time": 181,
        "time": 900,
        "parameters": {
            "max_depth": 13,
            "max_features": "auto",
            "min_samples_leaf": 1,
            "n_estimators": 100,
            "min_samples_split": 3
        },
        "best_iteration": null,
        "done_at": 1640290805666,
        "split_id": 4
    }
]