{
    "modelInputNRows": 10225,
    "modelInputNCols": 30,
    "modelInputIsSparse": false,
    "modelInputMemory": 2454000,
    "usedGridSearch": true,
    "gridSize": 2,
    "gridBestScore": 0.6958730320038067,
    "gridCells": [
        {
            "params": {
                "max_depth": 6,
                "max_features": "auto",
                "min_samples_leaf": 1,
                "n_estimators": 100,
                "min_samples_split": 3
            },
            "score": 0.6958730320038067,
            "scoreStd": 0.04303644289500451,
            "fitTime": 1.5152,
            "fitTimeStd": 0.27219654663496373,
            "scoreTime": 0.49439999999999995,
            "scoreTimeStd": 0.38083833840620623
        },
        {
            "params": {
                "max_depth": 13,
                "max_features": "auto",
                "min_samples_leaf": 1,
                "n_estimators": 100,
                "min_samples_split": 3
            },
            "score": 0.6394953546630578,
            "scoreStd": 0.036617460524424224,
            "fitTime": 0.9448,
            "fitTimeStd": 0.2180388956126865,
            "scoreTime": 0.5006,
            "scoreTimeStd": 0.2348809059928031
        }
    ],
    "rawImportance": {
        "variables": [
            "Latitude",
            "Longitude",
            "dummy:Crime Category:Crimes Against Property",
            "dummy:Crime Category:Crimes Against Person",
            "dummy:Crime Category:Crimes Against Morality",
            "dummy:Crime Category:Other",
            "dummy:Location:Residential",
            "dummy:Location:Others",
            "dummy:Location:Building",
            "dummy:Location: Parking Area",
            "dummy:Location:Recreation",
            "dummy:Crime type:Violence and sexual offences",
            "dummy:Crime type:Criminal damage and arson",
            "dummy:Crime type:Public order",
            "dummy:Crime type:Other theft",
            "dummy:Crime type:Shoplifting",
            "dummy:Crime type:Burglary",
            "dummy:Crime type:Vehicle crime",
            "dummy:Crime type:Drugs",
            "dummy:Crime type:Bicycle theft",
            "dummy:Crime type:Other crime",
            "dummy:Crime type:Possession of weapons",
            "dummy:Crime type:Robbery",
            "dummy:Crime type:Theft from the person"
        ],
        "importances": [
            0.20357380193022212,
            0.17658733989953002,
            0.023785295597223886,
            0.013081147632093613,
            0.10495366499375297,
            0.00409111656773871,
            0.017276918278003997,
            0.021557476350645997,
            0.017184222641058684,
            0.009486376763716647,
            0.007007705434359868,
            0.014599093622718488,
            0.01769454060115054,
            0.017869750146142508,
            0.062379699381418366,
            0.029263479476886598,
            0.10571566553303421,
            0.046282981210872196,
            0.07793463732918302,
            0.007552282876973795,
            0.0038206234472890448,
            0.012043078752824782,
            0.0028840396785211496,
            0.0033750618546387733
        ]
    },
    "probaAware": true
}