{
    "metrics": {},
    "processed_feature_names": [
        "Latitude",
        "Longitude",
        "dummy:Crime Category:Crimes Against Property",
        "dummy:Crime Category:Crimes Against Person",
        "dummy:Crime Category:Crimes Against Morality",
        "dummy:Crime Category:Other",
        "dummy:Crime Category:N/A",
        "dummy:Crime Category:__Others__",
        "dummy:Location:Residential",
        "dummy:Location:Others",
        "dummy:Location:Building",
        "dummy:Location: Parking Area",
        "dummy:Location:Recreation",
        "dummy:Location:N/A",
        "dummy:Location:__Others__",
        "dummy:Crime type:Violence and sexual offences",
        "dummy:Crime type:Criminal damage and arson",
        "dummy:Crime type:Public order",
        "dummy:Crime type:Other theft",
        "dummy:Crime type:Shoplifting",
        "dummy:Crime type:Burglary",
        "dummy:Crime type:Vehicle crime",
        "dummy:Crime type:Drugs",
        "dummy:Crime type:Bicycle theft",
        "dummy:Crime type:Other crime",
        "dummy:Crime type:Possession of weapons",
        "dummy:Crime type:Robbery",
        "dummy:Crime type:Theft from the person",
        "dummy:Crime type:N/A",
        "dummy:Crime type:__Others__"
    ],
    "tiMetrics": {
        "auc": 0.7115591590729711,
        "logLoss": 0.5583330760581323,
        "lift": 1.721438523162661,
        "calibrationLoss": 0.3859180047522099
    },
    "probaPercentiles": [
        0.12412571655944561,
        0.12910759892310436,
        0.13669837701168214,
        0.1397663215493154,
        0.14865818515917073,
        0.1688058778198095,
        0.1885803946726823,
        0.20238783750810135,
        0.2124023887201749,
        0.2229040777895035,
        0.23310818542746303,
        0.2367763011887737,
        0.23952569408297691,
        0.2414549917647808,
        0.2470854662802113,
        0.2536839521903173,
        0.2615225488380551,
        0.2689748542889794,
        0.28622631667196874,
        0.2958476246215176,
        0.3147961747099368,
        0.3300834146090442,
        0.34537890637701807,
        0.3564158240722708,
        0.3621333366328031,
        0.369993568951422,
        0.37811050229198206,
        0.3868686234193932,
        0.39934282710550145,
        0.40950685160926836,
        0.4127114855104492,
        0.4166247382069811,
        0.42238548516220864,
        0.4264095086676576,
        0.42950271022595693,
        0.4323870603707139,
        0.4345557958944214,
        0.4351665240345551,
        0.43636693747074856,
        0.4375067340984464,
        0.43872038003532643,
        0.4400398008687179,
        0.4411719169907413,
        0.4411719169907413,
        0.44175403656607143,
        0.4427006566704754,
        0.4435383678032767,
        0.4449020141831954,
        0.44636213327462193,
        0.4473716427410446,
        0.4486912889301569,
        0.44967105323448076,
        0.4499331627327431,
        0.45082635028702567,
        0.45213195504898124,
        0.4531930420082556,
        0.45483053566212794,
        0.45585478466793494,
        0.45698096481973005,
        0.4588971883363157,
        0.4605174222875527,
        0.46154789086010306,
        0.46448512908847717,
        0.46513176447064886,
        0.4662437353479259,
        0.4674145024924335,
        0.4678099458380305,
        0.4681310926536318,
        0.4692305907779235,
        0.47025034243573205,
        0.4715861650104333,
        0.4721850524671264,
        0.47287211022465414,
        0.4740353270158224,
        0.4754827249165382,
        0.47714641054151696,
        0.47828615616754155,
        0.47966722862184885,
        0.4819922505394951,
        0.4841573108472392,
        0.48534497051125114,
        0.48771245930555673,
        0.4933214773632977,
        0.4947944724542625,
        0.5002317740554703,
        0.5102764161168781,
        0.5238233261099433,
        0.5342826561665567,
        0.547019640645851,
        0.5545088231813167,
        0.5616441651062228,
        0.5673937818338118,
        0.5736015962886376,
        0.5790850007188211,
        0.5883375365144745,
        0.5955406367905334,
        0.6123897190907508,
        0.631410803191247,
        0.6977475796594782
    ],
    "perCutData": {
        "cut": [
            0,
            0.025,
            0.05,
            0.075,
            0.1,
            0.125,
            0.15,
            0.175,
            0.2,
            0.225,
            0.25,
            0.275,
            0.3,
            0.325,
            0.35,
            0.375,
            0.4,
            0.425,
            0.45,
            0.475,
            0.5,
            0.525,
            0.55,
            0.575,
            0.6,
            0.625,
            0.65,
            0.675,
            0.7,
            0.725,
            0.75,
            0.775,
            0.8,
            0.825,
            0.85,
            0.875,
            0.9,
            0.925,
            0.95,
            0.975
        ],
        "tp": [
            77,
            77,
            77,
            77,
            77,
            77,
            77,
            77,
            76,
            76,
            76,
            76,
            76,
            75,
            74,
            73,
            71,
            70,
            57,
            38,
            30,
            26,
            24,
            19,
            12,
            9,
            6,
            6,
            5,
            2,
            1,
            0,
            0,
            0,
            0,
            0,
            0,
            0,
            0,
            0
        ],
        "tn": [
            0,
            0,
            0,
            0,
            0,
            34,
            135,
            170,
            207,
            262,
            404,
            478,
            534,
            565,
            609,
            692,
            753,
            873,
            1365,
            1910,
            2172,
            2223,
            2278,
            2382,
            2452,
            2487,
            2495,
            2503,
            2513,
            2519,
            2526,
            2533,
            2534,
            2534,
            2534,
            2534,
            2534,
            2534,
            2534,
            2534
        ],
        "fp": [
            2534,
            2534,
            2534,
            2534,
            2534,
            2500,
            2399,
            2364,
            2327,
            2272,
            2130,
            2056,
            2000,
            1969,
            1925,
            1842,
            1781,
            1661,
            1169,
            624,
            362,
            311,
            256,
            152,
            82,
            47,
            39,
            31,
            21,
            15,
            8,
            1,
            0,
            0,
            0,
            0,
            0,
            0,
            0,
            0
        ],
        "fn": [
            0,
            0,
            0,
            0,
            0,
            0,
            0,
            0,
            1,
            1,
            1,
            1,
            1,
            2,
            3,
            4,
            6,
            7,
            20,
            39,
            47,
            51,
            53,
            58,
            65,
            68,
            71,
            71,
            72,
            75,
            76,
            77,
            77,
            77,
            77,
            77,
            77,
            77,
            77,
            77
        ],
        "precision": [
            0.029490616621983913,
            0.029490616621983913,
            0.029490616621983913,
            0.029490616621983913,
            0.029490616621983913,
            0.029879705083430345,
            0.031098546042003232,
            0.031544448996312986,
            0.03162713275072826,
            0.03236797274275979,
            0.03445149592021759,
            0.03564727954971857,
            0.036608863198458574,
            0.03669275929549902,
            0.03701850925462731,
            0.0381201044386423,
            0.03833693304535637,
            0.040439052570768345,
            0.0464926590538336,
            0.05740181268882175,
            0.07653061224489796,
            0.0771513353115727,
            0.08571428571428572,
            0.1111111111111111,
            0.1276595744680851,
            0.16071428571428573,
            0.13333333333333333,
            0.16216216216216217,
            0.19230769230769232,
            0.11764705882352941,
            0.1111111111111111,
            0.0,
            1.0,
            1.0,
            1.0,
            1.0,
            1.0,
            1.0,
            1.0,
            1.0
        ],
        "recall": [
            1.0,
            1.0,
            1.0,
            1.0,
            1.0,
            1.0,
            1.0,
            1.0,
            0.987012987012987,
            0.987012987012987,
            0.987012987012987,
            0.987012987012987,
            0.987012987012987,
            0.974025974025974,
            0.961038961038961,
            0.948051948051948,
            0.922077922077922,
            0.9090909090909091,
            0.7402597402597403,
            0.4935064935064935,
            0.38961038961038963,
            0.33766233766233766,
            0.3116883116883117,
            0.24675324675324675,
            0.15584415584415584,
            0.11688311688311688,
            0.07792207792207792,
            0.07792207792207792,
            0.06493506493506493,
            0.025974025974025976,
            0.012987012987012988,
            0.0,
            0.0,
            0.0,
            0.0,
            0.0,
            0.0,
            0.0,
            0.0,
            0.0
        ],
        "accuracy": [
            0.029490616621983913,
            0.029490616621983913,
            0.029490616621983913,
            0.029490616621983913,
            0.029490616621983913,
            0.0425124473381846,
            0.08119494446572195,
            0.09459977020298736,
            0.1083875909613175,
            0.12945231711987745,
            0.18383761011106856,
            0.2121792416698583,
            0.23362696284948295,
            0.24511681348142475,
            0.261585599387208,
            0.2929911911145155,
            0.31558789735733433,
            0.3611643048640368,
            0.5446189199540405,
            0.7460743010340866,
            0.843355036384527,
            0.8613558023745691,
            0.8816545384909996,
            0.9195710455764075,
            0.9436997319034852,
            0.9559555725775565,
            0.9578705476828802,
            0.9609345078513979,
            0.9643814630409805,
            0.9655304481041747,
            0.967828418230563,
            0.9701263883569513,
            0.9705093833780161,
            0.9705093833780161,
            0.9705093833780161,
            0.9705093833780161,
            0.9705093833780161,
            0.9705093833780161,
            0.9705093833780161,
            0.9705093833780161
        ],
        "f1": [
            0.057291666666666664,
            0.057291666666666664,
            0.057291666666666664,
            0.057291666666666664,
            0.057291666666666664,
            0.058025621703089676,
            0.060321190755973364,
            0.06115965051628276,
            0.06129032258064516,
            0.062680412371134,
            0.06657906263688129,
            0.06880941602535083,
            0.07059916395726892,
            0.0707213578500707,
            0.07129094412331405,
            0.07329317269076305,
            0.0736132711249352,
            0.0774336283185841,
            0.08749040675364543,
            0.10284167794316644,
            0.1279317697228145,
            0.12560386473429952,
            0.13445378151260504,
            0.15322580645161288,
            0.14035087719298242,
            0.13533834586466165,
            0.09836065573770492,
            0.10526315789473685,
            0.09708737864077668,
            0.0425531914893617,
            0.023255813953488372,
            0.0,
            0.0,
            0.0,
            0.0,
            0.0,
            0.0,
            0.0,
            0.0,
            0.0
        ],
        "mcc": [
            0.0,
            0.0,
            0.0,
            0.0,
            0.0,
            0.020022776817674004,
            0.04070367494191169,
            0.04600262650514882,
            0.04292493019466542,
            0.05081863462320506,
            0.06843718016281625,
            0.07677669699093762,
            0.0828834872710361,
            0.08082930427311749,
            0.08041967362709168,
            0.08461025291651218,
            0.08168085530905861,
            0.09076480601492527,
            0.09455394386242885,
            0.09615231095079342,
            0.11686645192222823,
            0.10845223616983735,
            0.11518217275106372,
            0.12772048750600454,
            0.11213848993779015,
            0.11483358992879193,
            0.08128533058928296,
            0.09402267070879176,
            0.09651938687668422,
            0.04218438611743229,
            0.02837429202568951,
            -0.0034121004155479163,
            0.0,
            0.0,
            0.0,
            0.0,
            0.0,
            0.0,
            0.0,
            0.0
        ],
        "hammingLoss": [
            0.9705093833780161,
            0.9705093833780161,
            0.9705093833780161,
            0.9705093833780161,
            0.9705093833780161,
            0.9574875526618154,
            0.918805055534278,
            0.9054002297970126,
            0.8916124090386826,
            0.8705476828801225,
            0.8161623898889314,
            0.7878207583301418,
            0.7663730371505171,
            0.7548831865185752,
            0.7384144006127921,
            0.7070088088854845,
            0.6844121026426656,
            0.6388356951359633,
            0.4553810800459594,
            0.25392569896591344,
            0.156644963615473,
            0.13864419762543087,
            0.11834546150900038,
            0.08042895442359249,
            0.05630026809651475,
            0.04404442742244351,
            0.04212945231711988,
            0.03906549214860207,
            0.03561853695901953,
            0.03446955189582535,
            0.032171581769437,
            0.02987361164304864,
            0.029490616621983913,
            0.029490616621983913,
            0.029490616621983913,
            0.029490616621983913,
            0.029490616621983913,
            0.029490616621983913,
            0.029490616621983913,
            0.029490616621983913
        ],
        "assertionsMetrics": []
    },
    "optimalThreshold": 0.575,
    "usedThreshold": 0.575,
    "rocVizData": [
        [
            {
                "x": 0.0,
                "y": 0.0,
                "p": 1.7767850178543199
            },
            {
                "x": 0.007103393843725336,
                "y": 0.05194805194805195,
                "p": 0.7131198821533128
            },
            {
                "x": 0.017363851617995266,
                "y": 0.1038961038961039,
                "p": 0.6334565731066416
            },
            {
                "x": 0.031176006314127862,
                "y": 0.14285714285714285,
                "p": 0.6026933129731785
            },
            {
                "x": 0.038279400157853194,
                "y": 0.19480519480519481,
                "p": 0.5935411034732683
            },
            {
                "x": 0.058011049723756904,
                "y": 0.24675324675324675,
                "p": 0.576144073030104
            },
            {
                "x": 0.07892659826361484,
                "y": 0.2857142857142857,
                "p": 0.5654731496800199
            },
            {
                "x": 0.10418310970797158,
                "y": 0.3116883116883117,
                "p": 0.5470380180952801
            },
            {
                "x": 0.1282557221783741,
                "y": 0.33766233766233766,
                "p": 0.5175281000650317
            },
            {
                "x": 0.14009471191791634,
                "y": 0.37662337662337664,
                "p": 0.5020310977614402
            },
            {
                "x": 0.16456195737963694,
                "y": 0.4155844155844156,
                "p": 0.492442302021778
            },
            {
                "x": 0.19494869771112866,
                "y": 0.44155844155844154,
                "p": 0.4841573108472392
            },
            {
                "x": 0.2111286503551697,
                "y": 0.4805194805194805,
                "p": 0.4802617757788262
            },
            {
                "x": 0.2494080505130229,
                "y": 0.4935064935064935,
                "p": 0.4745781245090987
            },
            {
                "x": 0.281767955801105,
                "y": 0.5194805194805194,
                "p": 0.4721850524671264
            },
            {
                "x": 0.30860299921073403,
                "y": 0.5584415584415584,
                "p": 0.4692305907779235
            },
            {
                "x": 0.3310970797158643,
                "y": 0.5974025974025974,
                "p": 0.46750829815494804
            },
            {
                "x": 0.35556432517758485,
                "y": 0.6493506493506493,
                "p": 0.4651030393184206
            },
            {
                "x": 0.3772691397000789,
                "y": 0.6883116883116883,
                "p": 0.46090099715248806
            },
            {
                "x": 0.4131807419100237,
                "y": 0.7142857142857143,
                "p": 0.45585478466793494
            },
            {
                "x": 0.4538279400157853,
                "y": 0.7272727272727273,
                "p": 0.45082635028702567
            },
            {
                "x": 0.47355958958168903,
                "y": 0.7662337662337663,
                "p": 0.44967105323448076
            },
            {
                "x": 0.5118389897395422,
                "y": 0.7792207792207793,
                "p": 0.444924263493186
            },
            {
                "x": 0.5382794001578532,
                "y": 0.8051948051948052,
                "p": 0.4422828799374063
            },
            {
                "x": 0.5647198105761642,
                "y": 0.8571428571428571,
                "p": 0.4411719169907413
            },
            {
                "x": 0.5935280189423836,
                "y": 0.8831168831168831,
                "p": 0.4370473356744822
            },
            {
                "x": 0.6211523283346487,
                "y": 0.9090909090909091,
                "p": 0.43462171044762804
            },
            {
                "x": 0.6712707182320442,
                "y": 0.9090909090909091,
                "p": 0.41731743181355563
            },
            {
                "x": 0.7115232833464877,
                "y": 0.922077922077922,
                "p": 0.3890037611831025
            },
            {
                "x": 0.7359905288082084,
                "y": 0.948051948051948,
                "p": 0.36911678654600233
            },
            {
                "x": 0.765982636148382,
                "y": 0.974025974025974,
                "p": 0.3426799644860155
            },
            {
                "x": 0.8038674033149171,
                "y": 0.987012987012987,
                "p": 0.28682265822245906
            },
            {
                "x": 0.8547750591949487,
                "y": 0.987012987012987,
                "p": 0.2415045710367102
            },
            {
                "x": 0.9056827150749802,
                "y": 0.987012987012987,
                "p": 0.21419197756878694
            },
            {
                "x": 0.9439621152328335,
                "y": 1.0,
                "p": 0.1608750140634232
            },
            {
                "x": 0.9940805051302289,
                "y": 1.0,
                "p": 0.12245650758951963
            },
            {
                "x": 1.0,
                "y": 1.0,
                "p": 0.10798812913124359
            }
        ]
    ],
    "liftVizData": {
        "bins": [
            {
                "bin_pos_prop": 0.093385214,
                "bin_lift": 3.1666077114,
                "cum_lift": 0.3116883117,
                "cum_size": 0.0984297204,
                "bin_min": 0.5545088232,
                "bin_max": 0.7767850179,
                "percentile_idx": 0
            },
            {
                "bin_pos_prop": 0.0395256917,
                "bin_lift": 1.3402802731,
                "cum_lift": 0.4415584416,
                "cum_size": 0.1953274607,
                "bin_min": 0.4841573108,
                "bin_max": 0.5545088232,
                "percentile_idx": 1
            },
            {
                "bin_pos_prop": 0.0256410256,
                "bin_lift": 0.8694638695,
                "cum_lift": 0.5324675325,
                "cum_size": 0.2998851015,
                "bin_min": 0.4702503424,
                "bin_max": 0.4841573108,
                "percentile_idx": 2
            },
            {
                "bin_pos_prop": 0.0463320463,
                "bin_lift": 1.5710775711,
                "cum_lift": 0.6883116883,
                "cum_size": 0.3990808119,
                "bin_min": 0.4588971883,
                "bin_max": 0.4702503424,
                "percentile_idx": 3
            },
            {
                "bin_pos_prop": 0.0266159696,
                "bin_lift": 0.9025233322,
                "cum_lift": 0.7792207792,
                "cum_size": 0.4998085025,
                "bin_min": 0.4473716427,
                "bin_max": 0.4588971883,
                "percentile_idx": 4
            },
            {
                "bin_pos_prop": 0.030651341,
                "bin_lift": 1.0393591083,
                "cum_lift": 0.8831168831,
                "cum_size": 0.599770203,
                "bin_min": 0.4375067341,
                "bin_max": 0.4473716427,
                "percentile_idx": 5
            },
            {
                "bin_pos_prop": 0.0115384615,
                "bin_lift": 0.3912587413,
                "cum_lift": 0.9220779221,
                "cum_size": 0.6993489085,
                "bin_min": 0.4095068516,
                "bin_max": 0.4375067341,
                "percentile_idx": 6
            },
            {
                "bin_pos_prop": 0.0190839695,
                "bin_lift": 0.6471200555,
                "cum_lift": 0.987012987,
                "cum_size": 0.799693604,
                "bin_min": 0.2958476246,
                "bin_max": 0.4095068516,
                "percentile_idx": 7
            },
            {
                "bin_pos_prop": 0.0,
                "bin_lift": 0.0,
                "cum_lift": 0.987012987,
                "cum_size": 0.8996553045,
                "bin_min": 0.2229040778,
                "bin_max": 0.2958476246,
                "percentile_idx": 8
            },
            {
                "bin_pos_prop": 0.0038167939,
                "bin_lift": 0.1294240111,
                "cum_lift": 1.0,
                "cum_size": 1.0,
                "bin_min": 0.1079881291,
                "bin_max": 0.2229040778,
                "percentile_idx": 9
            }
        ],
        "wizard": {
            "positives": 77,
            "total": 2611
        }
    },
    "densityData": {
        "0": {
            "correct": [
                2.1119381978390926e-17,
                4.053127445822e-16,
                6.801444181333839e-15,
                9.984064693695664e-14,
                1.2827515969122633e-12,
                1.4434016011125003e-11,
                1.4235606199795715e-10,
                1.2316998218588932e-09,
                9.359164136537435e-09,
                6.253259063560974e-08,
                3.678893631341339e-07,
                1.908701550377148e-06,
                8.747584832108061e-06,
                3.547451643835006e-05,
                0.00012751854838866786,
                0.00040698670838710464,
                0.0011550589556602563,
                0.0029190953062520433,
                0.006577661399392796,
                0.013232841948699415,
                0.023807892183850224,
                0.038403343151027954,
                0.05577005217222009,
                0.07342416172608195,
                0.08863164904091904,
                0.09978249567029458,
                0.10716442819612282,
                0.11246953527749398,
                0.11740251946333287,
                0.12258878874912718,
                0.12779217485461425,
                0.13338362166642612,
                0.14198856380555672,
                0.1590949129394874,
                0.19212650210663595,
                0.24841775930091373,
                0.33299537570742294,
                0.44685490392831856,
                0.5858139244058932,
                0.7397406911320117,
                0.8925804008529277,
                1.0246740049970777,
                1.1188661826554063,
                1.169899731300623,
                1.1938163100467154,
                1.2328686938090136,
                1.3524711968481478,
                1.6284122742371023,
                2.1241247395216765,
                2.861205114442062,
                3.7928433384132507,
                4.7950656366608415,
                5.687370383640757,
                6.281189957037104,
                6.4397496300297705,
                6.125677695131456,
                5.4159165879493285,
                4.4754100021826835,
                3.498914633597361,
                2.646684779335846,
                2.002987390494846,
                1.572078577359446,
                1.3048677634206356,
                1.136378610211951,
                1.0151418860841093,
                0.915527586288849,
                0.8345816210798483,
                0.781149400692289,
                0.76559528509475,
                0.7945179239844818,
                0.8695561382177114,
                0.9863311051989119,
                1.1311077227662634,
                1.2776904420403503,
                1.3903862634331634,
                1.435785376510305,
                1.3980765248105387,
                1.2876067488542087,
                1.1365391864294594,
                0.9851619370115763,
                0.8679197910357151,
                0.8050797828126998,
                0.799452208269927,
                0.8355422953748372,
                0.8818554475328995,
                0.8996974239358678,
                0.8583845428263387,
                0.7496842373259058,
                0.5917031495201469,
                0.4188567057499415,
                0.2647349557143203,
                0.14899138926848157,
                0.07453751594735716,
                0.03310991045056627,
                0.01304806022651588,
                0.0045586331065305035,
                0.0014110378506052435,
                0.0003866940609943654,
                9.375912390640487e-05,
                2.0097782287747135e-05
            ],
            "incorrect": [
                4.546203805420381e-08,
                1.5682651155225892e-07,
                5.133362005378823e-07,
                1.5946751386868842e-06,
                4.702405207838133e-06,
                1.3165905127196946e-05,
                3.5009665891825265e-05,
                8.844571017131203e-05,
                0.00021236674775346602,
                0.00048485761509965274,
                0.0010531441681644392,
                0.0021775553486040287,
                0.004289005397560138,
                0.008053526628017072,
                0.014428850426642846,
                0.024689006474117505,
                0.04038723153356274,
                0.06322980309028088,
                0.09484727146226896,
                0.1364752766908915,
                0.18859066834750363,
                0.2505820074863302,
                0.32055633157882973,
                0.3953853928841167,
                0.47106511279063906,
                0.5433973996240435,
                0.6089097912850127,
                0.6658271183385633,
                0.7148368757987638,
                0.7593860318190788,
                0.805334316611533,
                0.859954362791128,
                0.9304603544451852,
                1.0223938061895297,
                1.138244623364226,
                1.2766302190538967,
                1.4322341634975353,
                1.5965740226530452,
                1.7595567299780572,
                1.9116753437121914,
                2.0465642769321866,
                2.163445035403853,
                2.2688097042419586,
                2.3766158964166317,
                2.506424251265337,
                2.6793495525009883,
                2.912350216189202,
                3.212061977611005,
                3.5698442942986266,
                3.959732932540151,
                4.340469961143279,
                4.6617727476829165,
                4.873753524673436,
                4.937301301505399,
                4.83270567067168,
                4.56411288010548,
                4.158540888497578,
                3.659787713853672,
                3.1190713754224735,
                2.585086082731693,
                2.0960642507273173,
                1.6755069594341092,
                1.3319191341775443,
                1.061695103480677,
                0.853637964629247,
                0.693570300720342,
                0.5679430402931681,
                0.4659781398532413,
                0.380420003279947,
                0.3072783542471062,
                0.24501861820673926,
                0.19357664636675057,
                0.15344074677657688,
                0.1249241701785541,
                0.10767351326688239,
                0.10042086337815948,
                0.10097314493657253,
                0.10642139175306174,
                0.11353125369596284,
                0.11924141857514861,
                0.12116077916857308,
                0.11793965860383274,
                0.10941353219106968,
                0.09648066836845372,
                0.08075718809101778,
                0.06412052533883812,
                0.0482767398419538,
                0.034460992953855754,
                0.023319973866820005,
                0.014959570725495709,
                0.009096849342948328,
                0.005243708792906129,
                0.0028652281468970037,
                0.001484060462841789,
                0.0007286434046377369,
                0.00033911670679583327,
                0.00014960766952978733,
                6.256464153782839e-05,
                2.4801300046192595e-05,
                9.319450175372921e-06
            ],
            "correctMedian": 0.553289683584815,
            "incorrectMedian": 0.5276372225970298
        },
        "1": {
            "correct": [
                9.319450175372921e-06,
                2.4801300046192728e-05,
                6.256464153782883e-05,
                0.0001496076695297876,
                0.00033911670679583625,
                0.0007286434046377434,
                0.001484060462841797,
                0.002865228146897024,
                0.005243708792906143,
                0.009096849342948377,
                0.014959570725495802,
                0.02331997386682008,
                0.03446099295385589,
                0.04827673984195388,
                0.0641205253388383,
                0.08075718809101783,
                0.09648066836845384,
                0.10941353219106982,
                0.11793965860383274,
                0.12116077916857308,
                0.11924141857514861,
                0.11353125369596279,
                0.10642139175306174,
                0.10097314493657253,
                0.10042086337815961,
                0.10767351326688264,
                0.12492417017855449,
                0.1534407467765772,
                0.19357664636675134,
                0.24501861820674034,
                0.30727835424710676,
                0.380420003279948,
                0.46597813985324177,
                0.5679430402931686,
                0.693570300720342,
                0.8536379646292478,
                1.061695103480677,
                1.331919134177543,
                1.6755069594341108,
                2.0960642507273155,
                2.5850860827316975,
                3.119071375422468,
                3.6597877138536683,
                4.158540888497578,
                4.56411288010548,
                4.83270567067168,
                4.9373013015054035,
                4.873753524673436,
                4.6617727476829165,
                4.340469961143283,
                3.959732932540151,
                3.5698442942986297,
                3.212061977611008,
                2.9123502161891994,
                2.6793495525009883,
                2.506424251265337,
                2.3766158964166317,
                2.2688097042419586,
                2.163445035403849,
                2.046564276932183,
                1.911675343712188,
                1.7595567299780526,
                1.5965740226530423,
                1.4322341634975315,
                1.2766302190538945,
                1.138244623364225,
                1.0223938061895297,
                0.9304603544451852,
                0.859954362791128,
                0.805334316611533,
                0.7593860318190795,
                0.7148368757987638,
                0.6658271183385642,
                0.6089097912850127,
                0.5433973996240439,
                0.4710651127906386,
                0.395385392884116,
                0.32055633157882946,
                0.2505820074863293,
                0.18859066834750296,
                0.13647527669089057,
                0.09484727146226836,
                0.0632298030902802,
                0.04038723153356232,
                0.024689006474117297,
                0.014428850426642641,
                0.008053526628016972,
                0.004289005397560058,
                0.002177555348603994,
                0.0010531441681644147,
                0.00048485761509964325,
                0.00021236674775346187,
                8.844571017130998e-05,
                3.500966589182446e-05,
                1.3165905127196572e-05,
                4.702405207838016e-06,
                1.5946751386868476e-06,
                5.133362005378686e-07,
                1.5682651155225474e-07,
                4.5462038054202676e-08
            ],
            "incorrect": [
                2.0097782287747565e-05,
                9.375912390640687e-05,
                0.00038669406099437435,
                0.0014110378506052735,
                0.004558633106530601,
                0.013048060226516204,
                0.03310991045056671,
                0.07453751594735823,
                0.14899138926848315,
                0.2647349557143241,
                0.41885670574994743,
                0.591703149520151,
                0.7496842373259125,
                0.8583845428263464,
                0.8996974239358615,
                0.8818554475328995,
                0.8355422953748416,
                0.799452208269927,
                0.8050797828126998,
                0.8679197910357183,
                0.9851619370115587,
                1.1365391864294574,
                1.2876067488542131,
                1.3980765248105536,
                1.4357853765102975,
                1.3903862634331683,
                1.2776904420403434,
                1.1311077227662654,
                0.9863311051989119,
                0.8695561382177145,
                0.7945179239844904,
                0.765595285094742,
                0.7811494006923001,
                0.8345816210798617,
                0.9155275862888701,
                1.0151418860841146,
                1.136378610211965,
                1.3048677634206054,
                1.5720785773594543,
                2.002987390494835,
                2.6466847793358226,
                3.498914633597423,
                4.4754100021826595,
                5.415916587949223,
                6.125677695131424,
                6.439749630029885,
                6.281189957037137,
                5.687370383640727,
                4.795065636660756,
                3.7928433384132774,
                2.8612051144420874,
                2.1241247395216916,
                1.628412274237108,
                1.3524711968481524,
                1.23286869380904,
                1.1938163100467196,
                1.1698997313006272,
                1.1188661826554003,
                1.0246740049970542,
                0.8925804008529198,
                0.7397406911320065,
                0.5858139244059015,
                0.44685490392831695,
                0.33299537570742704,
                0.2484177593009111,
                0.19212650210663682,
                0.15909491293948796,
                0.1419885638055562,
                0.13338362166642706,
                0.12779217485461483,
                0.12258878874912696,
                0.11740251946333245,
                0.11246953527749408,
                0.1071644281961231,
                0.09978249567029485,
                0.08863164904091889,
                0.07342416172608195,
                0.05577005217222009,
                0.03840334315102768,
                0.023807892183850096,
                0.01323284194869925,
                0.006577661399392708,
                0.002919095306251984,
                0.0011550589556602359,
                0.000406986708387101,
                0.00012751854838866515,
                3.547451643834955e-05,
                8.747584832107842e-06,
                1.908701550377104e-06,
                3.678893631341201e-07,
                6.25325906356084e-08,
                9.359164136537235e-09,
                1.2316998218588496e-09,
                1.423560619979541e-10,
                1.4434016011124593e-11,
                1.282751596912227e-12,
                9.984064693695523e-14,
                6.801444181333597e-15,
                4.053127445821914e-16,
                2.1119381978390627e-17
            ],
            "correctMedian": 0.47236277740297017,
            "incorrectMedian": 0.4467103164151851
        }
    },
    "calibrationData": [
        {
            "y": 0,
            "x": 0,
            "n": 0
        },
        {
            "y": 0.004807692307692308,
            "x": 0.14871081225038377,
            "n": 208.0
        },
        {
            "y": 0.0,
            "x": 0.24821568218246226,
            "n": 327.0
        },
        {
            "y": 0.022321428571428572,
            "x": 0.35768283597072237,
            "n": 224.0
        },
        {
            "y": 0.028082191780821917,
            "x": 0.45527574617906746,
            "n": 1460.0
        },
        {
            "y": 0.06040268456375839,
            "x": 0.5548475207185252,
            "n": 298.0
        },
        {
            "y": 0.10294117647058823,
            "x": 0.6351472872092364,
            "n": 68.0
        },
        {
            "y": 0.19230769230769232,
            "x": 0.7375158462710084,
            "n": 26.0
        },
        {
            "y": 1,
            "x": 1,
            "n": 0
        }
    ],
    "probaDistribData": {
        "bins": [
            0.0,
            0.1,
            0.2,
            0.3,
            0.4,
            0.5,
            0.6,
            0.7,
            0.8,
            0.9,
            1.0
        ],
        "probaDistribs": [
            [
                0.0,
                207.0,
                327.0,
                219.0,
                1419.0,
                280.0,
                61.0,
                21.0,
                0.0,
                0.0
            ],
            [
                0.0,
                1.0,
                0.0,
                5.0,
                41.0,
                18.0,
                7.0,
                5.0,
                0.0,
                0.0
            ]
        ]
    },
    "globalMetrics": {
        "testWeight": 2611,
        "targetAvg": [
            0.029490616621983913
        ],
        "targetStd": [
            0.16920959199474994
        ],
        "predictionAvg": [
            0.06549214860206817
        ],
        "predictionStd": [
            0.24743964207640304
        ]
    }
}