{
  "state": "DONE",
  "preSearchDescription": {
    "gridLength": 2,
    "searchStrategy": "GRID",
    "importantParams": [
      {
        "name": "trees",
        "vals": [
          "100"
        ]
      },
      {
        "name": "depth",
        "vals": [
          "6",
          "13"
        ]
      },
      {
        "name": "min_samples",
        "vals": [
          "1"
        ]
      }
    ]
  },
  "postSearchDescription": {
    "importantParams": [
      {
        "name": "trees",
        "val": "100"
      },
      {
        "name": "depth",
        "val": "6"
      },
      {
        "name": "min_samples",
        "val": "1"
      }
    ]
  },
  "resumed": false,
  "timeOrderingEnabled": false,
  "sampleWeightsEnabled": false,
  "modelId": "m1",
  "progress": {
    "top_level_todo": [],
    "stack": [],
    "top_level_done": [
      {
        "name": "Loading train set",
        "time": 31
      },
      {
        "name": "Loading test set",
        "time": 12
      },
      {
        "name": "Collecting statistics",
        "time": 13
      },
      {
        "name": "Preprocessing train set",
        "time": 47
      },
      {
        "name": "Preprocessing test set",
        "time": 16
      },
      {
        "name": "Hyperparameter searching",
        "time": 5032
      },
      {
        "name": "Fitting model",
        "time": 557
      },
      {
        "name": "Saving model",
        "time": 54
      },
      {
        "name": "Scoring model",
        "time": 1309
      }
    ]
  },
  "startTime": 1640290800917,
  "endTime": 1640290808022,
  "preprocessingTime": 122,
  "trainingTime": 6983,
  "hyperparamsSearchTime": 5032
}