{
    "per_feature": {
        "Punishment": {
            "stats": {}
        },
        "GeoPoint": {
            "stats": {}
        },
        "distances": {
            "stats": {}
        },
        "LSOA name": {
            "stats": {}
        },
        "distance": {
            "stats": {}
        },
        "Crimes <= 10km": {
            "stats": {
                "min": 1.0,
                "average": 2222.9343765281174,
                "median": 2731.0,
                "max": 3917.0,
                "p99": 3884.76,
                "std": 1373.042704109722
            },
            "missing_impute_with_value": 2222.9343765281174
        },
        "Latitude": {
            "stats": {
                "min": 50.593348999999996,
                "average": 50.952379395990114,
                "median": 50.907902,
                "max": 51.40755,
                "p99": 51.337123999999996,
                "std": 0.17730643096329096
            },
            "missing_impute_with_value": 50.952379395990114
        },
        "Crime Category": {
            "stats": {
                "mostFrequentValue": "Crimes Against Property",
                "leastFrequentValue": "Other"
            },
            "dropped_modality": "Other",
            "category_possible_values": [
                "Crimes Against Property",
                "Crimes Against Person",
                "Crimes Against Morality"
            ],
            "category_possible_counts": [
                4519,
                4158,
                1363
            ]
        },
        "Longitude": {
            "stats": {
                "min": -1.900712,
                "average": -1.209809954034235,
                "median": -1.183537,
                "max": -0.604057,
                "p99": -0.74910624,
                "std": 0.22179131511815856
            },
            "missing_impute_with_value": -1.209809954034235
        },
        "Punishments <= 10km": {
            "stats": {
                "min": 0.0,
                "average": 56.83735941320293,
                "median": 70.0,
                "max": 101.0,
                "p99": 100.0,
                "std": 34.321424003219086
            },
            "missing_impute_with_value": 56.83735941320293
        },
        "Location": {
            "stats": {}
        },
        "Crime type": {
            "stats": {
                "mostFrequentValue": "Violence and sexual offences",
                "leastFrequentValue": "Theft from the person"
            },
            "dropped_modality": "Theft from the person",
            "category_possible_values": [
                "Violence and sexual offences",
                "Criminal damage and arson",
                "Public order",
                "Other theft",
                "Shoplifting",
                "Burglary",
                "Vehicle crime",
                "Drugs",
                "Bicycle theft",
                "Other crime",
                "Possession of weapons",
                "Robbery"
            ],
            "category_possible_counts": [
                4005,
                1221,
                952,
                832,
                829,
                735,
                712,
                277,
                190,
                185,
                134,
                92
            ]
        }
    },
    "feature_order": [
        "Punishment",
        "GeoPoint",
        "distances",
        "LSOA name",
        "distance",
        "Crimes <= 10km",
        "Latitude",
        "Crime Category",
        "Longitude",
        "Punishments <= 10km",
        "Location",
        "Crime type"
    ]
}