{
    "per_feature": {
        "Punishment": {
            "stats": {}
        },
        "GeoPoint": {
            "stats": {}
        },
        "LSOA name": {
            "stats": {}
        },
        "Latitude": {
            "stats": {
                "min": 50.591001,
                "average": 50.95195260408183,
                "median": 50.908468,
                "max": 51.40755,
                "p99": 51.33725985,
                "std": 0.17696378478876604
            },
            "missing_impute_with_value": 50.95195260408183
        },
        "Crime Category": {
            "stats": {
                "mostFrequentValue": "Crimes Against Property",
                "leastFrequentValue": "Other"
            },
            "dropped_modality": "Other",
            "category_possible_values": [
                "Crimes Against Property",
                "Crimes Against Person",
                "Crimes Against Morality"
            ],
            "category_possible_counts": [
                5629,
                5258,
                1712
            ]
        },
        "Longitude": {
            "stats": {
                "min": -1.900712,
                "average": -1.211777635867878,
                "median": -1.1852905,
                "max": -0.604057,
                "p99": -0.748997,
                "std": 0.2220975999495868
            },
            "missing_impute_with_value": -1.211777635867878
        },
        "Date": {
            "stats": {}
        },
        "Location": {
            "stats": {}
        },
        "Crime type": {
            "stats": {
                "mostFrequentValue": "Violence and sexual offences",
                "leastFrequentValue": "Theft from the person"
            },
            "dropped_modality": "Theft from the person",
            "category_possible_values": [
                "Violence and sexual offences",
                "Criminal damage and arson",
                "Public order",
                "Shoplifting",
                "Other theft",
                "Burglary",
                "Vehicle crime",
                "Drugs",
                "Bicycle theft",
                "Other crime",
                "Possession of weapons",
                "Robbery"
            ],
            "category_possible_counts": [
                5053,
                1514,
                1190,
                1035,
                1020,
                916,
                896,
                352,
                248,
                237,
                170,
                120
            ]
        }
    },
    "feature_order": [
        "Punishment",
        "GeoPoint",
        "LSOA name",
        "Latitude",
        "Crime Category",
        "Longitude",
        "Date",
        "Location",
        "Crime type"
    ]
}