{
    "startedAt": 1640290195632,
    "gridSize": 5,
    "nThreads": 4,
    "nSplits": 5,
    "metric": "ROC_AUC",
    "timeout": null,
    "gridPoints": [
        {
            "finishedAt": 1640290195877,
            "score": 0.666702175305995,
            "testScoreGibMean": 0.666702175305995,
            "testScoreMean": 0.666702175305995,
            "testScoreStd": 0.01819986500606798,
            "trainScoreMean": 0.699570843672088,
            "trainScoreStd": 0.006578886232011694,
            "time": 617,
            "fitTimeMean": 42.0,
            "fitTimeStd": 9.16515138991168,
            "scoreTimeMean": 81.4,
            "scoreTimeStd": 10.480458005259122,
            "best_iteration": null,
            "parameters": {
                "C": 0.1,
                "penalty": "l2"
            }
        },
        {
            "finishedAt": 1640290196016,
            "score": 0.6629499984159998,
            "testScoreGibMean": 0.6629499984159998,
            "testScoreMean": 0.6629499984159998,
            "testScoreStd": 0.01822118076918292,
            "trainScoreMean": 0.6908769478905294,
            "trainScoreStd": 0.0063179566034546044,
            "time": 525,
            "fitTimeMean": 36.2,
            "fitTimeStd": 25.6,
            "scoreTimeMean": 68.8,
            "scoreTimeStd": 15.223665787188052,
            "best_iteration": null,
            "parameters": {
                "C": 0.01,
                "penalty": "l2"
            }
        },
        {
            "finishedAt": 1640290196252,
            "score": 0.6647674694973628,
            "testScoreGibMean": 0.6647674694973628,
            "testScoreMean": 0.6647674694973628,
            "testScoreStd": 0.01576484893395052,
            "trainScoreMean": 0.7004856485154105,
            "trainScoreStd": 0.005534934923382661,
            "time": 1001,
            "fitTimeMean": 114.2,
            "fitTimeStd": 55.072316094386295,
            "scoreTimeMean": 86.0,
            "scoreTimeStd": 45.0643983650065,
            "best_iteration": null,
            "parameters": {
                "C": 10.0,
                "penalty": "l2"
            }
        },
        {
            "finishedAt": 1640290196534,
            "score": 0.6662752283768862,
            "testScoreGibMean": 0.6662752283768862,
            "testScoreMean": 0.6662752283768862,
            "testScoreStd": 0.016689633306174068,
            "trainScoreMean": 0.700606728910856,
            "trainScoreStd": 0.00530416513179141,
            "time": 861,
            "fitTimeMean": 93.4,
            "fitTimeStd": 18.315021157508937,
            "scoreTimeMean": 78.8,
            "scoreTimeStd": 30.301155093494376,
            "best_iteration": null,
            "parameters": {
                "C": 1.0,
                "penalty": "l2"
            }
        },
        {
            "finishedAt": 1640290196726,
            "score": 0.6642691405544776,
            "testScoreGibMean": 0.6642691405544776,
            "testScoreMean": 0.6642691405544776,
            "testScoreStd": 0.01570833033295938,
            "trainScoreMean": 0.7005254035638683,
            "trainScoreStd": 0.00548527717363172,
            "time": 942,
            "fitTimeMean": 108.4,
            "fitTimeStd": 35.37004382242125,
            "scoreTimeMean": 80.0,
            "scoreTimeStd": 31.432467291003423,
            "best_iteration": null,
            "parameters": {
                "C": 100.0,
                "penalty": "l2"
            }
        }
    ]
}