[
    {
        "test_score_gib": 0.6555728067102784,
        "train_score": 0.6989163365182941,
        "test_score": 0.6555728067102784,
        "num_samples": 2046,
        "fit_time": 42,
        "score_time": 71,
        "time": 113,
        "parameters": {
            "C": 0.1,
            "penalty": "l2"
        },
        "best_iteration": null,
        "done_at": 1640290195748,
        "split_id": 0
    },
    {
        "test_score_gib": 0.6799221804618051,
        "train_score": 0.7023549587986782,
        "test_score": 0.6799221804618051,
        "num_samples": 2046,
        "fit_time": 33,
        "score_time": 71,
        "time": 104,
        "parameters": {
            "C": 0.1,
            "penalty": "l2"
        },
        "best_iteration": null,
        "done_at": 1640290195740,
        "split_id": 1
    },
    {
        "test_score_gib": 0.636394635144351,
        "train_score": 0.7089559060763578,
        "test_score": 0.636394635144351,
        "num_samples": 2045,
        "fit_time": 31,
        "score_time": 99,
        "time": 130,
        "parameters": {
            "C": 0.1,
            "penalty": "l2"
        },
        "best_iteration": null,
        "done_at": 1640290195767,
        "split_id": 2
    },
    {
        "test_score_gib": 0.6853230228606735,
        "train_score": 0.6989983171490246,
        "test_score": 0.6853230228606735,
        "num_samples": 2044,
        "fit_time": 49,
        "score_time": 86,
        "time": 135,
        "parameters": {
            "C": 0.1,
            "penalty": "l2"
        },
        "best_iteration": null,
        "done_at": 1640290195776,
        "split_id": 3
    },
    {
        "test_score_gib": 0.6763110132839047,
        "train_score": 0.6886220245351347,
        "test_score": 0.6763110132839047,
        "num_samples": 2044,
        "fit_time": 55,
        "score_time": 80,
        "time": 135,
        "parameters": {
            "C": 0.1,
            "penalty": "l2"
        },
        "best_iteration": null,
        "done_at": 1640290195877,
        "split_id": 4
    },
    {
        "test_score_gib": 0.646389722519384,
        "train_score": 0.6885308546809362,
        "test_score": 0.646389722519384,
        "num_samples": 2046,
        "fit_time": 20,
        "score_time": 87,
        "time": 107,
        "parameters": {
            "C": 0.01,
            "penalty": "l2"
        },
        "best_iteration": null,
        "done_at": 1640290195876,
        "split_id": 0
    },
    {
        "test_score_gib": 0.6568887332077364,
        "train_score": 0.6947433208444628,
        "test_score": 0.6568887332077364,
        "num_samples": 2046,
        "fit_time": 26,
        "score_time": 56,
        "time": 82,
        "parameters": {
            "C": 0.01,
            "penalty": "l2"
        },
        "best_iteration": null,
        "done_at": 1640290195859,
        "split_id": 1
    },
    {
        "test_score_gib": 0.646643176479503,
        "train_score": 0.7001699826731194,
        "test_score": 0.646643176479503,
        "num_samples": 2045,
        "fit_time": 28,
        "score_time": 65,
        "time": 93,
        "parameters": {
            "C": 0.01,
            "penalty": "l2"
        },
        "best_iteration": null,
        "done_at": 1640290195898,
        "split_id": 2
    },
    {
        "test_score_gib": 0.6951701034908867,
        "train_score": 0.6896070572704514,
        "test_score": 0.6951701034908867,
        "num_samples": 2044,
        "fit_time": 20,
        "score_time": 86,
        "time": 106,
        "parameters": {
            "C": 0.01,
            "penalty": "l2"
        },
        "best_iteration": null,
        "done_at": 1640290195967,
        "split_id": 3
    },
    {
        "test_score_gib": 0.6696883688600557,
        "train_score": 0.6813274899355997,
        "test_score": 0.6696883688600557,
        "num_samples": 2044,
        "fit_time": 87,
        "score_time": 50,
        "time": 137,
        "parameters": {
            "C": 0.01,
            "penalty": "l2"
        },
        "best_iteration": null,
        "done_at": 1640290196016,
        "split_id": 4
    },
    {
        "test_score_gib": 0.6548059718448532,
        "train_score": 0.6996829978069782,
        "test_score": 0.6548059718448532,
        "num_samples": 2046,
        "fit_time": 106,
        "score_time": 138,
        "time": 244,
        "parameters": {
            "C": 10.0,
            "penalty": "l2"
        },
        "best_iteration": null,
        "done_at": 1640290196127,
        "split_id": 0
    },
    {
        "test_score_gib": 0.6843906502949001,
        "train_score": 0.7027140885215926,
        "test_score": 0.6843906502949001,
        "num_samples": 2046,
        "fit_time": 66,
        "score_time": 28,
        "time": 94,
        "parameters": {
            "C": 10.0,
            "penalty": "l2"
        },
        "best_iteration": null,
        "done_at": 1640290195993,
        "split_id": 1
    },
    {
        "test_score_gib": 0.6401644313101462,
        "train_score": 0.7082395291868315,
        "test_score": 0.6401644313101462,
        "num_samples": 2045,
        "fit_time": 184,
        "score_time": 59,
        "time": 243,
        "parameters": {
            "C": 10.0,
            "penalty": "l2"
        },
        "best_iteration": null,
        "done_at": 1640290196237,
        "split_id": 2
    },
    {
        "test_score_gib": 0.6767792323138708,
        "train_score": 0.7006526250691277,
        "test_score": 0.6767792323138708,
        "num_samples": 2044,
        "fit_time": 170,
        "score_time": 65,
        "time": 235,
        "parameters": {
            "C": 10.0,
            "penalty": "l2"
        },
        "best_iteration": null,
        "done_at": 1640290196252,
        "split_id": 3
    },
    {
        "test_score_gib": 0.6676996447327772,
        "train_score": 0.6911338134116682,
        "test_score": 0.6676996447327772,
        "num_samples": 2044,
        "fit_time": 45,
        "score_time": 140,
        "time": 185,
        "parameters": {
            "C": 10.0,
            "penalty": "l2"
        },
        "best_iteration": null,
        "done_at": 1640290196221,
        "split_id": 4
    },
    {
        "test_score_gib": 0.6548343731361652,
        "train_score": 0.6997045097371362,
        "test_score": 0.6548343731361652,
        "num_samples": 2046,
        "fit_time": 73,
        "score_time": 128,
        "time": 201,
        "parameters": {
            "C": 1.0,
            "penalty": "l2"
        },
        "best_iteration": null,
        "done_at": 1640290196330,
        "split_id": 0
    },
    {
        "test_score_gib": 0.6840498347991556,
        "train_score": 0.7025718707611041,
        "test_score": 0.6840498347991556,
        "num_samples": 2046,
        "fit_time": 85,
        "score_time": 78,
        "time": 163,
        "parameters": {
            "C": 1.0,
            "penalty": "l2"
        },
        "best_iteration": null,
        "done_at": 1640290196385,
        "split_id": 1
    },
    {
        "test_score_gib": 0.6393024929908313,
        "train_score": 0.7084408794885583,
        "test_score": 0.6393024929908313,
        "num_samples": 2045,
        "fit_time": 96,
        "score_time": 41,
        "time": 137,
        "parameters": {
            "C": 1.0,
            "penalty": "l2"
        },
        "best_iteration": null,
        "done_at": 1640290196401,
        "split_id": 2
    },
    {
        "test_score_gib": 0.6781983704046958,
        "train_score": 0.7003410300475124,
        "test_score": 0.6781983704046958,
        "num_samples": 2044,
        "fit_time": 127,
        "score_time": 92,
        "time": 219,
        "parameters": {
            "C": 1.0,
            "penalty": "l2"
        },
        "best_iteration": null,
        "done_at": 1640290196534,
        "split_id": 3
    },
    {
        "test_score_gib": 0.6749980691998764,
        "train_score": 0.6919704817235248,
        "test_score": 0.6749980691998764,
        "num_samples": 2044,
        "fit_time": 86,
        "score_time": 55,
        "time": 141,
        "parameters": {
            "C": 1.0,
            "penalty": "l2"
        },
        "best_iteration": null,
        "done_at": 1640290196476,
        "split_id": 4
    },
    {
        "test_score_gib": 0.6548154389419573,
        "train_score": 0.6996997293082121,
        "test_score": 0.6548154389419573,
        "num_samples": 2046,
        "fit_time": 53,
        "score_time": 91,
        "time": 144,
        "parameters": {
            "C": 100.0,
            "penalty": "l2"
        },
        "best_iteration": null,
        "done_at": 1640290196534,
        "split_id": 0
    },
    {
        "test_score_gib": 0.6844853212659403,
        "train_score": 0.702678832858278,
        "test_score": 0.6844853212659403,
        "num_samples": 2046,
        "fit_time": 97,
        "score_time": 137,
        "time": 234,
        "parameters": {
            "C": 100.0,
            "penalty": "l2"
        },
        "best_iteration": null,
        "done_at": 1640290196678,
        "split_id": 1
    },
    {
        "test_score_gib": 0.640173903159809,
        "train_score": 0.708310031666368,
        "test_score": 0.640173903159809,
        "num_samples": 2045,
        "fit_time": 159,
        "score_time": 60,
        "time": 219,
        "parameters": {
            "C": 100.0,
            "penalty": "l2"
        },
        "best_iteration": null,
        "done_at": 1640290196707,
        "split_id": 2
    },
    {
        "test_score_gib": 0.6766826923076923,
        "train_score": 0.700603269369139,
        "test_score": 0.6766826923076923,
        "num_samples": 2044,
        "fit_time": 130,
        "score_time": 53,
        "time": 183,
        "parameters": {
            "C": 100.0,
            "penalty": "l2"
        },
        "best_iteration": null,
        "done_at": 1640290196726,
        "split_id": 3
    },
    {
        "test_score_gib": 0.6651896045721347,
        "train_score": 0.6913300469176473,
        "test_score": 0.6651896045721347,
        "num_samples": 2044,
        "fit_time": 103,
        "score_time": 59,
        "time": 162,
        "parameters": {
            "C": 100.0,
            "penalty": "l2"
        },
        "best_iteration": null,
        "done_at": 1640290196718,
        "split_id": 4
    }
]