{
    "modelInputNRows": 10225,
    "modelInputNCols": 25,
    "modelInputIsSparse": false,
    "modelInputMemory": 2045000,
    "usedGridSearch": true,
    "gridSize": 5,
    "gridBestScore": 0.666702175305995,
    "gridCells": [
        {
            "params": {
                "C": 0.1,
                "penalty": "l2"
            },
            "score": 0.666702175305995,
            "scoreStd": 0.01819986500606798,
            "fitTime": 0.042,
            "fitTimeStd": 0.00916515138991168,
            "scoreTime": 0.0814,
            "scoreTimeStd": 0.010480458005259121
        },
        {
            "params": {
                "C": 0.01,
                "penalty": "l2"
            },
            "score": 0.6629499984159998,
            "scoreStd": 0.01822118076918292,
            "fitTime": 0.0362,
            "fitTimeStd": 0.0256,
            "scoreTime": 0.0688,
            "scoreTimeStd": 0.015223665787188052
        },
        {
            "params": {
                "C": 10.0,
                "penalty": "l2"
            },
            "score": 0.6647674694973628,
            "scoreStd": 0.01576484893395052,
            "fitTime": 0.1142,
            "fitTimeStd": 0.055072316094386294,
            "scoreTime": 0.086,
            "scoreTimeStd": 0.045064398365006496
        },
        {
            "params": {
                "C": 1.0,
                "penalty": "l2"
            },
            "score": 0.6662752283768862,
            "scoreStd": 0.016689633306174068,
            "fitTime": 0.09340000000000001,
            "fitTimeStd": 0.018315021157508937,
            "scoreTime": 0.0788,
            "scoreTimeStd": 0.030301155093494375
        },
        {
            "params": {
                "C": 100.0,
                "penalty": "l2"
            },
            "score": 0.6642691405544776,
            "scoreStd": 0.01570833033295938,
            "fitTime": 0.10840000000000001,
            "fitTimeStd": 0.03537004382242125,
            "scoreTime": 0.08,
            "scoreTimeStd": 0.03143246729100342
        }
    ],
    "lmCoefficients": {
        "variables": [
            "Latitude",
            "Longitude",
            "dummy:Crime Category:Crimes Against Property",
            "dummy:Crime Category:Crimes Against Person",
            "dummy:Crime Category:Crimes Against Morality",
            "dummy:Location:Residential",
            "dummy:Location:Others",
            "dummy:Location:Building",
            "dummy:Location: Parking Area",
            "dummy:Crime type:Violence and sexual offences",
            "dummy:Crime type:Criminal damage and arson",
            "dummy:Crime type:Public order",
            "dummy:Crime type:Other theft",
            "dummy:Crime type:Shoplifting",
            "dummy:Crime type:Burglary",
            "dummy:Crime type:Vehicle crime",
            "dummy:Crime type:Drugs",
            "dummy:Crime type:Bicycle theft",
            "dummy:Crime type:Other crime",
            "dummy:Crime type:Possession of weapons",
            "dummy:Crime type:Robbery"
        ],
        "coefs": [
            -0.0791862234184428,
            -0.00393610823156025,
            -0.6654174186308334,
            -0.22485402911358646,
            0.9442309204893942,
            0.09875462878109946,
            0.054392429149688296,
            0.16810798878946806,
            0.44979370784068207,
            0.431871359567169,
            1.0432598874210781,
            -0.2291266346251279,
            -0.6610359916586752,
            1.3359250420200575,
            -1.4226384498854192,
            -0.5165251921835573,
            0.8071818508107514,
            -0.44440271434442846,
            -0.4368808924155484,
            0.36617570430372426,
            0.5306540118612202
        ],
        "interceptCoef": -0.38292141967120197,
        "interceptStderr": null,
        "interceptTstat": null,
        "interceptPvalue": null,
        "rescaledCoefs": [
            -0.44660660636069827,
            -0.017746899735290818,
            -0.6654174186308334,
            -0.22485402911358646,
            0.9442309204893942,
            0.09875462878109946,
            0.054392429149688296,
            0.16810798878946806,
            0.44979370784068207,
            0.431871359567169,
            1.0432598874210781,
            -0.2291266346251279,
            -0.6610359916586752,
            1.3359250420200575,
            -1.4226384498854192,
            -0.5165251921835573,
            0.8071818508107514,
            -0.44440271434442846,
            -0.4368808924155484,
            0.36617570430372426,
            0.5306540118612202
        ],
        "rescaledInterceptCoef": 2502227166.0277047
    },
    "probaAware": true
}