{
  "state": "DONE",
  "preSearchDescription": {
    "gridLength": 5,
    "searchStrategy": "GRID",
    "importantParams": [
      {
        "name": "penalty",
        "vals": [
          "l2"
        ]
      },
      {
        "name": "C",
        "vals": [
          "0.01",
          "0.1",
          "1.0",
          "10.0",
          "100.0"
        ]
      }
    ]
  },
  "postSearchDescription": {
    "importantParams": [
      {
        "name": "C",
        "val": "0.1"
      },
      {
        "name": "penalty",
        "val": "l2"
      }
    ]
  },
  "resumed": false,
  "timeOrderingEnabled": false,
  "sampleWeightsEnabled": false,
  "modelId": "m1",
  "progress": {
    "top_level_todo": [],
    "stack": [],
    "top_level_done": [
      {
        "name": "Loading train set",
        "time": 83
      },
      {
        "name": "Loading test set",
        "time": 23
      },
      {
        "name": "Collecting statistics",
        "time": 15
      },
      {
        "name": "Preprocessing train set",
        "time": 52
      },
      {
        "name": "Preprocessing test set",
        "time": 18
      },
      {
        "name": "Hyperparameter searching",
        "time": 2021
      },
      {
        "name": "Fitting model",
        "time": 36
      },
      {
        "name": "Saving model",
        "time": 3
      },
      {
        "name": "Scoring model",
        "time": 1075
      }
    ]
  },
  "startTime": 1640290195422,
  "endTime": 1640290199013,
  "preprocessingTime": 193,
  "trainingTime": 3398,
  "hyperparamsSearchTime": 2021
}