{
  "dashboardAuthorizations": {
    "allAuthorized": false,
    "authorizations": []
  },
  "exposedObjects": {
    "objects": []
  },
  "projectType": "REGULAR",
  "projectAppType": "REGULAR",
  "owner": "michael",
  "permissions": [],
  "additionalDashboardUsers": {
    "users": []
  },
  "tutorialProject": false,
  "settings": {
    "flowAnchorSourcesAndSinks": true,
    "flowDisplaySettings": {
      "zonesGraphRenderingAlgorithm": "DOT_OLDRANK",
      "zonesGraphConnectZones": true
    },
    "gitCommitMode": "AUTO",
    "disableAutomaticTriggers": false,
    "integrations": {
      "integrations": []
    },
    "flowBuildSettings": {
      "mergeSparkPipelines": false,
      "pruneBeforeSparkPipelines": true,
      "mergeSqlPipelines": false,
      "pruneBeforeSqlPipelines": true
    },
    "limitsSettings": {
      "memSampleBytes": {
        "soft": -1,
        "hard": -1
      },
      "shakerMemTableBytes": {
        "soft": -1,
        "hard": -1
      },
      "attachmentBytes": {
        "soft": -1,
        "hard": -1
      }
    },
    "relocationSettings": {
      "sqlLikeRecipesInitializationMode": "RESOLVED_TABLE_REFERENCES"
    },
    "recipeEnginesPreferences": {
      "forbiddenEngines": [],
      "enginesPreferenceOrder": [],
      "forbiddenByRecipeType": {},
      "preferenceByRecipeType": {}
    },
    "codeEnvs": {
      "python": {
        "mode": "INHERIT",
        "preventOverride": false
      },
      "r": {
        "mode": "INHERIT",
        "preventOverride": false
      },
      "julia": {
        "mode": "INHERIT",
        "preventOverride": false
      }
    },
    "container": {
      "containerMode": "INHERIT"
    },
    "datasetsCreationSettings": {
      "useGlobal": true,
      "preferedStorageFormats": "CSV_ESCAPING_NOGZIP_FORHIVE,CSV_EXCEL_GZIP,PARQUET_HIVE",
      "virtualizable": false,
      "allowUploadsWithoutConnection": true
    },
    "hiveEngineCreationSettings": {
      "useGlobal": true,
      "executionEngine": "HIVECLI_LOCAL"
    },
    "sparkEngineCreationSettings": {
      "useGlobal": true,
      "executionEngine": "SPARK_SUBMIT",
      "useGlobalMetastore": false
    },
    "impalaEngineCreationSettings": {
      "useGlobal": true,
      "streamMode": true
    },
    "wikiSettings": {
      "promoted": false
    },
    "cluster": {
      "clusterMode": "INHERIT"
    },
    "k8sCluster": {
      "clusterMode": "INHERIT"
    },
    "virtualWebAppBackendSettings": {
      "mode": "INHERIT",
      "preventOverride": false,
      "infra": {
        "containerSelection": {
          "containerMode": "INHERIT"
        },
        "overrideGlobalK8sExposition": false,
        "exposition": {
          "type": "local_process",
          "params": {}
        },
        "scaling": {
          "initialReplicas": 1,
          "hpa": false,
          "hpaTargetCPUPercent": 0,
          "hpaMetrics": [],
          "hpaMinPods": 0,
          "hpaMaxPods": 0,
          "hpaAnnotations": []
        },
        "deploymentModifier": {}
      }
    }
  },
  "name": "Michael Conundrum 1",
  "imgPattern": 2,
  "showInitials": false,
  "metrics": {
    "probes": [],
    "engineConfig": {
      "padRunsWithMetrics": false,
      "hive": {
        "active": true,
        "extraConf": []
      },
      "basic": {},
      "dss": {
        "active": true,
        "selection": {
          "useMemTable": false,
          "filter": {
            "distinct": false,
            "enabled": false
          },
          "partitionSelectionMethod": "ALL",
          "latestPartitionsN": 1,
          "ordering": {
            "enabled": false,
            "rules": []
          },
          "samplingMethod": "FULL",
          "maxRecords": -1,
          "targetRatio": 0.02,
          "withinFirstN": -1,
          "maxReadUncompressedBytes": -1
        }
      },
      "sql": {
        "active": true
      },
      "impala": {
        "active": true
      },
      "spark": {
        "active": true,
        "extraConf": []
      },
      "python": {}
    },
    "displayedState": {
      "columns": [],
      "metrics": []
    }
  },
  "metricsChecks": {
    "runOnBuild": false,
    "checks": [],
    "displayedState": {
      "checks": []
    }
  },
  "versionTag": {
    "versionNumber": 56,
    "lastModifiedBy": {
      "login": "michael"
    },
    "lastModifiedOn": 1642556480337
  },
  "creationTag": {
    "versionNumber": 0,
    "lastModifiedBy": {
      "login": "michael"
    },
    "lastModifiedOn": 1640271157783
  },
  "description": "# Conundrum 1: Law and Order Modeling\n[Go to Conundrum](https://community.dataiku.com/t5/Community-Conundrums/Conundrum-1-Law-and-Order-Modeling/m-p/5492#U5492)\n\n### Problem Statement\nWelcome to our first Community Conundrum! Get ready to put your deerstalkers on and dive into the world of crime! Below you will find a dataset containing crime data relating to March 2019 in Hampshire, UK. This data includes a few things including the type of crime, location where it took place etc. \n\nCan you use this data to build a model that predicts if the accused received any form of punishment? \n\nFor the sake of clarity we count the following, and only the following, outcomes as punishment - you may spot a certain common word to make filtering your data easier! \n\n* Offender given a caution\n* Offender given community sentence\n* Offender fined\n* Offender given conditional discharge\n* Offender sent to prison\n* Offender given suspended prison sentence\n* Offender ordered to pay compensation \n* Offender deprived of property\n* Offender given a drugs possession warning\n\nYou can find the data attached. Now go ahead and get modeling!\n\n## Plugins to Install\n1. None\n\n## Code Environments\n1. Reference the code_encivornment.txt file for more details on which python packages you will need installed\n\n## Solution Results\n* Best Model: Logistic Regression\n* Best Model ROC: 0.719\n* Best Model Accuracy: 96.2%\n\n## Solution Details: by Zone in Project\n#### Import Data\n1. **2019_03_hampshire_street:** Imported CSV data from the conundrum. No unique import options used. [Get Data](https://community.dataiku.com/t5/Community-Conundrums/Conundrum-1-Law-and-Order-Modeling/m-p/5492#U5492)\n\n#### Data Understanding\n1. EDA Analysis: This folder is the output of the python code. It contains the .html file for the pandas profiling report which can be seen in the jupyter notebook of the code recipe. This details distributions, interactions, and more descibing the \"prepared\" dataset.\n\n#### Data Preparation\n1. **prepared:** Using a prepare recipe I cleaned the data for the following:\n  * Removed Rows: Where Crime ID was null. These rows did not have sufficient values to perform inference from\n  * Removed Columns: Removed the following columns: Reported by, LSOA code, Month, Falls within. As they were not helpful for inference or were incomplete.\n  * Feature Generation: Created new columns to help with inference by reducing cardinality of fields\n      * Crime Category: Used a python processor, to group Crime Type into one of four categories crimes against property, crimes against person, crimes against morality, and other\n      * Punishment: Used the formula processor to define which crimes were punished and which were not\n      * Created GeoPoint: Merged latitude and longitude into a geopoint which can be used for visualizations of geographic data.\n2. **prepared_python:** Prepared additional features to use in the labs environment for predicting punishment of a crime:\n   * Ran a python script to find the number of historical crimes/punishment within a 10km radius for each crime. For each geography we then get the percent chance of a crime being punished within 10km area. The idea is to leverage historical geographic crime propensity to predict outcome in future proceedings. Perhaps certain judges or certain communities punish more readily than others.\n   * Ran variations of each model/data in the lab \"Punishment Prediction\"\n   * The best result returned was 96.2% accuracy with an ROC of 0.719 using logistic regression\n\n** I have added comments throughout the project flow to help you understand what steps I accomplished in more detail\n",
  "shortDesc": "Predict if an accused recieved a punishment",
  "tags": [
    "Learning:Conundrum"
  ],
  "customFields": {},
  "checklists": {
    "checklists": [
      {
        "title": "Business Understanding",
        "createdOn": 0,
        "items": [
          {
            "done": true,
            "text": "Import  [first dataset](projects/MICHAELCONUNDRUM1/datasets/2019_03_hampshire_street/explore/)",
            "createdOn": 1640271157784,
            "createdBy": "michael",
            "stateChangedOn": 0
          },
          {
            "done": false,
            "text": "Type business understanding in [wiki](projects/MICHAELCONUNDRUM1/wiki/1/Project%20Summary)",
            "createdOn": 1640282412882,
            "createdBy": "michael",
            "stateChangedOn": 0
          },
          {
            "done": true,
            "text": "Type problem statement in project wiki",
            "createdOn": 1640282537471,
            "createdBy": "michael",
            "stateChangedOn": 0
          }
        ]
      },
      {
        "id": "b39261",
        "title": "Data Preparation",
        "createdOn": 0,
        "items": [
          {
            "done": true,
            "text": "Remove unneeded fields (Crime ID, Context, LSOA Code)",
            "createdOn": 1640282694551,
            "createdBy": "michael",
            "stateChangedOn": 0
          },
          {
            "done": true,
            "text": "Remove unhelpful fields (Reported by, Falls within)",
            "createdOn": 1640282722437,
            "createdBy": "michael",
            "stateChangedOn": 0
          },
          {
            "done": true,
            "text": "Parse dates",
            "createdOn": 1640282736365,
            "createdBy": "michael",
            "stateChangedOn": 0
          },
          {
            "done": true,
            "text": "Create crime category",
            "createdOn": 1640282760285,
            "createdBy": "michael",
            "stateChangedOn": 0
          },
          {
            "done": true,
            "text": "Create target variable; punishment",
            "createdOn": 1640282779616,
            "createdBy": "michael",
            "stateChangedOn": 0
          },
          {
            "done": true,
            "text": "Documented steps in comments",
            "createdOn": 1640282797511,
            "createdBy": "michael",
            "stateChangedOn": 0
          }
        ]
      },
      {
        "id": "98e8",
        "title": "Modeling",
        "createdOn": 0,
        "items": [
          {
            "done": true,
            "text": "Run model on post python script",
            "createdOn": 1642554807385,
            "createdBy": "michael",
            "stateChangedOn": 0
          }
        ]
      },
      {
        "id": "135cc3",
        "title": "Evaluation",
        "createdOn": 0,
        "items": []
      },
      {
        "id": "c0c474",
        "title": "Deployment",
        "createdOn": 0,
        "items": []
      },
      {
        "id": "c31e94",
        "title": "Enable",
        "createdOn": 0,
        "items": []
      }
    ]
  }
}