{
    "startedAt": 1640288121484,
    "gridSize": 5,
    "nThreads": 4,
    "nSplits": 5,
    "metric": "ROC_AUC",
    "timeout": null,
    "gridPoints": [
        {
            "finishedAt": 1640288121675,
            "score": 0.6742094722653932,
            "testScoreGibMean": 0.6742094722653932,
            "testScoreMean": 0.6742094722653932,
            "testScoreStd": 0.020319450874123526,
            "trainScoreMean": 0.6926405015134376,
            "trainScoreStd": 0.005430688370344438,
            "time": 614,
            "fitTimeMean": 41.6,
            "fitTimeStd": 17.928747864811978,
            "scoreTimeMean": 81.2,
            "scoreTimeStd": 29.471342012198903,
            "best_iteration": null,
            "parameters": {
                "C": 0.1,
                "penalty": "l2"
            }
        },
        {
            "finishedAt": 1640288121817,
            "score": 0.6683300022509712,
            "testScoreGibMean": 0.6683300022509712,
            "testScoreMean": 0.6683300022509712,
            "testScoreStd": 0.021105463050771968,
            "trainScoreMean": 0.6879869004487691,
            "trainScoreStd": 0.004346677140101365,
            "time": 480,
            "fitTimeMean": 23.8,
            "fitTimeStd": 3.1874754901018454,
            "scoreTimeMean": 72.2,
            "scoreTimeStd": 26.45297714813968,
            "best_iteration": null,
            "parameters": {
                "C": 0.01,
                "penalty": "l2"
            }
        },
        {
            "finishedAt": 1640288122015,
            "score": 0.6741903193942728,
            "testScoreGibMean": 0.6741903193942728,
            "testScoreMean": 0.6741903193942728,
            "testScoreStd": 0.019962037881574076,
            "trainScoreMean": 0.6936710210990276,
            "trainScoreStd": 0.005126428635747008,
            "time": 590,
            "fitTimeMean": 41.6,
            "fitTimeStd": 11.943198901466893,
            "scoreTimeMean": 76.4,
            "scoreTimeStd": 19.7038067388005,
            "best_iteration": null,
            "parameters": {
                "C": 10.0,
                "penalty": "l2"
            }
        },
        {
            "finishedAt": 1640288122203,
            "score": 0.6741907545271498,
            "testScoreGibMean": 0.6741907545271498,
            "testScoreMean": 0.6741907545271498,
            "testScoreStd": 0.020350684511130285,
            "trainScoreMean": 0.6933826055007112,
            "trainScoreStd": 0.005170735936079964,
            "time": 662,
            "fitTimeMean": 42.2,
            "fitTimeStd": 6.554387843269575,
            "scoreTimeMean": 90.2,
            "scoreTimeStd": 28.847183571364464,
            "best_iteration": null,
            "parameters": {
                "C": 1.0,
                "penalty": "l2"
            }
        },
        {
            "finishedAt": 1640288122397,
            "score": 0.6741487499848371,
            "testScoreGibMean": 0.6741487499848371,
            "testScoreMean": 0.6741487499848371,
            "testScoreStd": 0.020020931335936118,
            "trainScoreMean": 0.693740493706425,
            "trainScoreStd": 0.005248263470140312,
            "time": 843,
            "fitTimeMean": 98.8,
            "fitTimeStd": 20.5367962447895,
            "scoreTimeMean": 69.8,
            "scoreTimeStd": 18.81913919391639,
            "best_iteration": null,
            "parameters": {
                "C": 100.0,
                "penalty": "l2"
            }
        }
    ]
}