[
    {
        "test_score_gib": 0.677318728758201,
        "train_score": 0.6928230823010595,
        "test_score": 0.677318728758201,
        "num_samples": 2046,
        "fit_time": 25,
        "score_time": 107,
        "time": 132,
        "parameters": {
            "C": 0.1,
            "penalty": "l2"
        },
        "best_iteration": null,
        "done_at": 1640288121617,
        "split_id": 0
    },
    {
        "test_score_gib": 0.6810487650171828,
        "train_score": 0.6924295932452539,
        "test_score": 0.6810487650171828,
        "num_samples": 2046,
        "fit_time": 27,
        "score_time": 36,
        "time": 63,
        "parameters": {
            "C": 0.1,
            "penalty": "l2"
        },
        "best_iteration": null,
        "done_at": 1640288121552,
        "split_id": 1
    },
    {
        "test_score_gib": 0.6350875198908843,
        "train_score": 0.7016929557268328,
        "test_score": 0.6350875198908843,
        "num_samples": 2045,
        "fit_time": 75,
        "score_time": 110,
        "time": 185,
        "parameters": {
            "C": 0.1,
            "penalty": "l2"
        },
        "best_iteration": null,
        "done_at": 1640288121675,
        "split_id": 2
    },
    {
        "test_score_gib": 0.6837108047574916,
        "train_score": 0.6916413446157689,
        "test_score": 0.6837108047574916,
        "num_samples": 2044,
        "fit_time": 40,
        "score_time": 96,
        "time": 136,
        "parameters": {
            "C": 0.1,
            "penalty": "l2"
        },
        "best_iteration": null,
        "done_at": 1640288121633,
        "split_id": 3
    },
    {
        "test_score_gib": 0.6938909484090207,
        "train_score": 0.6846111306023179,
        "test_score": 0.6938909484090207,
        "num_samples": 2044,
        "fit_time": 41,
        "score_time": 57,
        "time": 98,
        "parameters": {
            "C": 0.1,
            "penalty": "l2"
        },
        "best_iteration": null,
        "done_at": 1640288121664,
        "split_id": 4
    },
    {
        "test_score_gib": 0.6715722008160638,
        "train_score": 0.687007092961416,
        "test_score": 0.6715722008160638,
        "num_samples": 2046,
        "fit_time": 27,
        "score_time": 119,
        "time": 146,
        "parameters": {
            "C": 0.01,
            "penalty": "l2"
        },
        "best_iteration": null,
        "done_at": 1640288121769,
        "split_id": 0
    },
    {
        "test_score_gib": 0.6567372596540723,
        "train_score": 0.6851274880638666,
        "test_score": 0.6567372596540723,
        "num_samples": 2046,
        "fit_time": 25,
        "score_time": 44,
        "time": 69,
        "parameters": {
            "C": 0.01,
            "penalty": "l2"
        },
        "best_iteration": null,
        "done_at": 1640288121720,
        "split_id": 1
    },
    {
        "test_score_gib": 0.634576040009093,
        "train_score": 0.6965343251478759,
        "test_score": 0.634576040009093,
        "num_samples": 2045,
        "fit_time": 23,
        "score_time": 81,
        "time": 104,
        "parameters": {
            "C": 0.01,
            "penalty": "l2"
        },
        "best_iteration": null,
        "done_at": 1640288121771,
        "split_id": 2
    },
    {
        "test_score_gib": 0.6841066187828235,
        "train_score": 0.6864036939470883,
        "test_score": 0.6841066187828235,
        "num_samples": 2044,
        "fit_time": 26,
        "score_time": 53,
        "time": 79,
        "parameters": {
            "C": 0.01,
            "penalty": "l2"
        },
        "best_iteration": null,
        "done_at": 1640288121792,
        "split_id": 3
    },
    {
        "test_score_gib": 0.6946825764596849,
        "train_score": 0.6848614769841883,
        "test_score": 0.6946825764596849,
        "num_samples": 2044,
        "fit_time": 18,
        "score_time": 64,
        "time": 82,
        "parameters": {
            "C": 0.01,
            "penalty": "l2"
        },
        "best_iteration": null,
        "done_at": 1640288121817,
        "split_id": 4
    },
    {
        "test_score_gib": 0.6730774692556021,
        "train_score": 0.6939476782054269,
        "test_score": 0.6730774692556021,
        "num_samples": 2046,
        "fit_time": 26,
        "score_time": 89,
        "time": 115,
        "parameters": {
            "C": 10.0,
            "penalty": "l2"
        },
        "best_iteration": null,
        "done_at": 1640288121890,
        "split_id": 0
    },
    {
        "test_score_gib": 0.6838510257599713,
        "train_score": 0.6932566074491033,
        "test_score": 0.6838510257599713,
        "num_samples": 2046,
        "fit_time": 40,
        "score_time": 74,
        "time": 114,
        "parameters": {
            "C": 10.0,
            "penalty": "l2"
        },
        "best_iteration": null,
        "done_at": 1640288121906,
        "split_id": 1
    },
    {
        "test_score_gib": 0.636489353640979,
        "train_score": 0.7019241799605664,
        "test_score": 0.636489353640979,
        "num_samples": 2045,
        "fit_time": 33,
        "score_time": 74,
        "time": 107,
        "parameters": {
            "C": 10.0,
            "penalty": "l2"
        },
        "best_iteration": null,
        "done_at": 1640288121910,
        "split_id": 2
    },
    {
        "test_score_gib": 0.6837011507568737,
        "train_score": 0.6934912913948634,
        "test_score": 0.6837011507568737,
        "num_samples": 2044,
        "fit_time": 49,
        "score_time": 102,
        "time": 151,
        "parameters": {
            "C": 10.0,
            "penalty": "l2"
        },
        "best_iteration": null,
        "done_at": 1640288122015,
        "split_id": 3
    },
    {
        "test_score_gib": 0.6938426784059314,
        "train_score": 0.6857314455273626,
        "test_score": 0.6938426784059314,
        "num_samples": 2044,
        "fit_time": 60,
        "score_time": 43,
        "time": 103,
        "parameters": {
            "C": 10.0,
            "penalty": "l2"
        },
        "best_iteration": null,
        "done_at": 1640288121998,
        "split_id": 4
    },
    {
        "test_score_gib": 0.6734750873339708,
        "train_score": 0.6937463026370042,
        "test_score": 0.6734750873339708,
        "num_samples": 2046,
        "fit_time": 43,
        "score_time": 48,
        "time": 91,
        "parameters": {
            "C": 1.0,
            "penalty": "l2"
        },
        "best_iteration": null,
        "done_at": 1640288122003,
        "split_id": 0
    },
    {
        "test_score_gib": 0.6830557896032339,
        "train_score": 0.6930863046686864,
        "test_score": 0.6830557896032339,
        "num_samples": 2046,
        "fit_time": 35,
        "score_time": 76,
        "time": 111,
        "parameters": {
            "C": 1.0,
            "penalty": "l2"
        },
        "best_iteration": null,
        "done_at": 1640288122057,
        "split_id": 1
    },
    {
        "test_score_gib": 0.6357410775176178,
        "train_score": 0.7017383641034832,
        "test_score": 0.6357410775176178,
        "num_samples": 2045,
        "fit_time": 35,
        "score_time": 131,
        "time": 166,
        "parameters": {
            "C": 1.0,
            "penalty": "l2"
        },
        "best_iteration": null,
        "done_at": 1640288122169,
        "split_id": 2
    },
    {
        "test_score_gib": 0.684145234785295,
        "train_score": 0.6929216195805361,
        "test_score": 0.684145234785295,
        "num_samples": 2044,
        "fit_time": 52,
        "score_time": 112,
        "time": 164,
        "parameters": {
            "C": 1.0,
            "penalty": "l2"
        },
        "best_iteration": null,
        "done_at": 1640288122203,
        "split_id": 3
    },
    {
        "test_score_gib": 0.694547420451035,
        "train_score": 0.6854162826238204,
        "test_score": 0.694547420451035,
        "num_samples": 2044,
        "fit_time": 46,
        "score_time": 84,
        "time": 130,
        "parameters": {
            "C": 1.0,
            "penalty": "l2"
        },
        "best_iteration": null,
        "done_at": 1640288122188,
        "split_id": 4
    },
    {
        "test_score_gib": 0.672982798284562,
        "train_score": 0.6939076421131887,
        "test_score": 0.672982798284562,
        "num_samples": 2046,
        "fit_time": 101,
        "score_time": 103,
        "time": 204,
        "parameters": {
            "C": 100.0,
            "penalty": "l2"
        },
        "best_iteration": null,
        "done_at": 1640288122273,
        "split_id": 0
    },
    {
        "test_score_gib": 0.6838415586628672,
        "train_score": 0.6932339004117144,
        "test_score": 0.6838415586628672,
        "num_samples": 2046,
        "fit_time": 107,
        "score_time": 74,
        "time": 181,
        "parameters": {
            "C": 100.0,
            "penalty": "l2"
        },
        "best_iteration": null,
        "done_at": 1640288122365,
        "split_id": 1
    },
    {
        "test_score_gib": 0.6363567477456997,
        "train_score": 0.7022713150504869,
        "test_score": 0.6363567477456997,
        "num_samples": 2045,
        "fit_time": 105,
        "score_time": 47,
        "time": 152,
        "parameters": {
            "C": 100.0,
            "penalty": "l2"
        },
        "best_iteration": null,
        "done_at": 1640288122342,
        "split_id": 2
    },
    {
        "test_score_gib": 0.6836721887550201,
        "train_score": 0.6935870295599018,
        "test_score": 0.6836721887550201,
        "num_samples": 2044,
        "fit_time": 121,
        "score_time": 66,
        "time": 187,
        "parameters": {
            "C": 100.0,
            "penalty": "l2"
        },
        "best_iteration": null,
        "done_at": 1640288122397,
        "split_id": 3
    },
    {
        "test_score_gib": 0.6939006024096386,
        "train_score": 0.6856987399430328,
        "test_score": 0.6939006024096386,
        "num_samples": 2044,
        "fit_time": 60,
        "score_time": 59,
        "time": 119,
        "parameters": {
            "C": 100.0,
            "penalty": "l2"
        },
        "best_iteration": null,
        "done_at": 1640288122393,
        "split_id": 4
    }
]