{
    "details": {
        "Crime Category": {
            "levels": [
                "Crimes Against Property",
                "Crimes Against Person",
                "Crimes Against Morality",
                "Other"
            ],
            "with_others": true
        },
        "Crime type": {
            "levels": [
                "Violence and sexual offences",
                "Criminal damage and arson",
                "Public order",
                "Shoplifting",
                "Other theft",
                "Burglary",
                "Vehicle crime",
                "Drugs",
                "Bicycle theft",
                "Other crime",
                "Possession of weapons",
                "Robbery",
                "Theft from the person"
            ],
            "with_others": true
        }
    }
}