{
    "metrics": {},
    "processed_feature_names": [
        "Latitude",
        "Longitude",
        "dummy:Crime Category:Crimes Against Property",
        "dummy:Crime Category:Crimes Against Person",
        "dummy:Crime Category:Crimes Against Morality",
        "dummy:Crime Category:Other",
        "dummy:Crime Category:N/A",
        "dummy:Crime Category:__Others__",
        "dummy:Crime type:Violence and sexual offences",
        "dummy:Crime type:Criminal damage and arson",
        "dummy:Crime type:Public order",
        "dummy:Crime type:Shoplifting",
        "dummy:Crime type:Other theft",
        "dummy:Crime type:Vehicle crime",
        "dummy:Crime type:Burglary",
        "dummy:Crime type:Drugs",
        "dummy:Crime type:Bicycle theft",
        "dummy:Crime type:Other crime",
        "dummy:Crime type:Possession of weapons",
        "dummy:Crime type:Robbery",
        "dummy:Crime type:Theft from the person",
        "dummy:Crime type:N/A",
        "dummy:Crime type:__Others__"
    ],
    "tiMetrics": {
        "auc": 0.7333733013589128,
        "logLoss": 0.5548934788706276,
        "lift": 1.8091018143649722,
        "calibrationLoss": 0.38340883728523956
    },
    "probaPercentiles": [
        0.1140324171562072,
        0.1258572173328983,
        0.13555637585277988,
        0.13672939672165213,
        0.13876169747733372,
        0.14035671031768077,
        0.14284211981911188,
        0.14802577684190474,
        0.14967278160523378,
        0.16096030454474916,
        0.16945517636245433,
        0.17376865701637467,
        0.17928803717870528,
        0.18896569175024192,
        0.1946654649984751,
        0.19962958230487154,
        0.21198599876796898,
        0.2180190766937127,
        0.22500351210323277,
        0.23987062592002492,
        0.25974899780464394,
        0.2891402124159568,
        0.3095615643533322,
        0.3165917472864553,
        0.32865552359278516,
        0.3461028374849502,
        0.366831440138928,
        0.37486594349711244,
        0.38718382511743843,
        0.3946560290637225,
        0.40189075945746744,
        0.40499892437148616,
        0.41056292418773527,
        0.4152698532464973,
        0.42039348214952477,
        0.42871862525050325,
        0.4362549455144218,
        0.44035976882257377,
        0.44087953044435124,
        0.4427834762703845,
        0.4448109765663866,
        0.44606200634476323,
        0.4478701458093998,
        0.44860724845183764,
        0.4506306976975849,
        0.45136852574000064,
        0.4536012800119957,
        0.45379520856628974,
        0.4551867989367217,
        0.4562445856618701,
        0.45812142694723323,
        0.45900606745654504,
        0.4597858389648614,
        0.4603747709949022,
        0.46115937899222836,
        0.46152936359016655,
        0.46202723623389813,
        0.4628274217295755,
        0.46479150913366624,
        0.4655825987513621,
        0.4665533948250792,
        0.4690156684466265,
        0.4705561460109483,
        0.4726732297170825,
        0.47382931558043573,
        0.47495540696383365,
        0.4758769219193806,
        0.4772763227593646,
        0.47907601533618493,
        0.48091174090696126,
        0.48150424578100504,
        0.4834889987035113,
        0.48481055033613407,
        0.48591757432920785,
        0.4872563262353832,
        0.4882497246482375,
        0.4904696439543024,
        0.4910008767901224,
        0.4926142992768543,
        0.49390960155557295,
        0.49510908599978726,
        0.4958880197955742,
        0.49852015616514245,
        0.5007364098614117,
        0.50373207984568,
        0.5058781736899995,
        0.5097367459870671,
        0.5146889701649107,
        0.5177092272070497,
        0.5287176131524498,
        0.5381902381451964,
        0.5485545180201511,
        0.5644074232789439,
        0.5748899947160873,
        0.5977675354761324,
        0.6165704556179765,
        0.6469797888337041,
        0.7016375459999231,
        0.8066839791914548
    ],
    "perCutData": {
        "cut": [
            0,
            0.025,
            0.05,
            0.075,
            0.1,
            0.125,
            0.15,
            0.175,
            0.2,
            0.225,
            0.25,
            0.275,
            0.3,
            0.325,
            0.35,
            0.375,
            0.4,
            0.425,
            0.45,
            0.475,
            0.5,
            0.525,
            0.55,
            0.575,
            0.6,
            0.625,
            0.65,
            0.675,
            0.7,
            0.725,
            0.75,
            0.775,
            0.8,
            0.825,
            0.85,
            0.875,
            0.9,
            0.925,
            0.95,
            0.975
        ],
        "tp": [
            65,
            65,
            65,
            65,
            65,
            65,
            65,
            65,
            65,
            65,
            65,
            65,
            65,
            64,
            63,
            62,
            61,
            59,
            56,
            44,
            29,
            17,
            17,
            17,
            15,
            11,
            9,
            7,
            6,
            3,
            3,
            2,
            1,
            1,
            0,
            0,
            0,
            0,
            0,
            0
        ],
        "tn": [
            0,
            0,
            0,
            0,
            16,
            48,
            234,
            314,
            413,
            488,
            525,
            554,
            575,
            634,
            673,
            718,
            781,
            910,
            1139,
            1674,
            2109,
            2247,
            2315,
            2366,
            2392,
            2423,
            2435,
            2451,
            2455,
            2457,
            2462,
            2469,
            2472,
            2495,
            2502,
            2502,
            2502,
            2502,
            2502,
            2502
        ],
        "fp": [
            2502,
            2502,
            2502,
            2502,
            2486,
            2454,
            2268,
            2188,
            2089,
            2014,
            1977,
            1948,
            1927,
            1868,
            1829,
            1784,
            1721,
            1592,
            1363,
            828,
            393,
            255,
            187,
            136,
            110,
            79,
            67,
            51,
            47,
            45,
            40,
            33,
            30,
            7,
            0,
            0,
            0,
            0,
            0,
            0
        ],
        "fn": [
            0,
            0,
            0,
            0,
            0,
            0,
            0,
            0,
            0,
            0,
            0,
            0,
            0,
            1,
            2,
            3,
            4,
            6,
            9,
            21,
            36,
            48,
            48,
            48,
            50,
            54,
            56,
            58,
            59,
            62,
            62,
            63,
            64,
            64,
            65,
            65,
            65,
            65,
            65,
            65
        ],
        "precision": [
            0.025321386832878847,
            0.025321386832878847,
            0.025321386832878847,
            0.025321386832878847,
            0.025480203841630734,
            0.025803890432711394,
            0.02786112301757394,
            0.02885042166000888,
            0.030176415970287838,
            0.031265031265031266,
            0.031831537708129284,
            0.03229011425732737,
            0.03263052208835342,
            0.033126293995859216,
            0.033298097251585626,
            0.03358613217768147,
            0.03423120089786756,
            0.03573591762568141,
            0.03946441155743481,
            0.05045871559633028,
            0.06872037914691943,
            0.0625,
            0.08333333333333333,
            0.1111111111111111,
            0.12,
            0.12222222222222222,
            0.11842105263157894,
            0.1206896551724138,
            0.11320754716981132,
            0.0625,
            0.06976744186046512,
            0.05714285714285714,
            0.03225806451612903,
            0.125,
            1.0,
            1.0,
            1.0,
            1.0,
            1.0,
            1.0
        ],
        "recall": [
            1.0,
            1.0,
            1.0,
            1.0,
            1.0,
            1.0,
            1.0,
            1.0,
            1.0,
            1.0,
            1.0,
            1.0,
            1.0,
            0.9846153846153847,
            0.9692307692307692,
            0.9538461538461539,
            0.9384615384615385,
            0.9076923076923077,
            0.8615384615384616,
            0.676923076923077,
            0.4461538461538462,
            0.26153846153846155,
            0.26153846153846155,
            0.26153846153846155,
            0.23076923076923078,
            0.16923076923076924,
            0.13846153846153847,
            0.1076923076923077,
            0.09230769230769231,
            0.046153846153846156,
            0.046153846153846156,
            0.03076923076923077,
            0.015384615384615385,
            0.015384615384615385,
            0.0,
            0.0,
            0.0,
            0.0,
            0.0,
            0.0
        ],
        "accuracy": [
            0.025321386832878847,
            0.025321386832878847,
            0.025321386832878847,
            0.025321386832878847,
            0.031554343591741335,
            0.044020257109466304,
            0.1164783794312427,
            0.14764316322555512,
            0.18620958317101674,
            0.21542656797818466,
            0.22984028048305416,
            0.2411375146084924,
            0.2493182703544994,
            0.2719127386053759,
            0.28671601090767435,
            0.30385664199454615,
            0.3280093494351383,
            0.37748344370860926,
            0.46552395792754186,
            0.6692637319828594,
            0.8328788469029996,
            0.8819633813790417,
            0.9084534476042072,
            0.9283209972730814,
            0.9376704324113752,
            0.9481885469419556,
            0.9520841449162446,
            0.9575379820802493,
            0.958706661472536,
            0.9583171016751071,
            0.9602649006622517,
            0.9626022594468251,
            0.9633813790416829,
            0.9723412543825477,
            0.9746786131671211,
            0.9746786131671211,
            0.9746786131671211,
            0.9746786131671211,
            0.9746786131671211,
            0.9746786131671211
        ],
        "f1": [
            0.0493920972644377,
            0.0493920972644377,
            0.0493920972644377,
            0.0493920972644377,
            0.04969418960244649,
            0.05030959752321982,
            0.054211843202668884,
            0.056082830025884385,
            0.058584948174853546,
            0.06063432835820896,
            0.06169909824394874,
            0.06256015399422521,
            0.0631988332523092,
            0.0640961442163245,
            0.06438426162493613,
            0.06488749345892203,
            0.06605305901461829,
            0.06876456876456877,
            0.07547169811320754,
            0.09391675560298826,
            0.11909650924024641,
            0.10089020771513353,
            0.12639405204460966,
            0.1559633027522936,
            0.15789473684210525,
            0.14193548387096774,
            0.12765957446808512,
            0.11382113821138211,
            0.1016949152542373,
            0.05309734513274336,
            0.05555555555555556,
            0.04,
            0.020833333333333332,
            0.027397260273972605,
            0.0,
            0.0,
            0.0,
            0.0,
            0.0,
            0.0
        ],
        "mcc": [
            0.0,
            0.0,
            0.0,
            0.0,
            0.012764910897701388,
            0.022249464384019632,
            0.05104621965642462,
            0.06017238891208496,
            0.0705773263243846,
            0.0780900483954734,
            0.0817268590801767,
            0.08455630966297363,
            0.08659688714746265,
            0.08665826260378023,
            0.08500765642479766,
            0.08417889686861273,
            0.08545022294878091,
            0.08900021296833047,
            0.10008940141748193,
            0.11476727078396207,
            0.12253150296854431,
            0.0814726477428982,
            0.10849911564619377,
            0.1374794836206525,
            0.13635140023886821,
            0.11757400449761217,
            0.10351268933864022,
            0.09229817221319868,
            0.08122717081051915,
            0.0326682039561519,
            0.03692736420783863,
            0.023814855543735913,
            0.004881837006440275,
            0.03547622292295017,
            0.0,
            0.0,
            0.0,
            0.0,
            0.0,
            0.0
        ],
        "hammingLoss": [
            0.9746786131671211,
            0.9746786131671211,
            0.9746786131671211,
            0.9746786131671211,
            0.9684456564082586,
            0.9559797428905337,
            0.8835216205687573,
            0.8523568367744448,
            0.8137904168289832,
            0.7845734320218154,
            0.7701597195169458,
            0.7588624853915076,
            0.7506817296455006,
            0.7280872613946241,
            0.7132839890923257,
            0.6961433580054538,
            0.6719906505648617,
            0.6225165562913907,
            0.5344760420724581,
            0.3307362680171406,
            0.1671211530970004,
            0.11803661862095832,
            0.09154655239579275,
            0.07167900272691859,
            0.06232956758862485,
            0.05181145305804441,
            0.04791585508375536,
            0.04246201791975068,
            0.04129333852746397,
            0.04168289832489287,
            0.039735099337748346,
            0.037397740553174914,
            0.036618620958317104,
            0.02765874561745228,
            0.025321386832878847,
            0.025321386832878847,
            0.025321386832878847,
            0.025321386832878847,
            0.025321386832878847,
            0.025321386832878847
        ],
        "assertionsMetrics": []
    },
    "optimalThreshold": 0.6,
    "usedThreshold": 0.6,
    "rocVizData": [
        [
            {
                "x": 0.0,
                "y": 0.0,
                "p": 1.8430629769692115
            },
            {
                "x": 0.014788169464428458,
                "y": 0.046153846153846156,
                "p": 0.7632779476845438
            },
            {
                "x": 0.019984012789768184,
                "y": 0.09230769230769231,
                "p": 0.6904645317532032
            },
            {
                "x": 0.02597921662669864,
                "y": 0.13846153846153847,
                "p": 0.6538117985228808
            },
            {
                "x": 0.03237410071942446,
                "y": 0.18461538461538463,
                "p": 0.6228651282496834
            },
            {
                "x": 0.037569944044764186,
                "y": 0.23076923076923078,
                "p": 0.6114331139615026
            },
            {
                "x": 0.058353317346123104,
                "y": 0.26153846153846155,
                "p": 0.5713764389315685
            },
            {
                "x": 0.10271782573940848,
                "y": 0.27692307692307694,
                "p": 0.5226130934586921
            },
            {
                "x": 0.11310951239008793,
                "y": 0.3230769230769231,
                "p": 0.5149019097927398
            },
            {
                "x": 0.1334932054356515,
                "y": 0.35384615384615387,
                "p": 0.5061514460856023
            },
            {
                "x": 0.14828137490007995,
                "y": 0.4153846153846154,
                "p": 0.5018327807008266
            },
            {
                "x": 0.16786570743405277,
                "y": 0.4461538461538462,
                "p": 0.49689436798370606
            },
            {
                "x": 0.18345323741007194,
                "y": 0.49230769230769234,
                "p": 0.49510908599978726
            },
            {
                "x": 0.2222222222222222,
                "y": 0.5076923076923077,
                "p": 0.4906796159511323
            },
            {
                "x": 0.25699440447641886,
                "y": 0.5230769230769231,
                "p": 0.4858747054315621
            },
            {
                "x": 0.2653876898481215,
                "y": 0.5692307692307692,
                "p": 0.4844953752392478
            },
            {
                "x": 0.29256594724220625,
                "y": 0.6,
                "p": 0.48091174090696126
            },
            {
                "x": 0.3069544364508393,
                "y": 0.6461538461538462,
                "p": 0.47839254363944705
            },
            {
                "x": 0.33093525179856115,
                "y": 0.676923076923077,
                "p": 0.47525653687897723
            },
            {
                "x": 0.3689048760991207,
                "y": 0.6923076923076923,
                "p": 0.4694884520386439
            },
            {
                "x": 0.3908872901678657,
                "y": 0.7230769230769231,
                "p": 0.4659431724604741
            },
            {
                "x": 0.42326139088729015,
                "y": 0.7538461538461538,
                "p": 0.46202723623389813
            },
            {
                "x": 0.4504396482813749,
                "y": 0.7846153846153846,
                "p": 0.4604475210185641
            },
            {
                "x": 0.4876099120703437,
                "y": 0.8,
                "p": 0.4571517990824535
            },
            {
                "x": 0.5039968025579536,
                "y": 0.8461538461538461,
                "p": 0.45471337975827936
            },
            {
                "x": 0.539568345323741,
                "y": 0.8615384615384616,
                "p": 0.4510346566781046
            },
            {
                "x": 0.5787370103916867,
                "y": 0.8769230769230769,
                "p": 0.44549066149306454
            },
            {
                "x": 0.6155075939248601,
                "y": 0.8923076923076924,
                "p": 0.44035976882257377
            },
            {
                "x": 0.6438848920863309,
                "y": 0.9230769230769231,
                "p": 0.42039348214952477
            },
            {
                "x": 0.6826538768984812,
                "y": 0.9384615384615385,
                "p": 0.4031543606202361
            },
            {
                "x": 0.718625099920064,
                "y": 0.9538461538461539,
                "p": 0.3712635410520835
            },
            {
                "x": 0.7430055955235811,
                "y": 0.9846153846153847,
                "p": 0.33037802699169716
            },
            {
                "x": 0.7777777777777778,
                "y": 1.0,
                "p": 0.276361359394137
            },
            {
                "x": 0.8309352517985612,
                "y": 1.0,
                "p": 0.20178124869378253
            },
            {
                "x": 0.8828936850519584,
                "y": 1.0,
                "p": 0.17056114021804222
            },
            {
                "x": 0.9332533972821743,
                "y": 1.0,
                "p": 0.14175710686869933
            },
            {
                "x": 0.9860111910471623,
                "y": 1.0,
                "p": 0.11667014378836718
            },
            {
                "x": 1.0,
                "y": 1.0,
                "p": 0.08936760733576317
            }
        ]
    ],
    "liftVizData": {
        "bins": [
            {
                "bin_pos_prop": 0.0661478599,
                "bin_lift": 2.6123316372,
                "cum_lift": 0.2615384615,
                "cum_size": 0.1001168679,
                "bin_min": 0.5287176132,
                "bin_max": 0.843062977,
                "percentile_idx": 0
            },
            {
                "bin_pos_prop": 0.05859375,
                "bin_lift": 2.3140024038,
                "cum_lift": 0.4923076923,
                "cum_size": 0.1998441761,
                "bin_min": 0.4939096016,
                "bin_max": 0.5287176132,
                "percentile_idx": 1
            },
            {
                "bin_pos_prop": 0.024,
                "bin_lift": 0.9478153846,
                "cum_lift": 0.5846153846,
                "cum_size": 0.2972341254,
                "bin_min": 0.4809117409,
                "bin_max": 0.4939096016,
                "percentile_idx": 2
            },
            {
                "bin_pos_prop": 0.0342205323,
                "bin_lift": 1.3514477918,
                "cum_lift": 0.7230769231,
                "cum_size": 0.3996883522,
                "bin_min": 0.4655825988,
                "bin_max": 0.4809117409,
                "percentile_idx": 3
            },
            {
                "bin_pos_prop": 0.01953125,
                "bin_lift": 0.7713341346,
                "cum_lift": 0.8,
                "cum_size": 0.4994156603,
                "bin_min": 0.4562445857,
                "bin_max": 0.4655825988,
                "percentile_idx": 4
            },
            {
                "bin_pos_prop": 0.023715415,
                "bin_lift": 0.936576467,
                "cum_lift": 0.8923076923,
                "cum_size": 0.5979742891,
                "bin_min": 0.4427834763,
                "bin_max": 0.4562445857,
                "percentile_idx": 5
            },
            {
                "bin_pos_prop": 0.0114503817,
                "bin_lift": 0.4522019965,
                "cum_lift": 0.9384615385,
                "cum_size": 0.700038956,
                "bin_min": 0.3946560291,
                "bin_max": 0.4427834763,
                "percentile_idx": 6
            },
            {
                "bin_pos_prop": 0.015625,
                "bin_lift": 0.6170673077,
                "cum_lift": 1.0,
                "cum_size": 0.7997662641,
                "bin_min": 0.2398706259,
                "bin_max": 0.3946560291,
                "percentile_idx": 7
            },
            {
                "bin_pos_prop": 0.0,
                "bin_lift": 0.0,
                "cum_lift": 1.0,
                "cum_size": 0.8994935723,
                "bin_min": 0.1609603045,
                "bin_max": 0.2398706259,
                "percentile_idx": 8
            },
            {
                "bin_pos_prop": 0.0,
                "bin_lift": 0.0,
                "cum_lift": 1.0,
                "cum_size": 1.0,
                "bin_min": 0.0893676073,
                "bin_max": 0.1609603045,
                "percentile_idx": 9
            }
        ],
        "wizard": {
            "positives": 65,
            "total": 2567
        }
    },
    "densityData": {
        "0": {
            "correct": [
                7.6294161785685e-08,
                3.651327882142701e-07,
                1.5942415582648993e-06,
                6.353699020684651e-06,
                2.3125426542831525e-05,
                7.690565498462918e-05,
                0.00023379690990101996,
                0.0006500235756796166,
                0.0016535593863545009,
                0.0038503261573334655,
                0.008210162739972986,
                0.016039306622053256,
                0.028723165424018066,
                0.04718249560735898,
                0.07115654941270926,
                0.09864409811102548,
                0.12593000265418997,
                0.14843778463119636,
                0.1621953285374903,
                0.16525430783448916,
                0.15832330861072683,
                0.1442892766300946,
                0.12694897544774147,
                0.10968787885644006,
                0.0947536450855798,
                0.08330357820379401,
                0.07593865869605833,
                0.07326212834869014,
                0.07613181018486911,
                0.08553017790391584,
                0.10218074663884016,
                0.12613835276544788,
                0.15659160349578677,
                0.19203867486750748,
                0.23082093165430603,
                0.27178659943747174,
                0.3147652121603086,
                0.3606734427655321,
                0.41136861206703534,
                0.46961428119831145,
                0.5395834689549633,
                0.6281784629885979,
                0.7470582267071708,
                0.914566044355645,
                1.1559022563119339,
                1.499509935290624,
                1.968525030016778,
                2.5684816064475027,
                3.275313150296589,
                4.029330766796621,
                4.739939662185495,
                5.302378583485732,
                5.62303791520274,
                5.645729026135753,
                5.369355292748864,
                4.8492264624838635,
                4.1802014112593655,
                3.467950274083992,
                2.800407254485928,
                2.2308337448518256,
                1.7768986978269343,
                1.4315861517267396,
                1.1771840982837396,
                0.9950855278210281,
                0.8691578558517332,
                0.7849280906756557,
                0.7283252218917289,
                0.6863602077489583,
                0.6496429848484163,
                0.614885554234824,
                0.5854692886003023,
                0.5694664445696048,
                0.5760493538770936,
                0.6119266476795665,
                0.6791023435930842,
                0.7744387199662812,
                0.8908393252224522,
                1.019471925600507,
                1.152123352620226,
                1.2825317422403515,
                1.4057492001935108,
                1.515569710089142,
                1.6015449539649367,
                1.6481239401546546,
                1.6378601044014653,
                1.5582105280369978,
                1.4085963085198354,
                1.2033966733631816,
                0.9686200442187488,
                0.7338257175954485,
                0.5235603820472257,
                0.3522330720410542,
                0.22369067362941336,
                0.13409852123135896,
                0.07576612727953197,
                0.04021772218790667,
                0.019968592201495435,
                0.009228227343650275,
                0.003950060366639674,
                0.0015591245735104477
            ],
            "incorrect": [
                0.00014221520338111835,
                0.0003081529584099105,
                0.0006387006695445536,
                0.0012666819993565406,
                0.002404552060448439,
                0.004371078524830192,
                0.007613126004974294,
                0.012712681464891675,
                0.020367876049909053,
                0.03133904898287436,
                0.046357922826628935,
                0.0660089646734524,
                0.0906040137996894,
                0.12007983196799663,
                0.15394940292678747,
                0.19133012414837042,
                0.23105740715062711,
                0.2718747208466747,
                0.31267458314298985,
                0.352751241754307,
                0.39201533555281953,
                0.4311157179515449,
                0.47141922111159484,
                0.5148219900957812,
                0.5634074925732144,
                0.6190163893209009,
                0.6828309673424587,
                0.7550793011478384,
                0.8349231088432616,
                0.9205240929586658,
                1.0092226086417835,
                1.09774759095974,
                1.1824230229660457,
                1.2594223054209401,
                1.3251958643064938,
                1.3772026071728467,
                1.4149823884189705,
                1.4414311219344675,
                1.4639440714011764,
                1.4949596877527989,
                1.551438962154764,
                1.6529868828882928,
                1.8186420944962869,
                2.0627551120299668,
                2.3907366743204927,
                2.7956713749713042,
                3.2567685910741373,
                3.7403300159698487,
                4.203393311684604,
                4.599581625173452,
                4.886114676749933,
                5.030586157903449,
                5.01609908915097,
                4.843696093415558,
                4.531638880270084,
                4.111811005439019,
                3.6241404786605367,
                3.1102987787850735,
                2.607952015680295,
                2.1465481030950673,
                1.7451405504709905,
                1.4122353456869905,
                1.1472446657329585,
                0.9429194106986153,
                0.7881151761891223,
                0.6703685125876155,
                0.5779452009383172,
                0.5012046879567038,
                0.43326923816198354,
                0.37008531009768814,
                0.310025454771417,
                0.2532100300908892,
                0.2007323419178039,
                0.15394840401589327,
                0.11394601018469398,
                0.08124651125544248,
                0.05573134706274801,
                0.03673896730960758,
                0.02325557714359732,
                0.014125710472740274,
                0.008228835007801132,
                0.0045952811884956936,
                0.002459021677282856,
                0.0012605025239683034,
                0.0006187709132063357,
                0.0002908106726668034,
                0.00013082409489751707,
                5.632172688131133e-05,
                2.3200563127187586e-05,
                9.14297026897822e-06,
                3.446525471644663e-06,
                1.2425866828213007e-06,
                4.284244074192356e-07,
                1.4124736129647472e-07,
                4.4525202465176924e-08,
                1.3418861111110676e-08,
                3.866143187836958e-09,
                1.0647906624708365e-09,
                2.803166506723566e-10,
                7.053567076232248e-11
            ],
            "correctMedian": 0.5442384096319243,
            "incorrectMedian": 0.5088838924439253
        },
        "1": {
            "correct": [
                7.0535670762324e-11,
                2.8031665067236455e-10,
                1.0647906624708744e-09,
                3.866143187837068e-09,
                1.3418861111111059e-08,
                4.4525202465178347e-08,
                1.4124736129647824e-07,
                4.2842440741924776e-07,
                1.242586682821323e-06,
                3.4465254716447366e-06,
                9.142970268978446e-06,
                2.3200563127187918e-05,
                5.632172688131254e-05,
                0.00013082409489751894,
                0.0002908106726668086,
                0.0006187709132063423,
                0.0012605025239683235,
                0.0024590216772828956,
                0.004595281188495738,
                0.008228835007801234,
                0.014125710472740386,
                0.023255577143597526,
                0.036738967309607774,
                0.055731347062748356,
                0.081246511255443,
                0.11394601018469443,
                0.15394840401589407,
                0.20073234191780445,
                0.25321003009089,
                0.31002545477141785,
                0.37008531009768875,
                0.4332692381619845,
                0.5012046879567043,
                0.5779452009383184,
                0.6703685125876168,
                0.7881151761891251,
                0.9429194106986186,
                1.1472446657329616,
                1.4122353456869943,
                1.7451405504709951,
                2.146548103095071,
                2.6079520156802993,
                3.110298778785076,
                3.6241404786605433,
                4.111811005439024,
                4.531638880270084,
                4.843696093415558,
                5.01609908915097,
                5.030586157903449,
                4.886114676749924,
                4.599581625173444,
                4.2033933116845965,
                3.740330015969842,
                3.2567685910741373,
                2.7956713749712967,
                2.390736674320486,
                2.0627551120299628,
                1.818642094496285,
                1.6529868828882943,
                1.5514389621547653,
                1.4949596877527989,
                1.4639440714011764,
                1.4414311219344689,
                1.4149823884189705,
                1.3772026071728467,
                1.325195864306496,
                1.2594223054209412,
                1.1824230229660468,
                1.097747590959741,
                1.0092226086417835,
                0.9205240929586658,
                0.8349231088432609,
                0.7550793011478384,
                0.6828309673424581,
                0.6190163893209005,
                0.5634074925732137,
                0.5148219900957812,
                0.4714192211115946,
                0.4311157179515445,
                0.39201533555281903,
                0.3527512417543062,
                0.3126745831429893,
                0.27187472084667363,
                0.23105740715062628,
                0.19133012414836983,
                0.15394940292678666,
                0.1200798319679961,
                0.09060401379968874,
                0.06600896467345199,
                0.04635792282662848,
                0.031339048982874096,
                0.020367876049908907,
                0.012712681464891528,
                0.007613126004974226,
                0.00437107852483013,
                0.002404552060448409,
                0.0012666819993565272,
                0.0006387006695445456,
                0.0003081529584099066,
                0.00014221520338111735
            ],
            "incorrect": [
                0.001559124573510467,
                0.003950060366639724,
                0.009228227343650397,
                0.019968592201495577,
                0.04021772218790695,
                0.07576612727953305,
                0.13409852123136098,
                0.22369067362941575,
                0.3522330720410573,
                0.5235603820472313,
                0.7338257175954589,
                0.968620044218766,
                1.2033966733631922,
                1.4085963085198505,
                1.5582105280369922,
                1.6378601044014653,
                1.6481239401546517,
                1.6015449539649225,
                1.5155697100891339,
                1.4057492001935183,
                1.2825317422403446,
                1.1521233526202155,
                1.0194719256005105,
                0.890839325222468,
                0.7744387199662771,
                0.679102343593077,
                0.6119266476795665,
                0.5760493538771038,
                0.5694664445696007,
                0.5854692886003086,
                0.6148855542348153,
                0.6496429848484013,
                0.6863602077489535,
                0.7283252218917393,
                0.7849280906756599,
                0.8691578558517069,
                0.9950855278210422,
                1.1771840982837543,
                1.4315861517267294,
                1.7768986978269279,
                2.2308337448518496,
                2.800407254485873,
                3.467950274083986,
                4.180201411259417,
                4.849226462483897,
                5.369355292748816,
                5.645729026135883,
                5.6230379152027,
                5.3023785834856945,
                4.739939662185578,
                4.0293307667965355,
                3.2753131502966006,
                2.5684816064474845,
                1.9685250300168164,
                1.4995099352905814,
                1.1559022563118908,
                0.9145660443556158,
                0.7470582267071708,
                0.6281784629886012,
                0.5395834689549642,
                0.46961428119830395,
                0.4113686120670368,
                0.36067344276553853,
                0.3147652121603148,
                0.27178659943746786,
                0.230820931654305,
                0.19203867486751022,
                0.15659160349578746,
                0.12613835276544744,
                0.10218074663884052,
                0.08553017790391584,
                0.07613181018486904,
                0.07326212834869053,
                0.07593865869605873,
                0.08330357820379475,
                0.09475364508558015,
                0.10968787885644045,
                0.1269489754477425,
                0.14428927663009553,
                0.1583233086107274,
                0.165254307834489,
                0.16219532853749058,
                0.14843778463119636,
                0.1259300026541893,
                0.09864409811102513,
                0.07115654941270876,
                0.047182495607358564,
                0.028723165424017684,
                0.016039306622053055,
                0.008210162739972833,
                0.0038503261573334074,
                0.0016535593863544788,
                0.0006500235756796033,
                0.00023379690990101582,
                7.690565498462727e-05,
                2.3125426542830993e-05,
                6.35369902068456e-06,
                1.5942415582648654e-06,
                3.6513278821426364e-07,
                7.629416178568391e-08
            ],
            "correctMedian": 0.4911161075560748,
            "incorrectMedian": 0.4557615903680757
        }
    },
    "calibrationData": [
        {
            "y": 0,
            "x": 0,
            "n": 0
        },
        {
            "y": 0.0,
            "x": 0.09356591237858364,
            "n": 16.0
        },
        {
            "y": 0.0,
            "x": 0.15523532191932654,
            "n": 397.0
        },
        {
            "y": 0.0,
            "x": 0.2365624303480029,
            "n": 162.0
        },
        {
            "y": 0.01904761904761905,
            "x": 0.3522404670531863,
            "n": 210.0
        },
        {
            "y": 0.023529411764705882,
            "x": 0.46191728731303067,
            "n": 1360.0
        },
        {
            "y": 0.04713804713804714,
            "x": 0.5322252956568544,
            "n": 297.0
        },
        {
            "y": 0.125,
            "x": 0.6344158445163537,
            "n": 72.0
        },
        {
            "y": 0.22727272727272727,
            "x": 0.7486481565753672,
            "n": 22.0
        },
        {
            "y": 0.03225806451612903,
            "x": 0.8182184615481054,
            "n": 31.0
        },
        {
            "y": 1,
            "x": 1,
            "n": 0
        }
    ],
    "probaDistribData": {
        "bins": [
            0.0,
            0.1,
            0.2,
            0.3,
            0.4,
            0.5,
            0.6,
            0.7,
            0.8,
            0.9,
            1.0
        ],
        "probaDistribs": [
            [
                16.0,
                397.0,
                162.0,
                206.0,
                1328.0,
                283.0,
                63.0,
                17.0,
                30.0,
                0.0
            ],
            [
                0.0,
                0.0,
                0.0,
                4.0,
                32.0,
                14.0,
                9.0,
                5.0,
                1.0,
                0.0
            ]
        ]
    },
    "globalMetrics": {
        "testWeight": 2567,
        "targetAvg": [
            0.025321386832878847
        ],
        "targetStd": [
            0.15712998557829463
        ],
        "predictionAvg": [
            0.04869497467861317
        ],
        "predictionStd": [
            0.2152715193248124
        ]
    }
}