[
    {
        "test_score_gib": 0.7097766711793163,
        "train_score": 0.8489411349933373,
        "test_score": 0.7097766711793163,
        "num_samples": 2046,
        "fit_time": 1651,
        "score_time": 160,
        "time": 1811,
        "parameters": {
            "max_depth": 6,
            "max_features": "auto",
            "min_samples_leaf": 2,
            "n_estimators": 100,
            "min_samples_split": 6
        },
        "best_iteration": null,
        "done_at": 1640298797758,
        "split_id": 0
    },
    {
        "test_score_gib": 0.6740999157428358,
        "train_score": 0.8386972733628525,
        "test_score": 0.6740999157428358,
        "num_samples": 2046,
        "fit_time": 1671,
        "score_time": 590,
        "time": 2261,
        "parameters": {
            "max_depth": 6,
            "max_features": "auto",
            "min_samples_leaf": 2,
            "n_estimators": 100,
            "min_samples_split": 6
        },
        "best_iteration": null,
        "done_at": 1640298798209,
        "split_id": 1
    },
    {
        "test_score_gib": 0.605350647874517,
        "train_score": 0.8521052159885285,
        "test_score": 0.605350647874517,
        "num_samples": 2045,
        "fit_time": 1652,
        "score_time": 230,
        "time": 1882,
        "parameters": {
            "max_depth": 6,
            "max_features": "auto",
            "min_samples_leaf": 2,
            "n_estimators": 100,
            "min_samples_split": 6
        },
        "best_iteration": null,
        "done_at": 1640298797830,
        "split_id": 2
    },
    {
        "test_score_gib": 0.7321690608588198,
        "train_score": 0.8508209101666796,
        "test_score": 0.7321690608588198,
        "num_samples": 2044,
        "fit_time": 1665,
        "score_time": 516,
        "time": 2181,
        "parameters": {
            "max_depth": 6,
            "max_features": "auto",
            "min_samples_leaf": 2,
            "n_estimators": 100,
            "min_samples_split": 6
        },
        "best_iteration": null,
        "done_at": 1640298798146,
        "split_id": 3
    },
    {
        "test_score_gib": 0.7149656317578004,
        "train_score": 0.849048267496001,
        "test_score": 0.7149656317578004,
        "num_samples": 2044,
        "fit_time": 1117,
        "score_time": 1600,
        "time": 2717,
        "parameters": {
            "max_depth": 6,
            "max_features": "auto",
            "min_samples_leaf": 2,
            "n_estimators": 100,
            "min_samples_split": 6
        },
        "best_iteration": null,
        "done_at": 1640298800484,
        "split_id": 4
    },
    {
        "test_score_gib": 0.6525054672485776,
        "train_score": 0.9858245343563452,
        "test_score": 0.6525054672485776,
        "num_samples": 2046,
        "fit_time": 877,
        "score_time": 359,
        "time": 1236,
        "parameters": {
            "max_depth": 13,
            "max_features": "auto",
            "min_samples_leaf": 1,
            "n_estimators": 50,
            "min_samples_split": 3
        },
        "best_iteration": null,
        "done_at": 1640298806567,
        "split_id": 0
    },
    {
        "test_score_gib": 0.6721733614821688,
        "train_score": 0.9852230966423462,
        "test_score": 0.6721733614821688,
        "num_samples": 2046,
        "fit_time": 547,
        "score_time": 426,
        "time": 973,
        "parameters": {
            "max_depth": 13,
            "max_features": "auto",
            "min_samples_leaf": 1,
            "n_estimators": 50,
            "min_samples_split": 3
        },
        "best_iteration": null,
        "done_at": 1640298806871,
        "split_id": 1
    },
    {
        "test_score_gib": 0.6268043873607638,
        "train_score": 0.9889780127860429,
        "test_score": 0.6268043873607638,
        "num_samples": 2045,
        "fit_time": 554,
        "score_time": 420,
        "time": 974,
        "parameters": {
            "max_depth": 13,
            "max_features": "auto",
            "min_samples_leaf": 1,
            "n_estimators": 50,
            "min_samples_split": 3
        },
        "best_iteration": null,
        "done_at": 1640298807545,
        "split_id": 2
    },
    {
        "test_score_gib": 0.685096153846154,
        "train_score": 0.9895047779885471,
        "test_score": 0.685096153846154,
        "num_samples": 2044,
        "fit_time": 554,
        "score_time": 366,
        "time": 920,
        "parameters": {
            "max_depth": 13,
            "max_features": "auto",
            "min_samples_leaf": 1,
            "n_estimators": 50,
            "min_samples_split": 3
        },
        "best_iteration": null,
        "done_at": 1640298807799,
        "split_id": 3
    },
    {
        "test_score_gib": 0.6689305298115539,
        "train_score": 0.9891667211759738,
        "test_score": 0.6689305298115539,
        "num_samples": 2044,
        "fit_time": 430,
        "score_time": 506,
        "time": 936,
        "parameters": {
            "max_depth": 13,
            "max_features": "auto",
            "min_samples_leaf": 1,
            "n_estimators": 50,
            "min_samples_split": 3
        },
        "best_iteration": null,
        "done_at": 1640298808482,
        "split_id": 4
    },
    {
        "test_score_gib": 0.6712929214514953,
        "train_score": 0.9899542273930528,
        "test_score": 0.6712929214514953,
        "num_samples": 2046,
        "fit_time": 4693,
        "score_time": 2134,
        "time": 6827,
        "parameters": {
            "max_depth": 13,
            "max_features": "auto",
            "min_samples_leaf": 1,
            "n_estimators": 250,
            "min_samples_split": 3
        },
        "best_iteration": null,
        "done_at": 1640298804661,
        "split_id": 0
    },
    {
        "test_score_gib": 0.6699580607598292,
        "train_score": 0.9902305959402207,
        "test_score": 0.6699580607598292,
        "num_samples": 2046,
        "fit_time": 5187,
        "score_time": 2511,
        "time": 7698,
        "parameters": {
            "max_depth": 13,
            "max_features": "auto",
            "min_samples_leaf": 1,
            "n_estimators": 250,
            "min_samples_split": 3
        },
        "best_iteration": null,
        "done_at": 1640298805856,
        "split_id": 1
    },
    {
        "test_score_gib": 0.6158786087747214,
        "train_score": 0.9914169205950887,
        "test_score": 0.6158786087747214,
        "num_samples": 2045,
        "fit_time": 4264,
        "score_time": 2726,
        "time": 6990,
        "parameters": {
            "max_depth": 13,
            "max_features": "auto",
            "min_samples_leaf": 1,
            "n_estimators": 250,
            "min_samples_split": 3
        },
        "best_iteration": null,
        "done_at": 1640298805219,
        "split_id": 2
    },
    {
        "test_score_gib": 0.679656124497992,
        "train_score": 0.9912066576676756,
        "test_score": 0.679656124497992,
        "num_samples": 2044,
        "fit_time": 5568,
        "score_time": 1911,
        "time": 7479,
        "parameters": {
            "max_depth": 13,
            "max_features": "auto",
            "min_samples_leaf": 1,
            "n_estimators": 250,
            "min_samples_split": 3
        },
        "best_iteration": null,
        "done_at": 1640298807968,
        "split_id": 3
    },
    {
        "test_score_gib": 0.667583796725363,
        "train_score": 0.9927328191619046,
        "test_score": 0.667583796725363,
        "num_samples": 2044,
        "fit_time": 2906,
        "score_time": 1573,
        "time": 4479,
        "parameters": {
            "max_depth": 13,
            "max_features": "auto",
            "min_samples_leaf": 1,
            "n_estimators": 250,
            "min_samples_split": 3
        },
        "best_iteration": null,
        "done_at": 1640298809143,
        "split_id": 4
    },
    {
        "test_score_gib": 0.7172793456342482,
        "train_score": 0.848286515007559,
        "test_score": 0.7172793456342482,
        "num_samples": 2046,
        "fit_time": 705,
        "score_time": 425,
        "time": 1130,
        "parameters": {
            "max_depth": 6,
            "max_features": "auto",
            "min_samples_leaf": 1,
            "n_estimators": 100,
            "min_samples_split": 3
        },
        "best_iteration": null,
        "done_at": 1640298808953,
        "split_id": 0
    },
    {
        "test_score_gib": 0.6743507938160922,
        "train_score": 0.8391869685507531,
        "test_score": 0.6743507938160922,
        "num_samples": 2046,
        "fit_time": 768,
        "score_time": 526,
        "time": 1294,
        "parameters": {
            "max_depth": 6,
            "max_features": "auto",
            "min_samples_leaf": 1,
            "n_estimators": 100,
            "min_samples_split": 3
        },
        "best_iteration": null,
        "done_at": 1640298809271,
        "split_id": 1
    },
    {
        "test_score_gib": 0.6121845874062286,
        "train_score": 0.8533425942522556,
        "test_score": 0.6121845874062286,
        "num_samples": 2045,
        "fit_time": 460,
        "score_time": 798,
        "time": 1258,
        "parameters": {
            "max_depth": 6,
            "max_features": "auto",
            "min_samples_leaf": 1,
            "n_estimators": 100,
            "min_samples_split": 3
        },
        "best_iteration": null,
        "done_at": 1640298809745,
        "split_id": 2
    },
    {
        "test_score_gib": 0.7349590670373802,
        "train_score": 0.8516885001219027,
        "test_score": 0.7349590670373802,
        "num_samples": 2044,
        "fit_time": 746,
        "score_time": 809,
        "time": 1555,
        "parameters": {
            "max_depth": 6,
            "max_features": "auto",
            "min_samples_leaf": 1,
            "n_estimators": 100,
            "min_samples_split": 3
        },
        "best_iteration": null,
        "done_at": 1640298810510,
        "split_id": 3
    },
    {
        "test_score_gib": 0.7180549119555144,
        "train_score": 0.8513349824876463,
        "test_score": 0.7180549119555144,
        "num_samples": 2044,
        "fit_time": 862,
        "score_time": 954,
        "time": 1816,
        "parameters": {
            "max_depth": 6,
            "max_features": "auto",
            "min_samples_leaf": 1,
            "n_estimators": 100,
            "min_samples_split": 3
        },
        "best_iteration": null,
        "done_at": 1640298810965,
        "split_id": 4
    },
    {
        "test_score_gib": 0.7289286086207386,
        "train_score": 0.8469381352741874,
        "test_score": 0.7289286086207386,
        "num_samples": 2046,
        "fit_time": 333,
        "score_time": 278,
        "time": 611,
        "parameters": {
            "max_depth": 6,
            "max_features": "auto",
            "min_samples_leaf": 1,
            "n_estimators": 50,
            "min_samples_split": 3
        },
        "best_iteration": null,
        "done_at": 1640298813569,
        "split_id": 0
    },
    {
        "test_score_gib": 0.6763767525963513,
        "train_score": 0.8444481293584066,
        "test_score": 0.6763767525963513,
        "num_samples": 2046,
        "fit_time": 438,
        "score_time": 195,
        "time": 633,
        "parameters": {
            "max_depth": 6,
            "max_features": "auto",
            "min_samples_leaf": 1,
            "n_estimators": 50,
            "min_samples_split": 3
        },
        "best_iteration": null,
        "done_at": 1640298814116,
        "split_id": 1
    },
    {
        "test_score_gib": 0.6148130256876563,
        "train_score": 0.8435403596821414,
        "test_score": 0.6148130256876563,
        "num_samples": 2045,
        "fit_time": 348,
        "score_time": 221,
        "time": 569,
        "parameters": {
            "max_depth": 6,
            "max_features": "auto",
            "min_samples_leaf": 1,
            "n_estimators": 50,
            "min_samples_split": 3
        },
        "best_iteration": null,
        "done_at": 1640298814142,
        "split_id": 2
    },
    {
        "test_score_gib": 0.7426726135310473,
        "train_score": 0.8415976380621644,
        "test_score": 0.7426726135310473,
        "num_samples": 2044,
        "fit_time": 222,
        "score_time": 400,
        "time": 622,
        "parameters": {
            "max_depth": 6,
            "max_features": "auto",
            "min_samples_leaf": 1,
            "n_estimators": 50,
            "min_samples_split": 3
        },
        "best_iteration": null,
        "done_at": 1640298814523,
        "split_id": 3
    },
    {
        "test_score_gib": 0.7098441844300278,
        "train_score": 0.8351094447781074,
        "test_score": 0.7098441844300278,
        "num_samples": 2044,
        "fit_time": 438,
        "score_time": 349,
        "time": 787,
        "parameters": {
            "max_depth": 6,
            "max_features": "auto",
            "min_samples_leaf": 1,
            "n_estimators": 50,
            "min_samples_split": 3
        },
        "best_iteration": null,
        "done_at": 1640298814905,
        "split_id": 4
    },
    {
        "test_score_gib": 0.7155563339613173,
        "train_score": 0.8445320856413843,
        "test_score": 0.7155563339613173,
        "num_samples": 2046,
        "fit_time": 2067,
        "score_time": 1238,
        "time": 3305,
        "parameters": {
            "max_depth": 6,
            "max_features": "auto",
            "min_samples_leaf": 1,
            "n_estimators": 250,
            "min_samples_split": 3
        },
        "best_iteration": null,
        "done_at": 1640298812583,
        "split_id": 0
    },
    {
        "test_score_gib": 0.673645495081843,
        "train_score": 0.8425822681940137,
        "test_score": 0.673645495081843,
        "num_samples": 2046,
        "fit_time": 2032,
        "score_time": 1174,
        "time": 3206,
        "parameters": {
            "max_depth": 6,
            "max_features": "auto",
            "min_samples_leaf": 1,
            "n_estimators": 250,
            "min_samples_split": 3
        },
        "best_iteration": null,
        "done_at": 1640298812955,
        "split_id": 1
    },
    {
        "test_score_gib": 0.6168684170644844,
        "train_score": 0.8546173149309912,
        "test_score": 0.6168684170644844,
        "num_samples": 2045,
        "fit_time": 1843,
        "score_time": 1124,
        "time": 2967,
        "parameters": {
            "max_depth": 6,
            "max_features": "auto",
            "min_samples_leaf": 1,
            "n_estimators": 250,
            "min_samples_split": 3
        },
        "best_iteration": null,
        "done_at": 1640298813480,
        "split_id": 2
    },
    {
        "test_score_gib": 0.7317732468334877,
        "train_score": 0.8521124834242152,
        "test_score": 0.7317732468334877,
        "num_samples": 2044,
        "fit_time": 1639,
        "score_time": 1290,
        "time": 2929,
        "parameters": {
            "max_depth": 6,
            "max_features": "auto",
            "min_samples_leaf": 1,
            "n_estimators": 250,
            "min_samples_split": 3
        },
        "best_iteration": null,
        "done_at": 1640298813900,
        "split_id": 3
    },
    {
        "test_score_gib": 0.7177073679332715,
        "train_score": 0.8561516230889532,
        "test_score": 0.7177073679332715,
        "num_samples": 2044,
        "fit_time": 1304,
        "score_time": 1459,
        "time": 2763,
        "parameters": {
            "max_depth": 6,
            "max_features": "auto",
            "min_samples_leaf": 1,
            "n_estimators": 250,
            "min_samples_split": 3
        },
        "best_iteration": null,
        "done_at": 1640298815349,
        "split_id": 4
    },
    {
        "test_score_gib": 0.6840403677020516,
        "train_score": 0.9851032871424389,
        "test_score": 0.6840403677020516,
        "num_samples": 2046,
        "fit_time": 758,
        "score_time": 780,
        "time": 1538,
        "parameters": {
            "max_depth": 13,
            "max_features": "auto",
            "min_samples_leaf": 2,
            "n_estimators": 100,
            "min_samples_split": 6
        },
        "best_iteration": null,
        "done_at": 1640298815683,
        "split_id": 0
    },
    {
        "test_score_gib": 0.6757329899932784,
        "train_score": 0.9876133111043388,
        "test_score": 0.6757329899932784,
        "num_samples": 2046,
        "fit_time": 759,
        "score_time": 854,
        "time": 1613,
        "parameters": {
            "max_depth": 13,
            "max_features": "auto",
            "min_samples_leaf": 2,
            "n_estimators": 100,
            "min_samples_split": 6
        },
        "best_iteration": null,
        "done_at": 1640298816139,
        "split_id": 1
    },
    {
        "test_score_gib": 0.6134964385845268,
        "train_score": 0.9885083945748939,
        "test_score": 0.6134964385845268,
        "num_samples": 2045,
        "fit_time": 800,
        "score_time": 695,
        "time": 1495,
        "parameters": {
            "max_depth": 13,
            "max_features": "auto",
            "min_samples_leaf": 2,
            "n_estimators": 100,
            "min_samples_split": 6
        },
        "best_iteration": null,
        "done_at": 1640298816404,
        "split_id": 2
    },
    {
        "test_score_gib": 0.6871041859746678,
        "train_score": 0.9888866424447127,
        "test_score": 0.6871041859746678,
        "num_samples": 2044,
        "fit_time": 883,
        "score_time": 372,
        "time": 1255,
        "parameters": {
            "max_depth": 13,
            "max_features": "auto",
            "min_samples_leaf": 2,
            "n_estimators": 100,
            "min_samples_split": 6
        },
        "best_iteration": null,
        "done_at": 1640298816606,
        "split_id": 3
    },
    {
        "test_score_gib": 0.6640504324992277,
        "train_score": 0.9891250958868267,
        "test_score": 0.6640504324992277,
        "num_samples": 2044,
        "fit_time": 761,
        "score_time": 412,
        "time": 1173,
        "parameters": {
            "max_depth": 13,
            "max_features": "auto",
            "min_samples_leaf": 2,
            "n_estimators": 100,
            "min_samples_split": 6
        },
        "best_iteration": null,
        "done_at": 1640298816857,
        "split_id": 4
    },
    {
        "test_score_gib": 0.6963759952285831,
        "train_score": 0.7283619860291966,
        "test_score": 0.6963759952285831,
        "num_samples": 2046,
        "fit_time": 339,
        "score_time": 120,
        "time": 459,
        "parameters": {
            "max_depth": 3,
            "max_features": "auto",
            "min_samples_leaf": 2,
            "n_estimators": 50,
            "min_samples_split": 6
        },
        "best_iteration": null,
        "done_at": 1640298816600,
        "split_id": 0
    },
    {
        "test_score_gib": 0.6680693748875782,
        "train_score": 0.7397788454069041,
        "test_score": 0.6680693748875782,
        "num_samples": 2046,
        "fit_time": 236,
        "score_time": 256,
        "time": 492,
        "parameters": {
            "max_depth": 3,
            "max_features": "auto",
            "min_samples_leaf": 2,
            "n_estimators": 50,
            "min_samples_split": 6
        },
        "best_iteration": null,
        "done_at": 1640298816898,
        "split_id": 1
    },
    {
        "test_score_gib": 0.6035509964385845,
        "train_score": 0.7527839517237259,
        "test_score": 0.6035509964385845,
        "num_samples": 2045,
        "fit_time": 329,
        "score_time": 248,
        "time": 577,
        "parameters": {
            "max_depth": 3,
            "max_features": "auto",
            "min_samples_leaf": 2,
            "n_estimators": 50,
            "min_samples_split": 6
        },
        "best_iteration": null,
        "done_at": 1640298817179,
        "split_id": 2
    },
    {
        "test_score_gib": 0.7346163500154463,
        "train_score": 0.7357480956430215,
        "test_score": 0.7346163500154463,
        "num_samples": 2044,
        "fit_time": 247,
        "score_time": 295,
        "time": 542,
        "parameters": {
            "max_depth": 3,
            "max_features": "auto",
            "min_samples_leaf": 2,
            "n_estimators": 50,
            "min_samples_split": 6
        },
        "best_iteration": null,
        "done_at": 1640298817151,
        "split_id": 3
    },
    {
        "test_score_gib": 0.7108385464936671,
        "train_score": 0.7290883467029797,
        "test_score": 0.7108385464936671,
        "num_samples": 2044,
        "fit_time": 342,
        "score_time": 262,
        "time": 604,
        "parameters": {
            "max_depth": 3,
            "max_features": "auto",
            "min_samples_leaf": 2,
            "n_estimators": 50,
            "min_samples_split": 6
        },
        "best_iteration": null,
        "done_at": 1640298817464,
        "split_id": 4
    },
    {
        "test_score_gib": 0.7231442122901854,
        "train_score": 0.8480385302571274,
        "test_score": 0.7231442122901854,
        "num_samples": 2046,
        "fit_time": 335,
        "score_time": 274,
        "time": 609,
        "parameters": {
            "max_depth": 6,
            "max_features": "auto",
            "min_samples_leaf": 2,
            "n_estimators": 50,
            "min_samples_split": 6
        },
        "best_iteration": null,
        "done_at": 1640298817510,
        "split_id": 0
    },
    {
        "test_score_gib": 0.6745117344668604,
        "train_score": 0.8449067517583015,
        "test_score": 0.6745117344668604,
        "num_samples": 2046,
        "fit_time": 335,
        "score_time": 308,
        "time": 643,
        "parameters": {
            "max_depth": 6,
            "max_features": "auto",
            "min_samples_leaf": 2,
            "n_estimators": 50,
            "min_samples_split": 6
        },
        "best_iteration": null,
        "done_at": 1640298817796,
        "split_id": 1
    },
    {
        "test_score_gib": 0.6044839736303704,
        "train_score": 0.8418285833781443,
        "test_score": 0.6044839736303704,
        "num_samples": 2045,
        "fit_time": 326,
        "score_time": 387,
        "time": 713,
        "parameters": {
            "max_depth": 6,
            "max_features": "auto",
            "min_samples_leaf": 2,
            "n_estimators": 50,
            "min_samples_split": 6
        },
        "best_iteration": null,
        "done_at": 1640298817895,
        "split_id": 2
    },
    {
        "test_score_gib": 0.7299100247142416,
        "train_score": 0.8400646381275756,
        "test_score": 0.7299100247142416,
        "num_samples": 2044,
        "fit_time": 328,
        "score_time": 467,
        "time": 795,
        "parameters": {
            "max_depth": 6,
            "max_features": "auto",
            "min_samples_leaf": 2,
            "n_estimators": 50,
            "min_samples_split": 6
        },
        "best_iteration": null,
        "done_at": 1640298818260,
        "split_id": 3
    },
    {
        "test_score_gib": 0.7110074915044794,
        "train_score": 0.8313254086711424,
        "test_score": 0.7110074915044794,
        "num_samples": 2044,
        "fit_time": 353,
        "score_time": 503,
        "time": 856,
        "parameters": {
            "max_depth": 6,
            "max_features": "auto",
            "min_samples_leaf": 2,
            "n_estimators": 50,
            "min_samples_split": 6
        },
        "best_iteration": null,
        "done_at": 1640298818375,
        "split_id": 4
    },
    {
        "test_score_gib": 0.7153811926648932,
        "train_score": 0.747198369873737,
        "test_score": 0.7153811926648932,
        "num_samples": 2046,
        "fit_time": 1810,
        "score_time": 576,
        "time": 2386,
        "parameters": {
            "max_depth": 3,
            "max_features": "auto",
            "min_samples_leaf": 1,
            "n_estimators": 250,
            "min_samples_split": 3
        },
        "best_iteration": null,
        "done_at": 1640298820184,
        "split_id": 0
    },
    {
        "test_score_gib": 0.6621524391975688,
        "train_score": 0.7447507902646565,
        "test_score": 0.6621524391975688,
        "num_samples": 2046,
        "fit_time": 1809,
        "score_time": 605,
        "time": 2414,
        "parameters": {
            "max_depth": 3,
            "max_features": "auto",
            "min_samples_leaf": 1,
            "n_estimators": 250,
            "min_samples_split": 3
        },
        "best_iteration": null,
        "done_at": 1640298820313,
        "split_id": 1
    },
    {
        "test_score_gib": 0.6324306660604683,
        "train_score": 0.7607555117404552,
        "test_score": 0.6324306660604683,
        "num_samples": 2045,
        "fit_time": 1740,
        "score_time": 990,
        "time": 2730,
        "parameters": {
            "max_depth": 3,
            "max_features": "auto",
            "min_samples_leaf": 1,
            "n_estimators": 250,
            "min_samples_split": 3
        },
        "best_iteration": null,
        "done_at": 1640298820995,
        "split_id": 2
    },
    {
        "test_score_gib": 0.7310733317886933,
        "train_score": 0.7471272604018624,
        "test_score": 0.7310733317886933,
        "num_samples": 2044,
        "fit_time": 1632,
        "score_time": 977,
        "time": 2609,
        "parameters": {
            "max_depth": 3,
            "max_features": "auto",
            "min_samples_leaf": 1,
            "n_estimators": 250,
            "min_samples_split": 3
        },
        "best_iteration": null,
        "done_at": 1640298820992,
        "split_id": 3
    },
    {
        "test_score_gib": 0.7224378282360211,
        "train_score": 0.7529369614728216,
        "test_score": 0.7224378282360211,
        "num_samples": 2044,
        "fit_time": 1099,
        "score_time": 1143,
        "time": 2242,
        "parameters": {
            "max_depth": 3,
            "max_features": "auto",
            "min_samples_leaf": 1,
            "n_estimators": 250,
            "min_samples_split": 3
        },
        "best_iteration": null,
        "done_at": 1640298822431,
        "split_id": 4
    },
    {
        "test_score_gib": 0.6859953232540306,
        "train_score": 0.9813091204608334,
        "test_score": 0.6859953232540306,
        "num_samples": 2046,
        "fit_time": 433,
        "score_time": 273,
        "time": 706,
        "parameters": {
            "max_depth": 13,
            "max_features": "auto",
            "min_samples_leaf": 2,
            "n_estimators": 50,
            "min_samples_split": 6
        },
        "best_iteration": null,
        "done_at": 1640298821024,
        "split_id": 0
    },
    {
        "test_score_gib": 0.6762868151738632,
        "train_score": 0.9846351038846961,
        "test_score": 0.6762868151738632,
        "num_samples": 2046,
        "fit_time": 643,
        "score_time": 267,
        "time": 910,
        "parameters": {
            "max_depth": 13,
            "max_features": "auto",
            "min_samples_leaf": 2,
            "n_estimators": 50,
            "min_samples_split": 6
        },
        "best_iteration": null,
        "done_at": 1640298821906,
        "split_id": 1
    },
    {
        "test_score_gib": 0.6192316435553535,
        "train_score": 0.9848566051263667,
        "test_score": 0.6192316435553535,
        "num_samples": 2045,
        "fit_time": 662,
        "score_time": 299,
        "time": 961,
        "parameters": {
            "max_depth": 13,
            "max_features": "auto",
            "min_samples_leaf": 2,
            "n_estimators": 50,
            "min_samples_split": 6
        },
        "best_iteration": null,
        "done_at": 1640298821960,
        "split_id": 2
    },
    {
        "test_score_gib": 0.6794968334877973,
        "train_score": 0.9875424429287554,
        "test_score": 0.6794968334877973,
        "num_samples": 2044,
        "fit_time": 565,
        "score_time": 75,
        "time": 640,
        "parameters": {
            "max_depth": 13,
            "max_features": "auto",
            "min_samples_leaf": 2,
            "n_estimators": 50,
            "min_samples_split": 6
        },
        "best_iteration": null,
        "done_at": 1640298821679,
        "split_id": 3
    },
    {
        "test_score_gib": 0.6663287766450416,
        "train_score": 0.9864301557380462,
        "test_score": 0.6663287766450416,
        "num_samples": 2044,
        "fit_time": 324,
        "score_time": 455,
        "time": 779,
        "parameters": {
            "max_depth": 13,
            "max_features": "auto",
            "min_samples_leaf": 2,
            "n_estimators": 50,
            "min_samples_split": 6
        },
        "best_iteration": null,
        "done_at": 1640298822460,
        "split_id": 4
    },
    {
        "test_score_gib": 0.6631464843934904,
        "train_score": 0.9895544640242846,
        "test_score": 0.6631464843934904,
        "num_samples": 2046,
        "fit_time": 1161,
        "score_time": 465,
        "time": 1626,
        "parameters": {
            "max_depth": 13,
            "max_features": "auto",
            "min_samples_leaf": 1,
            "n_estimators": 100,
            "min_samples_split": 3
        },
        "best_iteration": null,
        "done_at": 1640298823533,
        "split_id": 0
    },
    {
        "test_score_gib": 0.6696929820409168,
        "train_score": 0.9892016086143329,
        "test_score": 0.6696929820409168,
        "num_samples": 2046,
        "fit_time": 1158,
        "score_time": 417,
        "time": 1575,
        "parameters": {
            "max_depth": 13,
            "max_features": "auto",
            "min_samples_leaf": 1,
            "n_estimators": 100,
            "min_samples_split": 3
        },
        "best_iteration": null,
        "done_at": 1640298823537,
        "split_id": 1
    },
    {
        "test_score_gib": 0.6166884519208912,
        "train_score": 0.9914975802115075,
        "test_score": 0.6166884519208912,
        "num_samples": 2045,
        "fit_time": 998,
        "score_time": 582,
        "time": 1580,
        "parameters": {
            "max_depth": 13,
            "max_features": "auto",
            "min_samples_leaf": 1,
            "n_estimators": 100,
            "min_samples_split": 3
        },
        "best_iteration": null,
        "done_at": 1640298824018,
        "split_id": 2
    },
    {
        "test_score_gib": 0.6807711615693544,
        "train_score": 0.9909670149315859,
        "test_score": 0.6807711615693544,
        "num_samples": 2044,
        "fit_time": 1020,
        "score_time": 786,
        "time": 1806,
        "parameters": {
            "max_depth": 13,
            "max_features": "auto",
            "min_samples_leaf": 1,
            "n_estimators": 100,
            "min_samples_split": 3
        },
        "best_iteration": null,
        "done_at": 1640298824283,
        "split_id": 3
    },
    {
        "test_score_gib": 0.6627374884151993,
        "train_score": 0.991934802904256,
        "test_score": 0.6627374884151993,
        "num_samples": 2044,
        "fit_time": 847,
        "score_time": 472,
        "time": 1319,
        "parameters": {
            "max_depth": 13,
            "max_features": "auto",
            "min_samples_leaf": 1,
            "n_estimators": 100,
            "min_samples_split": 3
        },
        "best_iteration": null,
        "done_at": 1640298824855,
        "split_id": 4
    },
    {
        "test_score_gib": 0.7106855125013017,
        "train_score": 0.7403889476483277,
        "test_score": 0.7106855125013017,
        "num_samples": 2046,
        "fit_time": 582,
        "score_time": 565,
        "time": 1147,
        "parameters": {
            "max_depth": 3,
            "max_features": "auto",
            "min_samples_leaf": 2,
            "n_estimators": 100,
            "min_samples_split": 6
        },
        "best_iteration": null,
        "done_at": 1640298824686,
        "split_id": 0
    },
    {
        "test_score_gib": 0.6655369264122543,
        "train_score": 0.7442422721378676,
        "test_score": 0.6655369264122543,
        "num_samples": 2046,
        "fit_time": 562,
        "score_time": 495,
        "time": 1057,
        "parameters": {
            "max_depth": 3,
            "max_features": "auto",
            "min_samples_leaf": 2,
            "n_estimators": 100,
            "min_samples_split": 6
        },
        "best_iteration": null,
        "done_at": 1640298825085,
        "split_id": 1
    },
    {
        "test_score_gib": 0.6244932560430402,
        "train_score": 0.7569143215630041,
        "test_score": 0.6244932560430402,
        "num_samples": 2045,
        "fit_time": 471,
        "score_time": 547,
        "time": 1018,
        "parameters": {
            "max_depth": 3,
            "max_features": "auto",
            "min_samples_leaf": 2,
            "n_estimators": 100,
            "min_samples_split": 6
        },
        "best_iteration": null,
        "done_at": 1640298825304,
        "split_id": 2
    },
    {
        "test_score_gib": 0.728877046648131,
        "train_score": 0.744705857867477,
        "test_score": 0.728877046648131,
        "num_samples": 2044,
        "fit_time": 439,
        "score_time": 398,
        "time": 837,
        "parameters": {
            "max_depth": 3,
            "max_features": "auto",
            "min_samples_leaf": 2,
            "n_estimators": 100,
            "min_samples_split": 6
        },
        "best_iteration": null,
        "done_at": 1640298825525,
        "split_id": 3
    },
    {
        "test_score_gib": 0.7316332638245289,
        "train_score": 0.7512993036683773,
        "test_score": 0.7316332638245289,
        "num_samples": 2044,
        "fit_time": 467,
        "score_time": 410,
        "time": 877,
        "parameters": {
            "max_depth": 3,
            "max_features": "auto",
            "min_samples_leaf": 2,
            "n_estimators": 100,
            "min_samples_split": 6
        },
        "best_iteration": null,
        "done_at": 1640298825736,
        "split_id": 4
    },
    {
        "test_score_gib": 0.6964517320054153,
        "train_score": 0.7272347011335591,
        "test_score": 0.6964517320054153,
        "num_samples": 2046,
        "fit_time": 240,
        "score_time": 156,
        "time": 396,
        "parameters": {
            "max_depth": 3,
            "max_features": "auto",
            "min_samples_leaf": 1,
            "n_estimators": 50,
            "min_samples_split": 3
        },
        "best_iteration": null,
        "done_at": 1640298825484,
        "split_id": 0
    },
    {
        "test_score_gib": 0.6680788419846823,
        "train_score": 0.7398248570352974,
        "test_score": 0.6680788419846823,
        "num_samples": 2046,
        "fit_time": 224,
        "score_time": 294,
        "time": 518,
        "parameters": {
            "max_depth": 3,
            "max_features": "auto",
            "min_samples_leaf": 1,
            "n_estimators": 50,
            "min_samples_split": 3
        },
        "best_iteration": null,
        "done_at": 1640298825824,
        "split_id": 1
    },
    {
        "test_score_gib": 0.6037877926801546,
        "train_score": 0.7528413096731792,
        "test_score": 0.6037877926801546,
        "num_samples": 2045,
        "fit_time": 228,
        "score_time": 296,
        "time": 524,
        "parameters": {
            "max_depth": 3,
            "max_features": "auto",
            "min_samples_leaf": 1,
            "n_estimators": 50,
            "min_samples_split": 3
        },
        "best_iteration": null,
        "done_at": 1640298826009,
        "split_id": 2
    },
    {
        "test_score_gib": 0.7346163500154463,
        "train_score": 0.7357513662014545,
        "test_score": 0.7346163500154463,
        "num_samples": 2044,
        "fit_time": 233,
        "score_time": 308,
        "time": 541,
        "parameters": {
            "max_depth": 3,
            "max_features": "auto",
            "min_samples_leaf": 1,
            "n_estimators": 50,
            "min_samples_split": 3
        },
        "best_iteration": null,
        "done_at": 1640298826071,
        "split_id": 3
    },
    {
        "test_score_gib": 0.7110702425084956,
        "train_score": 0.7297680282100532,
        "test_score": 0.7110702425084956,
        "num_samples": 2044,
        "fit_time": 327,
        "score_time": 412,
        "time": 739,
        "parameters": {
            "max_depth": 3,
            "max_features": "auto",
            "min_samples_leaf": 1,
            "n_estimators": 50,
            "min_samples_split": 3
        },
        "best_iteration": null,
        "done_at": 1640298826479,
        "split_id": 4
    },
    {
        "test_score_gib": 0.7113387422014787,
        "train_score": 0.7396679992112292,
        "test_score": 0.7113387422014787,
        "num_samples": 2046,
        "fit_time": 651,
        "score_time": 360,
        "time": 1011,
        "parameters": {
            "max_depth": 3,
            "max_features": "auto",
            "min_samples_leaf": 1,
            "n_estimators": 100,
            "min_samples_split": 3
        },
        "best_iteration": null,
        "done_at": 1640298826840,
        "split_id": 0
    },
    {
        "test_score_gib": 0.6655558606064622,
        "train_score": 0.7442590036391016,
        "test_score": 0.6655558606064622,
        "num_samples": 2046,
        "fit_time": 650,
        "score_time": 416,
        "time": 1066,
        "parameters": {
            "max_depth": 3,
            "max_features": "auto",
            "min_samples_leaf": 1,
            "n_estimators": 100,
            "min_samples_split": 3
        },
        "best_iteration": null,
        "done_at": 1640298827078,
        "split_id": 1
    },
    {
        "test_score_gib": 0.6246732211866334,
        "train_score": 0.7569812391706996,
        "test_score": 0.6246732211866334,
        "num_samples": 2045,
        "fit_time": 564,
        "score_time": 315,
        "time": 879,
        "parameters": {
            "max_depth": 3,
            "max_features": "auto",
            "min_samples_leaf": 1,
            "n_estimators": 100,
            "min_samples_split": 3
        },
        "best_iteration": null,
        "done_at": 1640298826953,
        "split_id": 2
    },
    {
        "test_score_gib": 0.7293887086808774,
        "train_score": 0.7453998109022579,
        "test_score": 0.7293887086808774,
        "num_samples": 2044,
        "fit_time": 356,
        "score_time": 877,
        "time": 1233,
        "parameters": {
            "max_depth": 3,
            "max_features": "auto",
            "min_samples_leaf": 1,
            "n_estimators": 100,
            "min_samples_split": 3
        },
        "best_iteration": null,
        "done_at": 1640298827719,
        "split_id": 3
    },
    {
        "test_score_gib": 0.7261546184738956,
        "train_score": 0.7482877139985847,
        "test_score": 0.7261546184738956,
        "num_samples": 2044,
        "fit_time": 676,
        "score_time": 994,
        "time": 1670,
        "parameters": {
            "max_depth": 3,
            "max_features": "auto",
            "min_samples_leaf": 1,
            "n_estimators": 100,
            "min_samples_split": 3
        },
        "best_iteration": null,
        "done_at": 1640298828513,
        "split_id": 4
    },
    {
        "test_score_gib": 0.7143492790805556,
        "train_score": 0.8452440707742501,
        "test_score": 0.7143492790805556,
        "num_samples": 2046,
        "fit_time": 2240,
        "score_time": 1059,
        "time": 3299,
        "parameters": {
            "max_depth": 6,
            "max_features": "auto",
            "min_samples_leaf": 2,
            "n_estimators": 250,
            "min_samples_split": 6
        },
        "best_iteration": null,
        "done_at": 1640298830254,
        "split_id": 0
    },
    {
        "test_score_gib": 0.674289257684916,
        "train_score": 0.8423064972004612,
        "test_score": 0.674289257684916,
        "num_samples": 2046,
        "fit_time": 2138,
        "score_time": 901,
        "time": 3039,
        "parameters": {
            "max_depth": 6,
            "max_features": "auto",
            "min_samples_leaf": 2,
            "n_estimators": 250,
            "min_samples_split": 6
        },
        "best_iteration": null,
        "done_at": 1640298830124,
        "split_id": 1
    },
    {
        "test_score_gib": 0.6131033568235205,
        "train_score": 0.8530411662783056,
        "test_score": 0.6131033568235205,
        "num_samples": 2045,
        "fit_time": 2043,
        "score_time": 1385,
        "time": 3428,
        "parameters": {
            "max_depth": 6,
            "max_features": "auto",
            "min_samples_leaf": 2,
            "n_estimators": 250,
            "min_samples_split": 6
        },
        "best_iteration": null,
        "done_at": 1640298831156,
        "split_id": 2
    },
    {
        "test_score_gib": 0.7273855035526722,
        "train_score": 0.8501373634541853,
        "test_score": 0.7273855035526722,
        "num_samples": 2044,
        "fit_time": 1535,
        "score_time": 1984,
        "time": 3519,
        "parameters": {
            "max_depth": 6,
            "max_features": "auto",
            "min_samples_leaf": 2,
            "n_estimators": 250,
            "min_samples_split": 6
        },
        "best_iteration": null,
        "done_at": 1640298832039,
        "split_id": 3
    },
    {
        "test_score_gib": 0.7222206132221193,
        "train_score": 0.8541268500954409,
        "test_score": 0.7222206132221193,
        "num_samples": 2044,
        "fit_time": 1819,
        "score_time": 1740,
        "time": 3559,
        "parameters": {
            "max_depth": 6,
            "max_features": "auto",
            "min_samples_leaf": 2,
            "n_estimators": 250,
            "min_samples_split": 6
        },
        "best_iteration": null,
        "done_at": 1640298833685,
        "split_id": 4
    },
    {
        "test_score_gib": 0.6871739768434804,
        "train_score": 0.9865415986949428,
        "test_score": 0.6871739768434804,
        "num_samples": 2046,
        "fit_time": 2333,
        "score_time": 1634,
        "time": 3967,
        "parameters": {
            "max_depth": 13,
            "max_features": "auto",
            "min_samples_leaf": 2,
            "n_estimators": 250,
            "min_samples_split": 6
        },
        "best_iteration": null,
        "done_at": 1640298834224,
        "split_id": 0
    },
    {
        "test_score_gib": 0.6714964640392316,
        "train_score": 0.9879198561090894,
        "test_score": 0.6714964640392316,
        "num_samples": 2046,
        "fit_time": 2339,
        "score_time": 1892,
        "time": 4231,
        "parameters": {
            "max_depth": 13,
            "max_features": "auto",
            "min_samples_leaf": 2,
            "n_estimators": 250,
            "min_samples_split": 6
        },
        "best_iteration": null,
        "done_at": 1640298835392,
        "split_id": 1
    },
    {
        "test_score_gib": 0.6200509585511857,
        "train_score": 0.989335902491486,
        "test_score": 0.6200509585511857,
        "num_samples": 2045,
        "fit_time": 2082,
        "score_time": 2053,
        "time": 4135,
        "parameters": {
            "max_depth": 13,
            "max_features": "auto",
            "min_samples_leaf": 2,
            "n_estimators": 250,
            "min_samples_split": 6
        },
        "best_iteration": null,
        "done_at": 1640298836180,
        "split_id": 2
    },
    {
        "test_score_gib": 0.6780873493975903,
        "train_score": 0.9891224199753816,
        "test_score": 0.6780873493975903,
        "num_samples": 2044,
        "fit_time": 2022,
        "score_time": 1396,
        "time": 3418,
        "parameters": {
            "max_depth": 13,
            "max_features": "auto",
            "min_samples_leaf": 2,
            "n_estimators": 250,
            "min_samples_split": 6
        },
        "best_iteration": null,
        "done_at": 1640298837108,
        "split_id": 3
    },
    {
        "test_score_gib": 0.668385078776645,
        "train_score": 0.9901924872299559,
        "test_score": 0.668385078776645,
        "num_samples": 2044,
        "fit_time": 2140,
        "score_time": 1063,
        "time": 3203,
        "parameters": {
            "max_depth": 13,
            "max_features": "auto",
            "min_samples_leaf": 2,
            "n_estimators": 250,
            "min_samples_split": 6
        },
        "best_iteration": null,
        "done_at": 1640298837431,
        "split_id": 4
    },
    {
        "test_score_gib": 0.7150545778148047,
        "train_score": 0.7476289072537035,
        "test_score": 0.7150545778148047,
        "num_samples": 2046,
        "fit_time": 1442,
        "score_time": 1200,
        "time": 2642,
        "parameters": {
            "max_depth": 3,
            "max_features": "auto",
            "min_samples_leaf": 2,
            "n_estimators": 250,
            "min_samples_split": 6
        },
        "best_iteration": null,
        "done_at": 1640298838038,
        "split_id": 0
    },
    {
        "test_score_gib": 0.6621335050033608,
        "train_score": 0.7447292783344985,
        "test_score": 0.6621335050033608,
        "num_samples": 2046,
        "fit_time": 914,
        "score_time": 1483,
        "time": 2397,
        "parameters": {
            "max_depth": 3,
            "max_features": "auto",
            "min_samples_leaf": 2,
            "n_estimators": 250,
            "min_samples_split": 6
        },
        "best_iteration": null,
        "done_at": 1640298838589,
        "split_id": 1
    },
    {
        "test_score_gib": 0.6323738349624914,
        "train_score": 0.7607925554161439,
        "test_score": 0.6323738349624914,
        "num_samples": 2045,
        "fit_time": 1211,
        "score_time": 611,
        "time": 1822,
        "parameters": {
            "max_depth": 3,
            "max_features": "auto",
            "min_samples_leaf": 2,
            "n_estimators": 250,
            "min_samples_split": 6
        },
        "best_iteration": null,
        "done_at": 1640298838932,
        "split_id": 2
    },
    {
        "test_score_gib": 0.7308705977757184,
        "train_score": 0.7468248824085582,
        "test_score": 0.7308705977757184,
        "num_samples": 2044,
        "fit_time": 1208,
        "score_time": 337,
        "time": 1545,
        "parameters": {
            "max_depth": 3,
            "max_features": "auto",
            "min_samples_leaf": 2,
            "n_estimators": 250,
            "min_samples_split": 6
        },
        "best_iteration": null,
        "done_at": 1640298838978,
        "split_id": 3
    },
    {
        "test_score_gib": 0.7242913963546493,
        "train_score": 0.7531602514167464,
        "test_score": 0.7242913963546493,
        "num_samples": 2044,
        "fit_time": 914,
        "score_time": 134,
        "time": 1048,
        "parameters": {
            "max_depth": 3,
            "max_features": "auto",
            "min_samples_leaf": 2,
            "n_estimators": 250,
            "min_samples_split": 6
        },
        "best_iteration": null,
        "done_at": 1640298839089,
        "split_id": 4
    }
]