{
    "startedAt": 1640298795944,
    "gridSize": 18,
    "nThreads": 4,
    "nSplits": 5,
    "metric": "ROC_AUC",
    "timeout": null,
    "gridPoints": [
        {
            "finishedAt": 1640298800484,
            "score": 0.6872661988708539,
            "testScoreGibMean": 0.6872661988708539,
            "testScoreMean": 0.6872661988708539,
            "testScoreStd": 0.04510593504956257,
            "trainScoreMean": 0.8479213642382225,
            "trainScoreStd": 0.004761156582961882,
            "time": 10852,
            "fitTimeMean": 1551.2,
            "fitTimeStd": 217.23388317663523,
            "scoreTimeMean": 619.2,
            "scoreTimeStd": 516.8777031368252,
            "best_iteration": null,
            "parameters": {
                "max_depth": 6,
                "max_features": "auto",
                "min_samples_leaf": 2,
                "n_estimators": 100,
                "min_samples_split": 6
            }
        },
        {
            "finishedAt": 1640298808482,
            "score": 0.6610991097439827,
            "testScoreGibMean": 0.6610991097439827,
            "testScoreMean": 0.6610991097439827,
            "testScoreStd": 0.02004790009536491,
            "trainScoreMean": 0.9877386829792725,
            "trainScoreStd": 0.0018269551886394275,
            "time": 5039,
            "fitTimeMean": 592.4,
            "fitTimeStd": 149.92077908015287,
            "scoreTimeMean": 415.4,
            "scoreTimeStd": 52.84543499679041,
            "best_iteration": null,
            "parameters": {
                "max_depth": 13,
                "max_features": "auto",
                "min_samples_leaf": 1,
                "n_estimators": 50,
                "min_samples_split": 3
            }
        },
        {
            "finishedAt": 1640298809143,
            "score": 0.6608733167265735,
            "testScoreGibMean": 0.6608733167265735,
            "testScoreMean": 0.6608733167265735,
            "testScoreStd": 0.02286196755604157,
            "trainScoreMean": 0.9911078769483126,
            "trainScoreStd": 0.0009844758282493771,
            "time": 33473,
            "fitTimeMean": 4523.6,
            "fitTimeStd": 921.2588344216841,
            "scoreTimeMean": 2171.0,
            "scoreTimeStd": 412.3585818192705,
            "best_iteration": null,
            "parameters": {
                "max_depth": 13,
                "max_features": "auto",
                "min_samples_leaf": 1,
                "n_estimators": 250,
                "min_samples_split": 3
            }
        },
        {
            "finishedAt": 1640298810965,
            "score": 0.6913597378604022,
            "testScoreGibMean": 0.6913597378604022,
            "testScoreMean": 0.6913597378604022,
            "testScoreStd": 0.04436791745717583,
            "trainScoreMean": 0.84876639130172,
            "trainScoreStd": 0.005061841948583511,
            "time": 7053,
            "fitTimeMean": 708.2,
            "fitTimeStd": 134.36725791650287,
            "scoreTimeMean": 702.4,
            "scoreTimeStd": 195.89446138163274,
            "best_iteration": null,
            "parameters": {
                "max_depth": 6,
                "max_features": "auto",
                "min_samples_leaf": 1,
                "n_estimators": 100,
                "min_samples_split": 3
            }
        },
        {
            "finishedAt": 1640298814905,
            "score": 0.6945224197177371,
            "testScoreGibMean": 0.6945224197177371,
            "testScoreMean": 0.6945224197177371,
            "testScoreStd": 0.04564937584629466,
            "trainScoreMean": 0.8423281770478027,
            "trainScoreStd": 0.003996146373334718,
            "time": 3222,
            "fitTimeMean": 355.8,
            "fitTimeStd": 79.995999899995,
            "scoreTimeMean": 288.6,
            "scoreTimeStd": 76.81301972973071,
            "best_iteration": null,
            "parameters": {
                "max_depth": 6,
                "max_features": "auto",
                "min_samples_leaf": 1,
                "n_estimators": 50,
                "min_samples_split": 3
            }
        },
        {
            "finishedAt": 1640298815349,
            "score": 0.6911042769391131,
            "testScoreGibMean": 0.6911042769391131,
            "testScoreMean": 0.6911042769391131,
            "testScoreStd": 0.04189188745857835,
            "trainScoreMean": 0.8499970866204417,
            "trainScoreStd": 0.005450986684444741,
            "time": 15170,
            "fitTimeMean": 1777.0,
            "fitTimeStd": 281.5151860912658,
            "scoreTimeMean": 1257.0,
            "scoreTimeStd": 115.61314804121545,
            "best_iteration": null,
            "parameters": {
                "max_depth": 6,
                "max_features": "auto",
                "min_samples_leaf": 1,
                "n_estimators": 250,
                "min_samples_split": 3
            }
        },
        {
            "finishedAt": 1640298816857,
            "score": 0.6648857258592318,
            "testScoreGibMean": 0.6648857258592318,
            "testScoreMean": 0.6648857258592318,
            "testScoreStd": 0.026906412564520487,
            "trainScoreMean": 0.9878468283685312,
            "trainScoreStd": 0.0014653859164440698,
            "time": 7074,
            "fitTimeMean": 792.2,
            "fitTimeStd": 48.06412383472729,
            "scoreTimeMean": 622.6,
            "scoreTimeStd": 195.30243214051382,
            "best_iteration": null,
            "parameters": {
                "max_depth": 13,
                "max_features": "auto",
                "min_samples_leaf": 2,
                "n_estimators": 100,
                "min_samples_split": 6
            }
        },
        {
            "finishedAt": 1640298817464,
            "score": 0.6826823299207041,
            "testScoreGibMean": 0.6826823299207041,
            "testScoreMean": 0.6826823299207041,
            "testScoreStd": 0.045058245400625606,
            "trainScoreMean": 0.7371525682688028,
            "trainScoreStd": 0.008894092692286994,
            "time": 2674,
            "fitTimeMean": 298.6,
            "fitTimeStd": 46.949334393577935,
            "scoreTimeMean": 236.2,
            "scoreTimeStd": 60.26076667285274,
            "best_iteration": null,
            "parameters": {
                "max_depth": 3,
                "max_features": "auto",
                "min_samples_leaf": 2,
                "n_estimators": 50,
                "min_samples_split": 6
            }
        },
        {
            "finishedAt": 1640298818375,
            "score": 0.6886072563608889,
            "testScoreGibMean": 0.6886072563608889,
            "testScoreMean": 0.6886072563608889,
            "testScoreStd": 0.04620714630009762,
            "trainScoreMean": 0.841234890529922,
            "trainScoreStd": 0.005651060276342457,
            "time": 3616,
            "fitTimeMean": 335.4,
            "fitTimeStd": 9.520504188329523,
            "scoreTimeMean": 387.8,
            "scoreTimeStd": 88.1621233864067,
            "best_iteration": null,
            "parameters": {
                "max_depth": 6,
                "max_features": "auto",
                "min_samples_leaf": 2,
                "n_estimators": 50,
                "min_samples_split": 6
            }
        },
        {
            "finishedAt": 1640298822431,
            "score": 0.6926876610244275,
            "testScoreGibMean": 0.6926876610244275,
            "testScoreMean": 0.6926876610244275,
            "testScoreStd": 0.03856523879940016,
            "trainScoreMean": 0.750552985101637,
            "trainScoreStd": 0.0057696245726560555,
            "time": 12381,
            "fitTimeMean": 1618.0,
            "fitTimeStd": 267.5017756950409,
            "scoreTimeMean": 858.2,
            "scoreTimeStd": 226.42561692529404,
            "best_iteration": null,
            "parameters": {
                "max_depth": 3,
                "max_features": "auto",
                "min_samples_leaf": 1,
                "n_estimators": 250,
                "min_samples_split": 3
            }
        },
        {
            "finishedAt": 1640298822460,
            "score": 0.6654694878636374,
            "testScoreGibMean": 0.6654694878636374,
            "testScoreMean": 0.6654694878636374,
            "testScoreStd": 0.02397471250025694,
            "trainScoreMean": 0.9849539004566569,
            "trainScoreStd": 0.00211081046736465,
            "time": 3996,
            "fitTimeMean": 525.4,
            "fitTimeStd": 128.962940413128,
            "scoreTimeMean": 273.8,
            "scoreTimeStd": 120.86091179533604,
            "best_iteration": null,
            "parameters": {
                "max_depth": 13,
                "max_features": "auto",
                "min_samples_leaf": 2,
                "n_estimators": 50,
                "min_samples_split": 6
            }
        },
        {
            "finishedAt": 1640298824855,
            "score": 0.6586062702270364,
            "testScoreGibMean": 0.6586062702270364,
            "testScoreMean": 0.6586062702270364,
            "testScoreStd": 0.02194904640570148,
            "trainScoreMean": 0.9906306886853403,
            "trainScoreStd": 0.0010739215633760537,
            "time": 7906,
            "fitTimeMean": 1036.8,
            "fitTimeStd": 116.55625251353958,
            "scoreTimeMean": 544.4,
            "scoreTimeStd": 132.33382031816356,
            "best_iteration": null,
            "parameters": {
                "max_depth": 13,
                "max_features": "auto",
                "min_samples_leaf": 1,
                "n_estimators": 100,
                "min_samples_split": 3
            }
        },
        {
            "finishedAt": 1640298825736,
            "score": 0.6922369577732294,
            "testScoreGibMean": 0.6922369577732294,
            "testScoreMean": 0.6922369577732294,
            "testScoreStd": 0.04131855421129495,
            "trainScoreMean": 0.7475090282110696,
            "trainScoreStd": 0.005866342616800822,
            "time": 4936,
            "fitTimeMean": 504.2,
            "fitTimeStd": 56.79929577028223,
            "scoreTimeMean": 483.0,
            "scoreTimeStd": 68.5827966767177,
            "best_iteration": null,
            "parameters": {
                "max_depth": 3,
                "max_features": "auto",
                "min_samples_leaf": 2,
                "n_estimators": 100,
                "min_samples_split": 6
            }
        },
        {
            "finishedAt": 1640298826479,
            "score": 0.6827930548199113,
            "testScoreGibMean": 0.6827930548199113,
            "testScoreMean": 0.6827930548199113,
            "testScoreStd": 0.04500809939287521,
            "trainScoreMean": 0.7370842030779711,
            "trainScoreStd": 0.00903479074143301,
            "time": 2718,
            "fitTimeMean": 250.4,
            "fitTimeStd": 38.670919306372845,
            "scoreTimeMean": 293.2,
            "scoreTimeStd": 81.44298619279625,
            "best_iteration": null,
            "parameters": {
                "max_depth": 3,
                "max_features": "auto",
                "min_samples_leaf": 1,
                "n_estimators": 50,
                "min_samples_split": 3
            }
        },
        {
            "finishedAt": 1640298828513,
            "score": 0.6914145384230874,
            "testScoreGibMean": 0.6914145384230874,
            "testScoreMean": 0.6914145384230874,
            "testScoreStd": 0.04041827580873357,
            "trainScoreMean": 0.7469181988100909,
            "trainScoreStd": 0.00574647171475295,
            "time": 5859,
            "fitTimeMean": 579.4,
            "fitTimeStd": 117.97220011511187,
            "scoreTimeMean": 592.4,
            "scoreTimeStd": 284.3790428284053,
            "best_iteration": null,
            "parameters": {
                "max_depth": 3,
                "max_features": "auto",
                "min_samples_leaf": 1,
                "n_estimators": 100,
                "min_samples_split": 3
            }
        },
        {
            "finishedAt": 1640298833685,
            "score": 0.6902636394732448,
            "testScoreGibMean": 0.6902636394732448,
            "testScoreMean": 0.6902636394732448,
            "testScoreStd": 0.04286612720532286,
            "trainScoreMean": 0.8489695549741644,
            "trainScoreStd": 0.0045349726166128874,
            "time": 16844,
            "fitTimeMean": 1955.0,
            "fitTimeStd": 251.9341183722443,
            "scoreTimeMean": 1413.8,
            "scoreTimeStd": 405.2680100871521,
            "best_iteration": null,
            "parameters": {
                "max_depth": 6,
                "max_features": "auto",
                "min_samples_leaf": 2,
                "n_estimators": 250,
                "min_samples_split": 6
            }
        },
        {
            "finishedAt": 1640298837431,
            "score": 0.6650399584813046,
            "testScoreGibMean": 0.6650399584813046,
            "testScoreMean": 0.6650399584813046,
            "testScoreStd": 0.023397464917358713,
            "trainScoreMean": 0.9886219782348996,
            "trainScoreStd": 0.0012687483320872584,
            "time": 18954,
            "fitTimeMean": 2183.2,
            "fitTimeStd": 130.23578617261848,
            "scoreTimeMean": 1607.6,
            "scoreTimeStd": 352.51246786461326,
            "best_iteration": null,
            "parameters": {
                "max_depth": 13,
                "max_features": "auto",
                "min_samples_leaf": 2,
                "n_estimators": 250,
                "min_samples_split": 6
            }
        },
        {
            "finishedAt": 1640298839089,
            "score": 0.6929371565718077,
            "testScoreGibMean": 0.6929371565718077,
            "testScoreMean": 0.6929371565718077,
            "testScoreStd": 0.03880081015246702,
            "trainScoreMean": 0.750626429054122,
            "trainScoreStd": 0.005796461926746866,
            "time": 9454,
            "fitTimeMean": 1137.8,
            "fitTimeStd": 201.4928286565058,
            "scoreTimeMean": 753.0,
            "scoreTimeStd": 511.68154158617057,
            "best_iteration": null,
            "parameters": {
                "max_depth": 3,
                "max_features": "auto",
                "min_samples_leaf": 2,
                "n_estimators": 250,
                "min_samples_split": 6
            }
        }
    ]
}