{
    "modelInputNRows": 10225,
    "modelInputNCols": 25,
    "modelInputIsSparse": false,
    "modelInputMemory": 2045000,
    "usedGridSearch": true,
    "gridSize": 18,
    "gridBestScore": 0.6945224197177371,
    "gridCells": [
        {
            "params": {
                "max_depth": 6,
                "max_features": "auto",
                "min_samples_leaf": 2,
                "n_estimators": 100,
                "min_samples_split": 6
            },
            "score": 0.6872661988708539,
            "scoreStd": 0.04510593504956257,
            "fitTime": 1.5512000000000001,
            "fitTimeStd": 0.21723388317663522,
            "scoreTime": 0.6192000000000001,
            "scoreTimeStd": 0.5168777031368251
        },
        {
            "params": {
                "max_depth": 13,
                "max_features": "auto",
                "min_samples_leaf": 1,
                "n_estimators": 250,
                "min_samples_split": 3
            },
            "score": 0.6608733167265735,
            "scoreStd": 0.02286196755604157,
            "fitTime": 4.5236,
            "fitTimeStd": 0.9212588344216841,
            "scoreTime": 2.171,
            "scoreTimeStd": 0.4123585818192705
        },
        {
            "params": {
                "max_depth": 13,
                "max_features": "auto",
                "min_samples_leaf": 1,
                "n_estimators": 50,
                "min_samples_split": 3
            },
            "score": 0.6610991097439827,
            "scoreStd": 0.02004790009536491,
            "fitTime": 0.5923999999999999,
            "fitTimeStd": 0.14992077908015286,
            "scoreTime": 0.4154,
            "scoreTimeStd": 0.05284543499679041
        },
        {
            "params": {
                "max_depth": 6,
                "max_features": "auto",
                "min_samples_leaf": 1,
                "n_estimators": 100,
                "min_samples_split": 3
            },
            "score": 0.6913597378604022,
            "scoreStd": 0.04436791745717583,
            "fitTime": 0.7082,
            "fitTimeStd": 0.13436725791650286,
            "scoreTime": 0.7024,
            "scoreTimeStd": 0.19589446138163275
        },
        {
            "params": {
                "max_depth": 6,
                "max_features": "auto",
                "min_samples_leaf": 1,
                "n_estimators": 250,
                "min_samples_split": 3
            },
            "score": 0.6911042769391131,
            "scoreStd": 0.04189188745857835,
            "fitTime": 1.777,
            "fitTimeStd": 0.2815151860912658,
            "scoreTime": 1.257,
            "scoreTimeStd": 0.11561314804121545
        },
        {
            "params": {
                "max_depth": 6,
                "max_features": "auto",
                "min_samples_leaf": 1,
                "n_estimators": 50,
                "min_samples_split": 3
            },
            "score": 0.6945224197177371,
            "scoreStd": 0.04564937584629466,
            "fitTime": 0.3558,
            "fitTimeStd": 0.079995999899995,
            "scoreTime": 0.2886,
            "scoreTimeStd": 0.07681301972973072
        },
        {
            "params": {
                "max_depth": 13,
                "max_features": "auto",
                "min_samples_leaf": 2,
                "n_estimators": 100,
                "min_samples_split": 6
            },
            "score": 0.6648857258592318,
            "scoreStd": 0.026906412564520487,
            "fitTime": 0.7922,
            "fitTimeStd": 0.04806412383472729,
            "scoreTime": 0.6226,
            "scoreTimeStd": 0.19530243214051382
        },
        {
            "params": {
                "max_depth": 3,
                "max_features": "auto",
                "min_samples_leaf": 2,
                "n_estimators": 50,
                "min_samples_split": 6
            },
            "score": 0.6826823299207041,
            "scoreStd": 0.045058245400625606,
            "fitTime": 0.29860000000000003,
            "fitTimeStd": 0.046949334393577936,
            "scoreTime": 0.2362,
            "scoreTimeStd": 0.06026076667285274
        },
        {
            "params": {
                "max_depth": 6,
                "max_features": "auto",
                "min_samples_leaf": 2,
                "n_estimators": 50,
                "min_samples_split": 6
            },
            "score": 0.6886072563608889,
            "scoreStd": 0.04620714630009762,
            "fitTime": 0.3354,
            "fitTimeStd": 0.009520504188329523,
            "scoreTime": 0.38780000000000003,
            "scoreTimeStd": 0.08816212338640671
        },
        {
            "params": {
                "max_depth": 3,
                "max_features": "auto",
                "min_samples_leaf": 1,
                "n_estimators": 250,
                "min_samples_split": 3
            },
            "score": 0.6926876610244275,
            "scoreStd": 0.03856523879940016,
            "fitTime": 1.618,
            "fitTimeStd": 0.2675017756950409,
            "scoreTime": 0.8582000000000001,
            "scoreTimeStd": 0.22642561692529403
        },
        {
            "params": {
                "max_depth": 13,
                "max_features": "auto",
                "min_samples_leaf": 2,
                "n_estimators": 50,
                "min_samples_split": 6
            },
            "score": 0.6654694878636374,
            "scoreStd": 0.02397471250025694,
            "fitTime": 0.5254,
            "fitTimeStd": 0.128962940413128,
            "scoreTime": 0.2738,
            "scoreTimeStd": 0.12086091179533603
        },
        {
            "params": {
                "max_depth": 13,
                "max_features": "auto",
                "min_samples_leaf": 1,
                "n_estimators": 100,
                "min_samples_split": 3
            },
            "score": 0.6586062702270364,
            "scoreStd": 0.02194904640570148,
            "fitTime": 1.0368,
            "fitTimeStd": 0.11655625251353957,
            "scoreTime": 0.5444,
            "scoreTimeStd": 0.13233382031816357
        },
        {
            "params": {
                "max_depth": 3,
                "max_features": "auto",
                "min_samples_leaf": 2,
                "n_estimators": 100,
                "min_samples_split": 6
            },
            "score": 0.6922369577732294,
            "scoreStd": 0.04131855421129495,
            "fitTime": 0.5042,
            "fitTimeStd": 0.05679929577028223,
            "scoreTime": 0.483,
            "scoreTimeStd": 0.06858279667671771
        },
        {
            "params": {
                "max_depth": 3,
                "max_features": "auto",
                "min_samples_leaf": 1,
                "n_estimators": 50,
                "min_samples_split": 3
            },
            "score": 0.6827930548199113,
            "scoreStd": 0.04500809939287521,
            "fitTime": 0.2504,
            "fitTimeStd": 0.03867091930637284,
            "scoreTime": 0.2932,
            "scoreTimeStd": 0.08144298619279626
        },
        {
            "params": {
                "max_depth": 3,
                "max_features": "auto",
                "min_samples_leaf": 1,
                "n_estimators": 100,
                "min_samples_split": 3
            },
            "score": 0.6914145384230874,
            "scoreStd": 0.04041827580873357,
            "fitTime": 0.5794,
            "fitTimeStd": 0.11797220011511188,
            "scoreTime": 0.5923999999999999,
            "scoreTimeStd": 0.2843790428284053
        },
        {
            "params": {
                "max_depth": 6,
                "max_features": "auto",
                "min_samples_leaf": 2,
                "n_estimators": 250,
                "min_samples_split": 6
            },
            "score": 0.6902636394732448,
            "scoreStd": 0.04286612720532286,
            "fitTime": 1.955,
            "fitTimeStd": 0.25193411837224433,
            "scoreTime": 1.4138,
            "scoreTimeStd": 0.40526801008715213
        },
        {
            "params": {
                "max_depth": 13,
                "max_features": "auto",
                "min_samples_leaf": 2,
                "n_estimators": 250,
                "min_samples_split": 6
            },
            "score": 0.6650399584813046,
            "scoreStd": 0.023397464917358713,
            "fitTime": 2.1832,
            "fitTimeStd": 0.13023578617261847,
            "scoreTime": 1.6076,
            "scoreTimeStd": 0.35251246786461327
        },
        {
            "params": {
                "max_depth": 3,
                "max_features": "auto",
                "min_samples_leaf": 2,
                "n_estimators": 250,
                "min_samples_split": 6
            },
            "score": 0.6929371565718077,
            "scoreStd": 0.03880081015246702,
            "fitTime": 1.1378,
            "fitTimeStd": 0.2014928286565058,
            "scoreTime": 0.753,
            "scoreTimeStd": 0.5116815415861705
        }
    ],
    "rawImportance": {
        "variables": [
            "Crimes <= 10km",
            "Latitude",
            "Longitude",
            "Punishments <= 10km",
            "dummy:Crime Category:Crimes Against Property",
            "dummy:Crime Category:Crimes Against Person",
            "dummy:Crime Category:Crimes Against Morality",
            "dummy:Crime Category:Other",
            "dummy:Crime type:Violence and sexual offences",
            "dummy:Crime type:Criminal damage and arson",
            "dummy:Crime type:Public order",
            "dummy:Crime type:Other theft",
            "dummy:Crime type:Shoplifting",
            "dummy:Crime type:Burglary",
            "dummy:Crime type:Vehicle crime",
            "dummy:Crime type:Drugs",
            "dummy:Crime type:Bicycle theft",
            "dummy:Crime type:Other crime",
            "dummy:Crime type:Possession of weapons",
            "dummy:Crime type:Robbery",
            "dummy:Crime type:Theft from the person"
        ],
        "importances": [
            0.12680751766374904,
            0.18441448670782049,
            0.13130834469494063,
            0.092628522027538,
            0.016848225681659612,
            0.011263034606759618,
            0.08078079085936361,
            0.001263322274714106,
            0.008061900673485884,
            0.0119844741586947,
            0.018856570342861707,
            0.05141734520128793,
            0.03196028496135637,
            0.08472860892075433,
            0.045696262617731416,
            0.08052789379431431,
            0.006373073114965719,
            0.001700250835575807,
            0.009061604484063797,
            0.0030211646444047204,
            0.001296321733958261
        ]
    },
    "probaAware": true
}