{
    "metrics": {},
    "processed_feature_names": [
        "Crimes <= 10km",
        "Latitude",
        "Longitude",
        "Punishments <= 10km",
        "dummy:Crime Category:Crimes Against Property",
        "dummy:Crime Category:Crimes Against Person",
        "dummy:Crime Category:Crimes Against Morality",
        "dummy:Crime Category:Other",
        "dummy:Crime Category:N/A",
        "dummy:Crime Category:__Others__",
        "dummy:Crime type:Violence and sexual offences",
        "dummy:Crime type:Criminal damage and arson",
        "dummy:Crime type:Public order",
        "dummy:Crime type:Other theft",
        "dummy:Crime type:Shoplifting",
        "dummy:Crime type:Burglary",
        "dummy:Crime type:Vehicle crime",
        "dummy:Crime type:Drugs",
        "dummy:Crime type:Bicycle theft",
        "dummy:Crime type:Other crime",
        "dummy:Crime type:Possession of weapons",
        "dummy:Crime type:Robbery",
        "dummy:Crime type:Theft from the person",
        "dummy:Crime type:N/A",
        "dummy:Crime type:__Others__"
    ],
    "tiMetrics": {
        "auc": 0.6804164659334352,
        "logLoss": 0.531094514170143,
        "lift": 1.5915186346220829,
        "calibrationLoss": 0.3671476807712387
    },
    "probaPercentiles": [
        0.09932406351680954,
        0.10571398447834034,
        0.11363391373170352,
        0.11831675315920284,
        0.1283892081201989,
        0.1421990149943624,
        0.15224604494843508,
        0.1692162779346804,
        0.1875284029628154,
        0.192608894338588,
        0.20064036535915178,
        0.20867949695487417,
        0.21691085875370641,
        0.22347183834443513,
        0.22866781844726924,
        0.23428543318266942,
        0.23828799925982316,
        0.24273674038779244,
        0.250746086454999,
        0.2601234608455695,
        0.2795633739936988,
        0.3048142670148994,
        0.31926394673396064,
        0.3302024413065843,
        0.3363213373827419,
        0.3416139854557494,
        0.3474721703446759,
        0.35403014536150645,
        0.3591961863849397,
        0.3678343380668921,
        0.373644538942993,
        0.38135741898181885,
        0.38618750776910565,
        0.3901645464020804,
        0.39339074776162514,
        0.397328884390458,
        0.4006046748638264,
        0.4026333745288817,
        0.40400217838147756,
        0.40851381614074816,
        0.4110668738907581,
        0.4137671464886352,
        0.4182871694700151,
        0.4214381498808213,
        0.42279024064249654,
        0.4266798313658968,
        0.428114652164139,
        0.43062409974256416,
        0.4313243048402123,
        0.43329943508431334,
        0.43538294984604886,
        0.43708958806252485,
        0.4377000933556509,
        0.4392240502498853,
        0.44140458431955304,
        0.44321098861040975,
        0.4445969400828623,
        0.44693425982939844,
        0.44736943917695887,
        0.44781287977756923,
        0.45038122541727854,
        0.45280718480938714,
        0.45382206596269514,
        0.45471848334094567,
        0.45611891201151156,
        0.45761053179609107,
        0.4581193795849396,
        0.4592233938247422,
        0.46016529291098834,
        0.46151635091909454,
        0.46234154862217186,
        0.4646988869428538,
        0.46546470732034395,
        0.4680080864079701,
        0.46974131272596764,
        0.47159663039843525,
        0.47296517196278776,
        0.4749886258362034,
        0.47556965805609175,
        0.4767464616675695,
        0.4787073771798853,
        0.4807494134071171,
        0.4826546051802989,
        0.4859834775173377,
        0.48951064224328866,
        0.4934608525883081,
        0.4988427389032862,
        0.5068971624277959,
        0.5205537894258321,
        0.5336981903751419,
        0.5431934370396283,
        0.5522454444301165,
        0.5617086976230671,
        0.5753692422485642,
        0.5885065091751298,
        0.6013577571152018,
        0.6180733486013499,
        0.6382765174339131,
        0.6823797580248051
    ],
    "perCutData": {
        "cut": [
            0,
            0.025,
            0.05,
            0.075,
            0.1,
            0.125,
            0.15,
            0.175,
            0.2,
            0.225,
            0.25,
            0.275,
            0.3,
            0.325,
            0.35,
            0.375,
            0.4,
            0.425,
            0.45,
            0.475,
            0.5,
            0.525,
            0.55,
            0.575,
            0.6,
            0.625,
            0.65,
            0.675,
            0.7,
            0.725,
            0.75,
            0.775,
            0.8,
            0.825,
            0.85,
            0.875,
            0.9,
            0.925,
            0.95,
            0.975
        ],
        "tp": [
            77,
            77,
            77,
            77,
            77,
            77,
            76,
            76,
            76,
            76,
            76,
            75,
            75,
            73,
            72,
            70,
            67,
            63,
            48,
            30,
            23,
            20,
            15,
            13,
            10,
            7,
            5,
            5,
            3,
            2,
            1,
            1,
            0,
            0,
            0,
            0,
            0,
            0,
            0,
            0
        ],
        "tn": [
            0,
            0,
            0,
            4,
            31,
            123,
            168,
            212,
            286,
            377,
            493,
            544,
            571,
            605,
            707,
            807,
            949,
            1170,
            1557,
            1993,
            2229,
            2273,
            2336,
            2389,
            2434,
            2469,
            2500,
            2509,
            2516,
            2521,
            2528,
            2531,
            2534,
            2534,
            2534,
            2534,
            2534,
            2534,
            2534,
            2534
        ],
        "fp": [
            2534,
            2534,
            2534,
            2530,
            2503,
            2411,
            2366,
            2322,
            2248,
            2157,
            2041,
            1990,
            1963,
            1929,
            1827,
            1727,
            1585,
            1364,
            977,
            541,
            305,
            261,
            198,
            145,
            100,
            65,
            34,
            25,
            18,
            13,
            6,
            3,
            0,
            0,
            0,
            0,
            0,
            0,
            0,
            0
        ],
        "fn": [
            0,
            0,
            0,
            0,
            0,
            0,
            1,
            1,
            1,
            1,
            1,
            2,
            2,
            4,
            5,
            7,
            10,
            14,
            29,
            47,
            54,
            57,
            62,
            64,
            67,
            70,
            72,
            72,
            74,
            75,
            76,
            76,
            77,
            77,
            77,
            77,
            77,
            77,
            77,
            77
        ],
        "precision": [
            0.029490616621983913,
            0.029490616621983913,
            0.029490616621983913,
            0.029535864978902954,
            0.029844961240310077,
            0.03094855305466238,
            0.031122031122031123,
            0.0316930775646372,
            0.03270223752151463,
            0.03403493058665472,
            0.03589985829003307,
            0.03631961259079903,
            0.03680078508341511,
            0.036463536463536464,
            0.037914691943127965,
            0.038953811908736785,
            0.04055690072639225,
            0.04414856341976174,
            0.04682926829268293,
            0.05253940455341506,
            0.0701219512195122,
            0.0711743772241993,
            0.07042253521126761,
            0.08227848101265822,
            0.09090909090909091,
            0.09722222222222222,
            0.1282051282051282,
            0.16666666666666666,
            0.14285714285714285,
            0.13333333333333333,
            0.14285714285714285,
            0.25,
            1.0,
            1.0,
            1.0,
            1.0,
            1.0,
            1.0,
            1.0,
            1.0
        ],
        "recall": [
            1.0,
            1.0,
            1.0,
            1.0,
            1.0,
            1.0,
            0.987012987012987,
            0.987012987012987,
            0.987012987012987,
            0.987012987012987,
            0.987012987012987,
            0.974025974025974,
            0.974025974025974,
            0.948051948051948,
            0.935064935064935,
            0.9090909090909091,
            0.8701298701298701,
            0.8181818181818182,
            0.6233766233766234,
            0.38961038961038963,
            0.2987012987012987,
            0.2597402597402597,
            0.19480519480519481,
            0.16883116883116883,
            0.12987012987012986,
            0.09090909090909091,
            0.06493506493506493,
            0.06493506493506493,
            0.03896103896103896,
            0.025974025974025976,
            0.012987012987012988,
            0.012987012987012988,
            0.0,
            0.0,
            0.0,
            0.0,
            0.0,
            0.0,
            0.0,
            0.0
        ],
        "accuracy": [
            0.029490616621983913,
            0.029490616621983913,
            0.029490616621983913,
            0.031022596706242817,
            0.04136346227499042,
            0.07659900421294523,
            0.09345078513979319,
            0.11030256606664113,
            0.13864419762543087,
            0.17349674454232095,
            0.21792416698582917,
            0.2370739180390655,
            0.2474147836078131,
            0.2596706242818843,
            0.29835312140942166,
            0.33588663347376485,
            0.3891229414017618,
            0.47223286097280737,
            0.6147070088088855,
            0.774798927613941,
            0.8625047874377633,
            0.8782075833014171,
            0.9004212945231712,
            0.9199540405974722,
            0.9360398314821907,
            0.948295672156262,
            0.9594025277671391,
            0.9628494829567216,
            0.9647644580620451,
            0.9662964381463041,
            0.9685944082726925,
            0.9697433933358867,
            0.9705093833780161,
            0.9705093833780161,
            0.9705093833780161,
            0.9705093833780161,
            0.9705093833780161,
            0.9705093833780161,
            0.9705093833780161,
            0.9705093833780161
        ],
        "f1": [
            0.057291666666666664,
            0.057291666666666664,
            0.057291666666666664,
            0.05737704918032786,
            0.05796010538200979,
            0.06003898635477582,
            0.06034140531957126,
            0.061414141414141414,
            0.06330695543523533,
            0.0658008658008658,
            0.06927985414767548,
            0.0700280112044818,
            0.07092198581560283,
            0.07022607022607022,
            0.07287449392712551,
            0.07470651013874066,
            0.07750144592249855,
            0.08377659574468087,
            0.08711433756805807,
            0.0925925925925926,
            0.11358024691358026,
            0.11173184357541902,
            0.10344827586206896,
            0.11063829787234042,
            0.10695187165775401,
            0.09395973154362415,
            0.08620689655172413,
            0.09345794392523363,
            0.061224489795918366,
            0.043478260869565216,
            0.02380952380952381,
            0.02469135802469136,
            0.0,
            0.0,
            0.0,
            0.0,
            0.0,
            0.0,
            0.0,
            0.0
        ],
        "mcc": [
            0.0,
            0.0,
            0.0,
            0.0068281261698334835,
            0.019107904025065178,
            0.03875871990246953,
            0.03665658472063974,
            0.04368186850949062,
            0.054020623550743226,
            0.0652867416933117,
            0.07842631438625251,
            0.07850164671518159,
            0.08149113527518033,
            0.07473022105900806,
            0.08132104125395821,
            0.08311087268833604,
            0.0858530517955312,
            0.09511904479964943,
            0.08239177648764036,
            0.07207908525156376,
            0.09103392282124781,
            0.0855658160069496,
            0.07210834334663123,
            0.0791903141238062,
            0.07613716900648419,
            0.06741933625484425,
            0.07185153099680265,
            0.08741845412785137,
            0.06033965302927243,
            0.04665815171575267,
            0.03474334055018866,
            0.051055761588073095,
            0.0,
            0.0,
            0.0,
            0.0,
            0.0,
            0.0,
            0.0,
            0.0
        ],
        "hammingLoss": [
            0.9705093833780161,
            0.9705093833780161,
            0.9705093833780161,
            0.9689774032937571,
            0.9586365377250096,
            0.9234009957870548,
            0.9065492148602068,
            0.8896974339333589,
            0.8613558023745691,
            0.826503255457679,
            0.7820758330141708,
            0.7629260819609345,
            0.7525852163921869,
            0.7403293757181156,
            0.7016468785905783,
            0.6641133665262352,
            0.6108770585982383,
            0.5277671390271926,
            0.38529299119111454,
            0.225201072386059,
            0.13749521256223668,
            0.12179241669858291,
            0.0995787054768288,
            0.08004595940252776,
            0.06396016851780927,
            0.05170432784373803,
            0.040597472232860976,
            0.03715051704327844,
            0.035235541937954806,
            0.0337035618536959,
            0.031405591727307544,
            0.030256606664113367,
            0.029490616621983913,
            0.029490616621983913,
            0.029490616621983913,
            0.029490616621983913,
            0.029490616621983913,
            0.029490616621983913,
            0.029490616621983913,
            0.029490616621983913
        ],
        "assertionsMetrics": []
    },
    "optimalThreshold": 0.5,
    "usedThreshold": 0.5,
    "rocVizData": [
        [
            {
                "x": 0.0,
                "y": 0.0,
                "p": 1.7870472129992656
            },
            {
                "x": 0.009471191791633781,
                "y": 0.05194805194805195,
                "p": 0.6823797580248051
            },
            {
                "x": 0.021704814522494082,
                "y": 0.09090909090909091,
                "p": 0.6325900263847493
            },
            {
                "x": 0.033543804262036306,
                "y": 0.12987012987012986,
                "p": 0.6071329125538344
            },
            {
                "x": 0.052486187845303865,
                "y": 0.16883116883116883,
                "p": 0.5806101079190973
            },
            {
                "x": 0.07892659826361484,
                "y": 0.19480519480519481,
                "p": 0.5493295883543868
            },
            {
                "x": 0.09076558800315707,
                "y": 0.23376623376623376,
                "p": 0.5393856989597208
            },
            {
                "x": 0.1148382004735596,
                "y": 0.2597402597402597,
                "p": 0.5087198658648141
            },
            {
                "x": 0.12430939226519337,
                "y": 0.3116883116883117,
                "p": 0.49905301613981606
            },
            {
                "x": 0.1495659037095501,
                "y": 0.33766233766233766,
                "p": 0.4872710129823421
            },
            {
                "x": 0.17561168113654302,
                "y": 0.36363636363636365,
                "p": 0.48074345832834886
            },
            {
                "x": 0.20007892659826362,
                "y": 0.38961038961038963,
                "p": 0.4764795598288644
            },
            {
                "x": 0.23993685872138912,
                "y": 0.4025974025974026,
                "p": 0.47045541653072837
            },
            {
                "x": 0.27071823204419887,
                "y": 0.42857142857142855,
                "p": 0.4654599232458082
            },
            {
                "x": 0.27387529597474347,
                "y": 0.4935064935064935,
                "p": 0.4646988869428537
            },
            {
                "x": 0.31057616416732436,
                "y": 0.5194805194805194,
                "p": 0.4595440364248999
            },
            {
                "x": 0.33859510655090763,
                "y": 0.5454545454545454,
                "p": 0.4568376934448059
            },
            {
                "x": 0.3622730860299921,
                "y": 0.5844155844155844,
                "p": 0.45385602278066595
            },
            {
                "x": 0.3855564325177585,
                "y": 0.6233766233766234,
                "p": 0.45001956647264635
            },
            {
                "x": 0.4155485398579321,
                "y": 0.6493506493506493,
                "p": 0.44693425982939844
            },
            {
                "x": 0.44159431728492504,
                "y": 0.6753246753246753,
                "p": 0.4416616777540844
            },
            {
                "x": 0.468034727703236,
                "y": 0.7142857142857143,
                "p": 0.4375489996752829
            },
            {
                "x": 0.4972375690607735,
                "y": 0.7402597402597403,
                "p": 0.43285793187937577
            },
            {
                "x": 0.510655090765588,
                "y": 0.7922077922077922,
                "p": 0.4307975872995402
            },
            {
                "x": 0.5378847671665351,
                "y": 0.8181818181818182,
                "p": 0.4259230665046486
            },
            {
                "x": 0.5737963693764798,
                "y": 0.8441558441558441,
                "p": 0.4136384347651838
            },
            {
                "x": 0.6128650355169692,
                "y": 0.8571428571428571,
                "p": 0.40267138829450616
            },
            {
                "x": 0.6385161799526441,
                "y": 0.8831168831168831,
                "p": 0.3957773491624672
            },
            {
                "x": 0.665351223362273,
                "y": 0.9090909090909091,
                "p": 0.3842271191605303
            },
            {
                "x": 0.6949486977111287,
                "y": 0.935064935064935,
                "p": 0.36687230793252235
            },
            {
                "x": 0.7454617205998422,
                "y": 0.935064935064935,
                "p": 0.3363213373827419
            },
            {
                "x": 0.7703235990528808,
                "y": 0.974025974025974,
                "p": 0.31285141305757597
            },
            {
                "x": 0.8078137332280979,
                "y": 0.987012987012987,
                "p": 0.24603441891116273
            },
            {
                "x": 0.8583267561168114,
                "y": 0.987012987012987,
                "p": 0.22264931254370773
            },
            {
                "x": 0.9084451460142068,
                "y": 0.987012987012987,
                "p": 0.1875284029628154
            },
            {
                "x": 0.9455406471981057,
                "y": 1.0,
                "p": 0.13223571756530217
            },
            {
                "x": 0.9960536700868192,
                "y": 1.0,
                "p": 0.07665903610211436
            },
            {
                "x": 1.0,
                "y": 1.0,
                "p": 0.054721125114705824
            }
        ]
    ],
    "liftVizData": {
        "bins": [
            {
                "bin_pos_prop": 0.0689655172,
                "bin_lift": 2.3385579937,
                "cum_lift": 0.2337662338,
                "cum_size": 0.0999617005,
                "bin_min": 0.5336981904,
                "bin_max": 0.787047213,
                "percentile_idx": 0
            },
            {
                "bin_pos_prop": 0.0459770115,
                "bin_lift": 1.5590386625,
                "cum_lift": 0.3896103896,
                "cum_size": 0.199923401,
                "bin_min": 0.4767464617,
                "bin_max": 0.5336981904,
                "percentile_idx": 1
            },
            {
                "bin_pos_prop": 0.0348837209,
                "bin_lift": 1.1828752643,
                "cum_lift": 0.5064935065,
                "cum_size": 0.2987361164,
                "bin_min": 0.4615163509,
                "bin_max": 0.4767464617,
                "percentile_idx": 2
            },
            {
                "bin_pos_prop": 0.0378787879,
                "bin_lift": 1.2844352617,
                "cum_lift": 0.6363636364,
                "cum_size": 0.399846802,
                "bin_min": 0.4478128798,
                "bin_max": 0.4615163509,
                "percentile_idx": 3
            },
            {
                "bin_pos_prop": 0.0268199234,
                "bin_lift": 0.9094392198,
                "cum_lift": 0.7272727273,
                "cum_size": 0.4998085025,
                "bin_min": 0.4332994351,
                "bin_max": 0.4478128798,
                "percentile_idx": 4
            },
            {
                "bin_pos_prop": 0.0383141762,
                "bin_lift": 1.2991988854,
                "cum_lift": 0.8571428571,
                "cum_size": 0.599770203,
                "bin_min": 0.4085138161,
                "bin_max": 0.4332994351,
                "percentile_idx": 5
            },
            {
                "bin_pos_prop": 0.0191570881,
                "bin_lift": 0.6495994427,
                "cum_lift": 0.9220779221,
                "cum_size": 0.6997319035,
                "bin_min": 0.3678343381,
                "bin_max": 0.4085138161,
                "percentile_idx": 6
            },
            {
                "bin_pos_prop": 0.0191570881,
                "bin_lift": 0.6495994427,
                "cum_lift": 0.987012987,
                "cum_size": 0.799693604,
                "bin_min": 0.2601234608,
                "bin_max": 0.3678343381,
                "percentile_idx": 7
            },
            {
                "bin_pos_prop": 0.0,
                "bin_lift": 0.0,
                "cum_lift": 0.987012987,
                "cum_size": 0.8996553045,
                "bin_min": 0.1926088943,
                "bin_max": 0.2601234608,
                "percentile_idx": 8
            },
            {
                "bin_pos_prop": 0.0038167939,
                "bin_lift": 0.1294240111,
                "cum_lift": 1.0,
                "cum_size": 1.0,
                "bin_min": 0.0547211251,
                "bin_max": 0.1926088943,
                "percentile_idx": 9
            }
        ],
        "wizard": {
            "positives": 77,
            "total": 2611
        }
    },
    "densityData": {
        "0": {
            "correct": [
                9.701164260499568e-15,
                1.2465974690912994e-13,
                1.418652896480929e-12,
                1.4298964167173788e-11,
                1.2765844224515348e-10,
                1.0096213537949552e-09,
                7.074437830923046e-09,
                4.3926629143026117e-08,
                2.4175139573702437e-07,
                1.1796470567272416e-06,
                5.105778996691992e-06,
                1.9613341338251457e-05,
                6.692225618272886e-05,
                0.00020305225188486969,
                0.0005487220112181189,
                0.001323675249329888,
                0.0028594523201956952,
                0.005556699235578285,
                0.009774769256474082,
                0.015696741863857184,
                0.023257544979204854,
                0.03219136533322044,
                0.04214765007874952,
                0.05275148515572375,
                0.06355587247151444,
                0.07400334424170193,
                0.08358667930707704,
                0.0922541565987027,
                0.10086656746272948,
                0.11141050383983427,
                0.12677439580260996,
                0.1500773378103789,
                0.18370908802374505,
                0.228415385136859,
                0.28289624875141955,
                0.3442498452869074,
                0.4090901676191327,
                0.474651749605632,
                0.5392213656599829,
                0.6018543429643516,
                0.6619230154116037,
                0.7190823076588774,
                0.7739858457393053,
                0.8301060702596774,
                0.8970561872691765,
                0.9948563248593967,
                1.1563935121896554,
                1.4236261546796447,
                1.8344801850742742,
                2.4026475046978315,
                3.0989342655299548,
                3.845574663026774,
                4.530649128577198,
                5.0396967115728115,
                5.291626907077404,
                5.262698998996412,
                4.9882184804852505,
                4.543289251500164,
                4.014228341835222,
                3.4747817323452552,
                2.9751034200969646,
                2.5419574902060895,
                2.183332040478174,
                1.8926632510816552,
                1.6531019290095044,
                1.4443254729712784,
                1.251528845048311,
                1.0724663143116213,
                0.9183487654526982,
                0.8081386395162818,
                0.7596019216722261,
                0.781313870428658,
                0.8680890634510264,
                1.000481283785574,
                1.148360633088646,
                1.2781460078752651,
                1.3618476145972995,
                1.384483777536037,
                1.3467794060284617,
                1.2627255307411978,
                1.154241197925503,
                1.0454613930799581,
                0.9575591595518347,
                0.9039391180788896,
                0.8862998921944076,
                0.893269721663867,
                0.9033461507663108,
                0.8922188290098338,
                0.8420386929827737,
                0.7484084827424149,
                0.6214573683544112,
                0.48057367441110804,
                0.34608848523157976,
                0.23251198859517444,
                0.14602309156186324,
                0.08582059955061219,
                0.047168668218409884,
                0.024178601773963963,
                0.011508820852072848,
                0.005059862783232457
            ],
            "incorrect": [
                2.102259432765031e-06,
                5.773699517364678e-06,
                1.5101683517644345e-05,
                3.762116801053348e-05,
                8.92724558141214e-05,
                0.00020180733162502066,
                0.0004346745360516861,
                0.00089226924681767,
                0.0017460596727479592,
                0.0032585187735483575,
                0.005802262811222997,
                0.009864500035924591,
                0.016025909334157606,
                0.024906720207353603,
                0.03708215094430778,
                0.05298270940539978,
                0.07280689012299013,
                0.09647730337695956,
                0.12366100388303891,
                0.15385188950681972,
                0.18648681003960213,
                0.22105155799647458,
                0.2571392278000704,
                0.2944514378742537,
                0.33276898150951445,
                0.37194155561433395,
                0.4119398129058044,
                0.45297581919162416,
                0.4956465723525632,
                0.5410164467285281,
                0.590552380730353,
                0.6458695339746635,
                0.7083235528406244,
                0.7785689951903569,
                0.8562545814988901,
                0.9400150580060299,
                1.0278399759968482,
                1.117776088045604,
                1.208801097429625,
                1.3016429006858357,
                1.3993350098300645,
                1.5073779947754653,
                1.6334674622909566,
                1.7867991298559376,
                1.9769552600130496,
                2.212351708767485,
                2.498252587640931,
                2.8344963857746093,
                3.2133138254436044,
                3.6178594314256345,
                4.022178509905624,
                4.393162170674143,
                4.694578692075172,
                4.892625131147847,
                4.961848379683536,
                4.889991843696645,
                4.680489270483789,
                4.351928768931878,
                3.9346440863251906,
                3.4653566914616274,
                2.981226813753742,
                2.5146571631251824,
                2.0897952816948484,
                1.7210957027660008,
                1.4137548349580977,
                1.1654749093569772,
                0.9688929547620482,
                0.8140790213430134,
                0.6906774428443188,
                0.5894575483161182,
                0.5032089795564533,
                0.4270426756033369,
                0.3582372170784019,
                0.2958025847501415,
                0.23992484018852253,
                0.19141732491879496,
                0.1512533297968958,
                0.12020862668038379,
                0.0986113904841546,
                0.08618563981299106,
                0.08197887361406893,
                0.08437651225412521,
                0.09121427191719811,
                0.09999530730836172,
                0.10819823038538383,
                0.11363050884819198,
                0.11475339547731758,
                0.11089605380870746,
                0.10229777646313472,
                0.08996425065150725,
                0.07537936834276354,
                0.060155495943033536,
                0.04571603763530099,
                0.033082400269338445,
                0.02279516472108323,
                0.014955353683311844,
                0.009342309898390988,
                0.005556651214745174,
                0.003146821441163786,
                0.0016967995944380334
            ],
            "correctMedian": 0.5680662769219049,
            "incorrectMedian": 0.5367397135980959
        },
        "1": {
            "correct": [
                0.0016967995944380486,
                0.003146821441163819,
                0.005556651214745249,
                0.009342309898391072,
                0.014955353683312004,
                0.022795164721083463,
                0.03308240026933867,
                0.04571603763530133,
                0.06015549594303383,
                0.07537936834276387,
                0.08996425065150765,
                0.10229777646313495,
                0.1108960538087076,
                0.11475339547731764,
                0.11363050884819188,
                0.10819823038538373,
                0.09999530730836154,
                0.09121427191719794,
                0.08437651225412508,
                0.08197887361406893,
                0.08618563981299109,
                0.09861139048415478,
                0.1202086266803839,
                0.151253329796896,
                0.19141732491879532,
                0.23992484018852253,
                0.2958025847501416,
                0.3582372170784017,
                0.42704267560333714,
                0.5032089795564537,
                0.5894575483161182,
                0.6906774428443196,
                0.8140790213430148,
                0.96889295476205,
                1.1654749093569783,
                1.4137548349581028,
                1.7210957027660083,
                2.0897952816948524,
                2.514657163125189,
                2.98122681375375,
                3.4653566914616336,
                3.9346440863251977,
                4.351928768931878,
                4.680489270483793,
                4.88999184369665,
                4.961848379683536,
                4.8926251311478515,
                4.694578692075163,
                4.393162170674139,
                4.022178509905624,
                3.6178594314256345,
                3.2133138254435987,
                2.8344963857746017,
                2.4982525876409265,
                2.212351708767477,
                1.976955260013046,
                1.786799129855933,
                1.6334674622909537,
                1.5073779947754626,
                1.3993350098300619,
                1.3016429006858345,
                1.208801097429625,
                1.117776088045604,
                1.0278399759968473,
                0.9400150580060299,
                0.8562545814988901,
                0.7785689951903562,
                0.7083235528406244,
                0.645869533974663,
                0.590552380730353,
                0.5410164467285276,
                0.49564657235256254,
                0.4529758191916238,
                0.4119398129058036,
                0.3719415556143336,
                0.3327689815095139,
                0.2944514378742533,
                0.2571392278000703,
                0.22105155799647436,
                0.18648681003960213,
                0.15385188950681958,
                0.12366100388303902,
                0.09647730337695952,
                0.07280689012299023,
                0.052982709405399946,
                0.037082150944307814,
                0.02490672020735369,
                0.01602590933415762,
                0.009864500035924635,
                0.005802262811223002,
                0.003258518773548375,
                0.0017460596727479716,
                0.0008922692468176732,
                0.00043467453605168917,
                0.000201807331625021,
                8.927245581412204e-05,
                3.762116801053402e-05,
                1.5101683517644451e-05,
                5.77369951736474e-06,
                2.102259432765068e-06
            ],
            "incorrect": [
                0.0050598627832324754,
                0.011508820852072837,
                0.02417860177396426,
                0.04716866821841022,
                0.08582059955061296,
                0.14602309156186455,
                0.23251198859517566,
                0.34608848523158225,
                0.4805736744111034,
                0.6214573683544206,
                0.7484084827424196,
                0.8420386929827789,
                0.8922188290098307,
                0.9033461507663108,
                0.8932697216638734,
                0.8862998921944036,
                0.903939118078896,
                0.957559159551827,
                1.0454613930799572,
                1.1542411979254958,
                1.2627255307411953,
                1.3467794060284761,
                1.3844837775360246,
                1.361847614597297,
                1.2781460078752696,
                1.148360633088648,
                1.000481283785582,
                0.8680890634510333,
                0.7813138704286587,
                0.7596019216722267,
                0.8081386395162632,
                0.9183487654526966,
                1.072466314311628,
                1.2515288450483333,
                1.4443254729713042,
                1.6531019290095368,
                1.8926632510816788,
                2.183332040478178,
                2.5419574902060487,
                2.9751034200969597,
                3.4747817323452987,
                4.014228341835128,
                4.543289251500228,
                4.988218480485197,
                5.2626989989962905,
                5.2916269070774895,
                5.039696711572713,
                4.530649128577231,
                3.8455746630268424,
                3.0989342655299383,
                2.40264750469781,
                1.8344801850742611,
                1.4236261546796474,
                1.1563935121896214,
                0.9948563248593861,
                0.8970561872691502,
                0.8301060702596811,
                0.7739858457392964,
                0.7190823076588742,
                0.6619230154115919,
                0.6018543429643639,
                0.5392213656599728,
                0.4746517496056185,
                0.4090901676191363,
                0.3442498452869089,
                0.28289624875141905,
                0.22841538513685777,
                0.18370908802374555,
                0.1500773378103789,
                0.12677439580261007,
                0.11141050383983446,
                0.10086656746272958,
                0.09225415659870295,
                0.08358667930707682,
                0.07400334424170162,
                0.06355587247151433,
                0.05275148515572346,
                0.04214765007874941,
                0.03219136533322015,
                0.023257544979204712,
                0.015696741863857017,
                0.009774769256474004,
                0.005556699235578201,
                0.0028594523201956597,
                0.0013236752493298763,
                0.0005487220112181126,
                0.00020305225188486825,
                6.692225618272791e-05,
                1.961334133825114e-05,
                5.105778996691883e-06,
                1.1796470567272268e-06,
                2.4175139573702267e-07,
                4.392662914302518e-08,
                7.0744378309229965e-09,
                1.0096213537949335e-09,
                1.2765844224515167e-10,
                1.4298964167173686e-11,
                1.4186528964809088e-12,
                1.2465974690912726e-13,
                9.701164260499635e-15
            ],
            "correctMedian": 0.46326028640190403,
            "incorrectMedian": 0.431933723078095
        }
    },
    "calibrationData": [
        {
            "y": 0,
            "x": 0,
            "n": 0
        },
        {
            "y": 0.0,
            "x": 0.08392095530421192,
            "n": 31.0
        },
        {
            "y": 0.00390625,
            "x": 0.14698033588050063,
            "n": 256.0
        },
        {
            "y": 0.0034965034965034965,
            "x": 0.23876877015910883,
            "n": 286.0
        },
        {
            "y": 0.02072538860103627,
            "x": 0.36130034459591753,
            "n": 386.0
        },
        {
            "y": 0.03323262839879154,
            "x": 0.45016569189023314,
            "n": 1324.0
        },
        {
            "y": 0.05963302752293578,
            "x": 0.5493022121328198,
            "n": 218.0
        },
        {
            "y": 0.07865168539325842,
            "x": 0.6330664851524767,
            "n": 89.0
        },
        {
            "y": 0.14285714285714285,
            "x": 0.7397191489591525,
            "n": 21.0
        },
        {
            "y": 1,
            "x": 1,
            "n": 0
        }
    ],
    "probaDistribData": {
        "bins": [
            0.0,
            0.1,
            0.2,
            0.3,
            0.4,
            0.5,
            0.6,
            0.7,
            0.8,
            0.9,
            1.0
        ],
        "probaDistribs": [
            [
                31.0,
                255.0,
                285.0,
                378.0,
                1280.0,
                205.0,
                82.0,
                18.0,
                0.0,
                0.0
            ],
            [
                0.0,
                1.0,
                1.0,
                8.0,
                44.0,
                13.0,
                7.0,
                3.0,
                0.0,
                0.0
            ]
        ]
    },
    "globalMetrics": {
        "testWeight": 2611,
        "targetAvg": [
            0.029490616621983913
        ],
        "targetStd": [
            0.16920959199474994
        ],
        "predictionAvg": [
            0.12562236690923018
        ],
        "predictionStd": [
            0.33148676091855744
        ]
    }
}