{
  "state": "DONE",
  "preSearchDescription": {
    "gridLength": 18,
    "searchStrategy": "GRID",
    "importantParams": [
      {
        "name": "trees",
        "vals": [
          "100",
          "50",
          "250"
        ]
      },
      {
        "name": "depth",
        "vals": [
          "6",
          "13",
          "3"
        ]
      },
      {
        "name": "min_samples",
        "vals": [
          "1",
          "2"
        ]
      }
    ]
  },
  "postSearchDescription": {
    "importantParams": [
      {
        "name": "trees",
        "val": "50"
      },
      {
        "name": "depth",
        "val": "6"
      },
      {
        "name": "min_samples",
        "val": "1"
      }
    ]
  },
  "resumed": false,
  "timeOrderingEnabled": false,
  "sampleWeightsEnabled": false,
  "modelId": "m1",
  "progress": {
    "top_level_todo": [],
    "stack": [],
    "top_level_done": [
      {
        "name": "Loading train set",
        "time": 47
      },
      {
        "name": "Loading test set",
        "time": 16
      },
      {
        "name": "Collecting statistics",
        "time": 13
      },
      {
        "name": "Preprocessing train set",
        "time": 51
      },
      {
        "name": "Preprocessing test set",
        "time": 15
      },
      {
        "name": "Hyperparameter searching",
        "time": 43371
      },
      {
        "name": "Fitting model",
        "time": 324
      },
      {
        "name": "Saving model",
        "time": 19
      },
      {
        "name": "Scoring model",
        "time": 1150
      }
    ]
  },
  "startTime": 1640298795784,
  "endTime": 1640298840835,
  "preprocessingTime": 143,
  "trainingTime": 44908,
  "hyperparamsSearchTime": 43371
}