{
    "per_feature": {
        "Punishment": {
            "stats": {}
        },
        "GeoPoint": {
            "stats": {}
        },
        "LSOA name": {
            "stats": {}
        },
        "Latitude": {
            "stats": {
                "min": 50.593349,
                "average": 50.952379395990114,
                "median": 50.907902,
                "max": 51.40755,
                "p99": 51.337124,
                "std": 0.17730643096329093
            },
            "missing_impute_with_value": 50.952379395990114
        },
        "Crime Category": {
            "stats": {
                "mostFrequentValue": "Crimes Against Property",
                "leastFrequentValue": "Other"
            },
            "category_possible_values": [
                "Crimes Against Property",
                "Crimes Against Person",
                "Crimes Against Morality",
                "Other"
            ],
            "category_possible_counts": [
                4519,
                4158,
                1363,
                185
            ]
        },
        "Longitude": {
            "stats": {
                "min": -1.900712,
                "average": -1.209809954034235,
                "median": -1.183537,
                "max": -0.604057,
                "p99": -0.7491062399999999,
                "std": 0.22179131511815856
            },
            "missing_impute_with_value": -1.209809954034235
        },
        "Date": {
            "stats": {
                "min": 3760387200.0,
                "average": 3760387200.0,
                "median": 3760387200.0,
                "max": 3760387200.0,
                "p99": 3760387200.0,
                "std": 0.0
            },
            "missing_impute_with_value": 3760387200.0
        },
        "Location": {
            "stats": {
                "mostFrequentValue": "Residential",
                "leastFrequentValue": "Recreation"
            },
            "category_possible_values": [
                "Residential",
                "Others",
                "Building",
                " Parking Area",
                "Recreation"
            ],
            "category_possible_counts": [
                5902,
                2262,
                1328,
                498,
                235
            ]
        },
        "Crime type": {
            "stats": {
                "mostFrequentValue": "Violence and sexual offences",
                "leastFrequentValue": "Theft from the person"
            },
            "category_possible_values": [
                "Violence and sexual offences",
                "Criminal damage and arson",
                "Public order",
                "Other theft",
                "Shoplifting",
                "Burglary",
                "Vehicle crime",
                "Drugs",
                "Bicycle theft",
                "Other crime",
                "Possession of weapons",
                "Robbery",
                "Theft from the person"
            ],
            "category_possible_counts": [
                4005,
                1221,
                952,
                832,
                829,
                735,
                712,
                277,
                190,
                185,
                134,
                92,
                61
            ]
        },
        "Test": {
            "stats": {}
        }
    },
    "feature_order": [
        "Punishment",
        "GeoPoint",
        "LSOA name",
        "Latitude",
        "Crime Category",
        "Longitude",
        "Date",
        "Location",
        "Crime type",
        "Test"
    ]
}