{
    "startedAt": 1640298713113,
    "gridSize": 4,
    "nThreads": 4,
    "nSplits": 5,
    "metric": "ROC_AUC",
    "timeout": null,
    "gridPoints": [
        {
            "finishedAt": 1640298714058,
            "score": 0.6104268830714872,
            "testScoreGibMean": 0.6104268830714872,
            "testScoreMean": 0.6104268830714872,
            "testScoreStd": 0.03906599048657132,
            "trainScoreMean": 0.9314588709237398,
            "trainScoreStd": 0.0034750837817967223,
            "time": 2395,
            "fitTimeMean": 23.0,
            "fitTimeStd": 9.757048734120374,
            "scoreTimeMean": 456.0,
            "scoreTimeStd": 12.537942414925983,
            "best_iteration": null,
            "parameters": {
                "n_neighbors": 10
            }
        },
        {
            "finishedAt": 1640298714373,
            "score": 0.5947645332561544,
            "testScoreGibMean": 0.5947645332561544,
            "testScoreMean": 0.5947645332561544,
            "testScoreStd": 0.03355584276378848,
            "trainScoreMean": 0.9588982457716478,
            "trainScoreStd": 0.0034322501636896217,
            "time": 1925,
            "fitTimeMean": 20.6,
            "fitTimeStd": 12.289833196589774,
            "scoreTimeMean": 364.4,
            "scoreTimeStd": 68.14279125483488,
            "best_iteration": null,
            "parameters": {
                "n_neighbors": 5
            }
        },
        {
            "finishedAt": 1640298717080,
            "score": 0.6498002611235918,
            "testScoreGibMean": 0.6498002611235918,
            "testScoreMean": 0.6498002611235918,
            "testScoreStd": 0.0405594312532773,
            "trainScoreMean": 0.7496753790714931,
            "trainScoreStd": 0.00918392562939721,
            "time": 7480,
            "fitTimeMean": 15.8,
            "fitTimeStd": 3.655133376499413,
            "scoreTimeMean": 1480.2,
            "scoreTimeStd": 13.16662447250623,
            "best_iteration": null,
            "parameters": {
                "n_neighbors": 100
            }
        },
        {
            "finishedAt": 1640298717774,
            "score": 0.6349063720226867,
            "testScoreGibMean": 0.6349063720226867,
            "testScoreMean": 0.6349063720226867,
            "testScoreStd": 0.03688896039191817,
            "trainScoreMean": 0.7996948875691456,
            "trainScoreStd": 0.006585369316105336,
            "time": 4915,
            "fitTimeMean": 13.2,
            "fitTimeStd": 1.3266499161421599,
            "scoreTimeMean": 969.8,
            "scoreTimeStd": 227.6597461124825,
            "best_iteration": null,
            "parameters": {
                "n_neighbors": 50
            }
        }
    ]
}