[
    {
        "test_score_gib": 0.6102538128733587,
        "train_score": 0.9280709774184489,
        "test_score": 0.6102538128733587,
        "num_samples": 2046,
        "fit_time": 14,
        "score_time": 439,
        "time": 453,
        "parameters": {
            "n_neighbors": 10
        },
        "best_iteration": null,
        "done_at": 1640298713568,
        "split_id": 0
    },
    {
        "test_score_gib": 0.6705166194889661,
        "train_score": 0.9277919198800113,
        "test_score": 0.6705166194889661,
        "num_samples": 2046,
        "fit_time": 20,
        "score_time": 454,
        "time": 474,
        "parameters": {
            "n_neighbors": 10
        },
        "best_iteration": null,
        "done_at": 1640298713614,
        "split_id": 1
    },
    {
        "test_score_gib": 0.5543494733651587,
        "train_score": 0.9364766684591026,
        "test_score": 0.5543494733651587,
        "num_samples": 2045,
        "fit_time": 27,
        "score_time": 478,
        "time": 505,
        "parameters": {
            "n_neighbors": 10
        },
        "best_iteration": null,
        "done_at": 1640298713623,
        "split_id": 2
    },
    {
        "test_score_gib": 0.6293056842755638,
        "train_score": 0.9345029048505356,
        "test_score": 0.6293056842755638,
        "num_samples": 2044,
        "fit_time": 40,
        "score_time": 456,
        "time": 496,
        "parameters": {
            "n_neighbors": 10
        },
        "best_iteration": null,
        "done_at": 1640298713613,
        "split_id": 3
    },
    {
        "test_score_gib": 0.5876776336113685,
        "train_score": 0.9304563320984497,
        "test_score": 0.5876776336113685,
        "num_samples": 2044,
        "fit_time": 14,
        "score_time": 453,
        "time": 467,
        "parameters": {
            "n_neighbors": 10
        },
        "best_iteration": null,
        "done_at": 1640298714058,
        "split_id": 4
    },
    {
        "test_score_gib": 0.6302293877628302,
        "train_score": 0.9561515156947458,
        "test_score": 0.6302293877628302,
        "num_samples": 2046,
        "fit_time": 13,
        "score_time": 439,
        "time": 452,
        "parameters": {
            "n_neighbors": 5
        },
        "best_iteration": null,
        "done_at": 1640298714076,
        "split_id": 0
    },
    {
        "test_score_gib": 0.6341061640269243,
        "train_score": 0.9545644132919827,
        "test_score": 0.6341061640269243,
        "num_samples": 2046,
        "fit_time": 45,
        "score_time": 451,
        "time": 496,
        "parameters": {
            "n_neighbors": 5
        },
        "best_iteration": null,
        "done_at": 1640298714147,
        "split_id": 1
    },
    {
        "test_score_gib": 0.5464973099946957,
        "train_score": 0.9630653641632312,
        "test_score": 0.5464973099946957,
        "num_samples": 2045,
        "fit_time": 13,
        "score_time": 342,
        "time": 355,
        "parameters": {
            "n_neighbors": 5
        },
        "best_iteration": null,
        "done_at": 1640298714035,
        "split_id": 2
    },
    {
        "test_score_gib": 0.5898401297497682,
        "train_score": 0.9580179226602128,
        "test_score": 0.5898401297497682,
        "num_samples": 2044,
        "fit_time": 17,
        "score_time": 292,
        "time": 309,
        "parameters": {
            "n_neighbors": 5
        },
        "best_iteration": null,
        "done_at": 1640298714345,
        "split_id": 3
    },
    {
        "test_score_gib": 0.573100092678406,
        "train_score": 0.9626969024838404,
        "test_score": 0.573100092678406,
        "num_samples": 2044,
        "fit_time": 15,
        "score_time": 298,
        "time": 313,
        "parameters": {
            "n_neighbors": 5
        },
        "best_iteration": null,
        "done_at": 1640298714373,
        "split_id": 4
    },
    {
        "test_score_gib": 0.6607087068892066,
        "train_score": 0.7482880088915977,
        "test_score": 0.6607087068892066,
        "num_samples": 2046,
        "fit_time": 15,
        "score_time": 1497,
        "time": 1512,
        "parameters": {
            "n_neighbors": 100
        },
        "best_iteration": null,
        "done_at": 1640298715589,
        "split_id": 0
    },
    {
        "test_score_gib": 0.6733804163629307,
        "train_score": 0.7466026089190853,
        "test_score": 0.6733804163629307,
        "num_samples": 2046,
        "fit_time": 14,
        "score_time": 1486,
        "time": 1500,
        "parameters": {
            "n_neighbors": 100
        },
        "best_iteration": null,
        "done_at": 1640298715649,
        "split_id": 1
    },
    {
        "test_score_gib": 0.5703853148442828,
        "train_score": 0.7660178048634761,
        "test_score": 0.5703853148442828,
        "num_samples": 2045,
        "fit_time": 13,
        "score_time": 1483,
        "time": 1496,
        "parameters": {
            "n_neighbors": 100
        },
        "best_iteration": null,
        "done_at": 1640298715842,
        "split_id": 2
    },
    {
        "test_score_gib": 0.6614390253320976,
        "train_score": 0.7497618438813798,
        "test_score": 0.6614390253320976,
        "num_samples": 2044,
        "fit_time": 14,
        "score_time": 1478,
        "time": 1492,
        "parameters": {
            "n_neighbors": 100
        },
        "best_iteration": null,
        "done_at": 1640298715866,
        "split_id": 3
    },
    {
        "test_score_gib": 0.6830929487179488,
        "train_score": 0.7377029976154655,
        "test_score": 0.6830929487179488,
        "num_samples": 2044,
        "fit_time": 23,
        "score_time": 1457,
        "time": 1480,
        "parameters": {
            "n_neighbors": 100
        },
        "best_iteration": null,
        "done_at": 1640298717080,
        "split_id": 4
    },
    {
        "test_score_gib": 0.6336612104630357,
        "train_score": 0.7980158232197384,
        "test_score": 0.6336612104630357,
        "num_samples": 2046,
        "fit_time": 13,
        "score_time": 910,
        "time": 923,
        "parameters": {
            "n_neighbors": 50
        },
        "best_iteration": null,
        "done_at": 1640298716573,
        "split_id": 0
    },
    {
        "test_score_gib": 0.6614613411089758,
        "train_score": 0.7923973253500171,
        "test_score": 0.6614613411089758,
        "num_samples": 2046,
        "fit_time": 11,
        "score_time": 1226,
        "time": 1237,
        "parameters": {
            "n_neighbors": 50
        },
        "best_iteration": null,
        "done_at": 1640298717087,
        "split_id": 1
    },
    {
        "test_score_gib": 0.5661892854436614,
        "train_score": 0.8114808508095835,
        "test_score": 0.5661892854436614,
        "num_samples": 2045,
        "fit_time": 15,
        "score_time": 1240,
        "time": 1255,
        "parameters": {
            "n_neighbors": 50
        },
        "best_iteration": null,
        "done_at": 1640298717122,
        "split_id": 2
    },
    {
        "test_score_gib": 0.641899328081557,
        "train_score": 0.8012832481997063,
        "test_score": 0.641899328081557,
        "num_samples": 2044,
        "fit_time": 14,
        "score_time": 800,
        "time": 814,
        "parameters": {
            "n_neighbors": 50
        },
        "best_iteration": null,
        "done_at": 1640298717388,
        "split_id": 3
    },
    {
        "test_score_gib": 0.6713295489650911,
        "train_score": 0.7953002075317988,
        "test_score": 0.6713295489650911,
        "num_samples": 2044,
        "fit_time": 13,
        "score_time": 673,
        "time": 686,
        "parameters": {
            "n_neighbors": 50
        },
        "best_iteration": null,
        "done_at": 1640298717774,
        "split_id": 4
    }
]