{
    "modelInputNRows": 10225,
    "modelInputNCols": 25,
    "modelInputIsSparse": false,
    "modelInputMemory": 2045000,
    "usedGridSearch": true,
    "gridSize": 4,
    "gridBestScore": 0.6498002611235918,
    "gridCells": [
        {
            "params": {
                "n_neighbors": 10
            },
            "score": 0.6104268830714872,
            "scoreStd": 0.03906599048657132,
            "fitTime": 0.023,
            "fitTimeStd": 0.009757048734120375,
            "scoreTime": 0.456,
            "scoreTimeStd": 0.012537942414925982
        },
        {
            "params": {
                "n_neighbors": 5
            },
            "score": 0.5947645332561544,
            "scoreStd": 0.03355584276378848,
            "fitTime": 0.0206,
            "fitTimeStd": 0.012289833196589774,
            "scoreTime": 0.3644,
            "scoreTimeStd": 0.06814279125483487
        },
        {
            "params": {
                "n_neighbors": 100
            },
            "score": 0.6498002611235918,
            "scoreStd": 0.0405594312532773,
            "fitTime": 0.0158,
            "fitTimeStd": 0.0036551333764994133,
            "scoreTime": 1.4802,
            "scoreTimeStd": 0.01316662447250623
        },
        {
            "params": {
                "n_neighbors": 50
            },
            "score": 0.6349063720226867,
            "scoreStd": 0.03688896039191817,
            "fitTime": 0.0132,
            "fitTimeStd": 0.0013266499161421598,
            "scoreTime": 0.9698,
            "scoreTimeStd": 0.22765974611248252
        }
    ],
    "probaAware": true
}