{
    "metrics": {},
    "processed_feature_names": [
        "Crimes <= 10km",
        "Latitude",
        "Longitude",
        "Punishments <= 10km",
        "dummy:Crime Category:Crimes Against Property",
        "dummy:Crime Category:Crimes Against Person",
        "dummy:Crime Category:Crimes Against Morality",
        "dummy:Crime Category:Other",
        "dummy:Crime Category:N/A",
        "dummy:Crime Category:__Others__",
        "dummy:Crime type:Violence and sexual offences",
        "dummy:Crime type:Criminal damage and arson",
        "dummy:Crime type:Public order",
        "dummy:Crime type:Other theft",
        "dummy:Crime type:Shoplifting",
        "dummy:Crime type:Burglary",
        "dummy:Crime type:Vehicle crime",
        "dummy:Crime type:Drugs",
        "dummy:Crime type:Bicycle theft",
        "dummy:Crime type:Other crime",
        "dummy:Crime type:Possession of weapons",
        "dummy:Crime type:Robbery",
        "dummy:Crime type:Theft from the person",
        "dummy:Crime type:N/A",
        "dummy:Crime type:__Others__"
    ],
    "tiMetrics": {
        "auc": 0.6689336709068359,
        "logLoss": 0.1492879872272828,
        "lift": 1.6239986067572276,
        "calibrationLoss": 0.0043776330907698184
    },
    "probaPercentiles": [
        0.0,
        0.0,
        0.0,
        0.0,
        0.0,
        0.0,
        0.0,
        0.0,
        0.0,
        0.0,
        0.0,
        0.0,
        0.0,
        0.0,
        0.0,
        0.0,
        0.0,
        0.0,
        0.0,
        0.01,
        0.01,
        0.01,
        0.01,
        0.01,
        0.01,
        0.01,
        0.01,
        0.01,
        0.01,
        0.01,
        0.01,
        0.01,
        0.01,
        0.01,
        0.01,
        0.01,
        0.01,
        0.01,
        0.01,
        0.01,
        0.02,
        0.02,
        0.02,
        0.02,
        0.02,
        0.02,
        0.02,
        0.02,
        0.02,
        0.02,
        0.02,
        0.02,
        0.02,
        0.02,
        0.02,
        0.03,
        0.03,
        0.03,
        0.03,
        0.03,
        0.03,
        0.03,
        0.03,
        0.03,
        0.03,
        0.03,
        0.03,
        0.03,
        0.03,
        0.03,
        0.03,
        0.03,
        0.04,
        0.04,
        0.04,
        0.04,
        0.04,
        0.04,
        0.04,
        0.04,
        0.04,
        0.04000000000000001,
        0.04000000000000001,
        0.05,
        0.05,
        0.05,
        0.05,
        0.05,
        0.05,
        0.06,
        0.06,
        0.06200000000000273,
        0.07,
        0.07,
        0.08,
        0.08,
        0.09,
        0.09,
        0.10900000000000092
    ],
    "perCutData": {
        "cut": [
            0,
            0.025,
            0.05,
            0.075,
            0.1,
            0.125,
            0.15,
            0.175,
            0.2,
            0.225,
            0.25,
            0.275,
            0.3,
            0.325,
            0.35,
            0.375,
            0.4,
            0.425,
            0.45,
            0.475,
            0.5,
            0.525,
            0.55,
            0.575,
            0.6,
            0.625,
            0.65,
            0.675,
            0.7,
            0.725,
            0.75,
            0.775,
            0.8,
            0.825,
            0.85,
            0.875,
            0.9,
            0.925,
            0.95,
            0.975
        ],
        "tp": [
            75,
            52,
            22,
            18,
            3,
            2,
            0,
            0,
            0,
            0,
            0,
            0,
            0,
            0,
            0,
            0,
            0,
            0,
            0,
            0,
            0,
            0,
            0,
            0,
            0,
            0,
            0,
            0,
            0,
            0,
            0,
            0,
            0,
            0,
            0,
            0,
            0,
            0,
            0,
            0
        ],
        "tn": [
            514,
            1423,
            2272,
            2411,
            2510,
            2525,
            2534,
            2534,
            2534,
            2534,
            2534,
            2534,
            2534,
            2534,
            2534,
            2534,
            2534,
            2534,
            2534,
            2534,
            2534,
            2534,
            2534,
            2534,
            2534,
            2534,
            2534,
            2534,
            2534,
            2534,
            2534,
            2534,
            2534,
            2534,
            2534,
            2534,
            2534,
            2534,
            2534,
            2534
        ],
        "fp": [
            2020,
            1111,
            262,
            123,
            24,
            9,
            0,
            0,
            0,
            0,
            0,
            0,
            0,
            0,
            0,
            0,
            0,
            0,
            0,
            0,
            0,
            0,
            0,
            0,
            0,
            0,
            0,
            0,
            0,
            0,
            0,
            0,
            0,
            0,
            0,
            0,
            0,
            0,
            0,
            0
        ],
        "fn": [
            2,
            25,
            55,
            59,
            74,
            75,
            77,
            77,
            77,
            77,
            77,
            77,
            77,
            77,
            77,
            77,
            77,
            77,
            77,
            77,
            77,
            77,
            77,
            77,
            77,
            77,
            77,
            77,
            77,
            77,
            77,
            77,
            77,
            77,
            77,
            77,
            77,
            77,
            77,
            77
        ],
        "precision": [
            0.03579952267303103,
            0.04471195184866724,
            0.07746478873239436,
            0.1276595744680851,
            0.1111111111111111,
            0.18181818181818182,
            1.0,
            1.0,
            1.0,
            1.0,
            1.0,
            1.0,
            1.0,
            1.0,
            1.0,
            1.0,
            1.0,
            1.0,
            1.0,
            1.0,
            1.0,
            1.0,
            1.0,
            1.0,
            1.0,
            1.0,
            1.0,
            1.0,
            1.0,
            1.0,
            1.0,
            1.0,
            1.0,
            1.0,
            1.0,
            1.0,
            1.0,
            1.0,
            1.0,
            1.0
        ],
        "recall": [
            0.974025974025974,
            0.6753246753246753,
            0.2857142857142857,
            0.23376623376623376,
            0.03896103896103896,
            0.025974025974025976,
            0.0,
            0.0,
            0.0,
            0.0,
            0.0,
            0.0,
            0.0,
            0.0,
            0.0,
            0.0,
            0.0,
            0.0,
            0.0,
            0.0,
            0.0,
            0.0,
            0.0,
            0.0,
            0.0,
            0.0,
            0.0,
            0.0,
            0.0,
            0.0,
            0.0,
            0.0,
            0.0,
            0.0,
            0.0,
            0.0,
            0.0,
            0.0,
            0.0,
            0.0
        ],
        "accuracy": [
            0.2255840674071237,
            0.5649176560704711,
            0.8785905783224818,
            0.9302949061662198,
            0.9624664879356568,
            0.967828418230563,
            0.9705093833780161,
            0.9705093833780161,
            0.9705093833780161,
            0.9705093833780161,
            0.9705093833780161,
            0.9705093833780161,
            0.9705093833780161,
            0.9705093833780161,
            0.9705093833780161,
            0.9705093833780161,
            0.9705093833780161,
            0.9705093833780161,
            0.9705093833780161,
            0.9705093833780161,
            0.9705093833780161,
            0.9705093833780161,
            0.9705093833780161,
            0.9705093833780161,
            0.9705093833780161,
            0.9705093833780161,
            0.9705093833780161,
            0.9705093833780161,
            0.9705093833780161,
            0.9705093833780161,
            0.9705093833780161,
            0.9705093833780161,
            0.9705093833780161,
            0.9705093833780161,
            0.9705093833780161,
            0.9705093833780161,
            0.9705093833780161,
            0.9705093833780161,
            0.9705093833780161,
            0.9705093833780161
        ],
        "f1": [
            0.06906077348066299,
            0.08387096774193549,
            0.12188365650969527,
            0.16513761467889906,
            0.05769230769230769,
            0.045454545454545456,
            0.0,
            0.0,
            0.0,
            0.0,
            0.0,
            0.0,
            0.0,
            0.0,
            0.0,
            0.0,
            0.0,
            0.0,
            0.0,
            0.0,
            0.0,
            0.0,
            0.0,
            0.0,
            0.0,
            0.0,
            0.0,
            0.0,
            0.0,
            0.0,
            0.0,
            0.0,
            0.0,
            0.0,
            0.0,
            0.0,
            0.0,
            0.0,
            0.0,
            0.0
        ],
        "mcc": [
            0.07514142501671822,
            0.08063368934517105,
            0.09906646612056283,
            0.138641568878841,
            0.04931659151279552,
            0.058566109201188536,
            0.0,
            0.0,
            0.0,
            0.0,
            0.0,
            0.0,
            0.0,
            0.0,
            0.0,
            0.0,
            0.0,
            0.0,
            0.0,
            0.0,
            0.0,
            0.0,
            0.0,
            0.0,
            0.0,
            0.0,
            0.0,
            0.0,
            0.0,
            0.0,
            0.0,
            0.0,
            0.0,
            0.0,
            0.0,
            0.0,
            0.0,
            0.0,
            0.0,
            0.0
        ],
        "hammingLoss": [
            0.7744159325928763,
            0.43508234392952894,
            0.1214094216775182,
            0.06970509383378017,
            0.03753351206434316,
            0.032171581769437,
            0.029490616621983913,
            0.029490616621983913,
            0.029490616621983913,
            0.029490616621983913,
            0.029490616621983913,
            0.029490616621983913,
            0.029490616621983913,
            0.029490616621983913,
            0.029490616621983913,
            0.029490616621983913,
            0.029490616621983913,
            0.029490616621983913,
            0.029490616621983913,
            0.029490616621983913,
            0.029490616621983913,
            0.029490616621983913,
            0.029490616621983913,
            0.029490616621983913,
            0.029490616621983913,
            0.029490616621983913,
            0.029490616621983913,
            0.029490616621983913,
            0.029490616621983913,
            0.029490616621983913,
            0.029490616621983913,
            0.029490616621983913,
            0.029490616621983913,
            0.029490616621983913,
            0.029490616621983913,
            0.029490616621983913,
            0.029490616621983913,
            0.029490616621983913,
            0.029490616621983913,
            0.029490616621983913
        ],
        "assertionsMetrics": []
    },
    "optimalThreshold": 0.075,
    "usedThreshold": 0.075,
    "rocVizData": [
        [
            {
                "x": 0.0,
                "y": 0.0,
                "p": 1.15
            },
            {
                "x": 0.03314917127071823,
                "y": 0.14285714285714285,
                "p": 0.09
            },
            {
                "x": 0.04853985793212313,
                "y": 0.23376623376623376,
                "p": 0.08
            },
            {
                "x": 0.07379636937647988,
                "y": 0.2857142857142857,
                "p": 0.07
            },
            {
                "x": 0.15706393054459353,
                "y": 0.33766233766233766,
                "p": 0.05
            },
            {
                "x": 0.27269139700078926,
                "y": 0.45454545454545453,
                "p": 0.04
            },
            {
                "x": 0.43843725335438044,
                "y": 0.6753246753246753,
                "p": 0.03
            },
            {
                "x": 0.5860299921073402,
                "y": 0.7792207792207793,
                "p": 0.02
            },
            {
                "x": 0.7971586424625099,
                "y": 0.974025974025974,
                "p": 0.01
            },
            {
                "x": 1.0,
                "y": 1.0,
                "p": 0.0
            }
        ]
    ],
    "liftVizData": {
        "bins": [
            {
                "bin_pos_prop": 0.0613207547,
                "bin_lift": 2.0793310463,
                "cum_lift": 0.3376623377,
                "cum_size": 0.1623898889,
                "bin_min": 0.04,
                "bin_max": 0.15,
                "percentile_idx": 0
            },
            {
                "bin_pos_prop": 0.0351826793,
                "bin_lift": 1.1930126707,
                "cum_lift": 0.6753246753,
                "cum_size": 0.4454232095,
                "bin_min": 0.02,
                "bin_max": 0.04,
                "percentile_idx": 1
            },
            {
                "bin_pos_prop": 0.0209424084,
                "bin_lift": 0.7101380295,
                "cum_lift": 0.7792207792,
                "cum_size": 0.5917273075,
                "bin_min": 0.01,
                "bin_max": 0.02,
                "percentile_idx": 2
            },
            {
                "bin_pos_prop": 0.0159474672,
                "bin_lift": 0.5407641139,
                "cum_lift": 1.0,
                "cum_size": 1.0,
                "bin_min": 0.0,
                "bin_max": 0.01,
                "percentile_idx": 3
            }
        ],
        "wizard": {
            "positives": 77,
            "total": 2611
        }
    },
    "densityData": {
        "0": {
            "correct": [
                0.0,
                0.0,
                0.0,
                0.0,
                0.0,
                0.0,
                0.0,
                0.0,
                0.0,
                0.0,
                0.0,
                0.0,
                0.0,
                0.0,
                0.0,
                0.0,
                0.0,
                0.0,
                0.0,
                0.0,
                0.0,
                0.0,
                0.0,
                0.0,
                0.0,
                0.0,
                0.0,
                0.0,
                0.0,
                0.0,
                0.0,
                0.0,
                0.0,
                0.0,
                0.0,
                0.0,
                0.0,
                0.0,
                0.0,
                0.0,
                0.0,
                0.0,
                0.0,
                0.0,
                0.0,
                0.0,
                0.0,
                0.0,
                0.0,
                0.0,
                0.0,
                0.0,
                0.0,
                0.0,
                0.0,
                0.0,
                0.0,
                0.0,
                0.0,
                0.0,
                0.0,
                0.0,
                0.0,
                0.0,
                0.0,
                0.0,
                4.849509053741835e-294,
                2.5695113011223304e-264,
                3.4622617792387717e-236,
                1.1863856433136067e-209,
                1.0338284404449269e-184,
                2.2910136664657212e-161,
                1.2911107468682514e-139,
                1.850358689819154e-119,
                6.743804374086549e-101,
                6.250440351806107e-84,
                1.4732378840149584e-68,
                8.83063131226722e-55,
                1.3460687423256369e-42,
                5.217943084881153e-32,
                5.1438470849182874e-23,
                1.2895359156216072e-15,
                8.221254218965041e-10,
                1.3332114286201054e-05,
                0.005545981685280526,
                0.07772840884305701,
                0.23900575140062907,
                0.28076070292784167,
                0.3108899717639835,
                0.46646469405808677,
                1.7220402367849266,
                1.7255935989742166,
                2.428984934991504,
                3.157991790165095,
                5.695374733166654,
                11.29701370780744,
                15.801864187226005,
                15.864566832277452,
                20.349152396902273,
                18.002406536251808
            ],
            "incorrect": [
                0.0,
                0.0,
                0.0,
                0.0,
                0.0,
                0.0,
                0.0,
                0.0,
                0.0,
                0.0,
                0.0,
                0.0,
                0.0,
                0.0,
                0.0,
                0.0,
                0.0,
                0.0,
                0.0,
                0.0,
                0.0,
                0.0,
                0.0,
                0.0,
                0.0,
                0.0,
                0.0,
                0.0,
                0.0,
                0.0,
                3.34258965997e-313,
                8.757148313229517e-302,
                1.4054431208921503e-290,
                1.3817668603819315e-279,
                8.321990206122833e-269,
                3.070368893524999e-258,
                6.939446693436769e-248,
                9.607935079146227e-238,
                8.14903541302448e-228,
                4.234023651704646e-218,
                1.3476319030484988e-208,
                2.627605831197393e-199,
                3.1384851614033596e-190,
                2.296417626579792e-181,
                1.0293251710767685e-172,
                2.8263454598204973e-164,
                4.754105598017644e-156,
                4.898728083908442e-148,
                3.092208519572399e-140,
                1.1957080156061062e-132,
                2.8323859942629714e-125,
                4.110083690227417e-118,
                3.65359009702492e-111,
                1.989573130692977e-104,
                6.636986315081589e-98,
                1.3562909583561134e-91,
                1.6978751040806438e-85,
                1.3020556410788953e-79,
                6.116799933221533e-74,
                1.7603131682608911e-68,
                3.1033197761435727e-63,
                3.351460070852653e-58,
                2.2172389519779195e-53,
                8.985906161458288e-49,
                2.2309107078238525e-44,
                3.3929184933958236e-40,
                3.161080797666751e-36,
                1.8041336192507226e-32,
                6.307724865637121e-29,
                1.3509763295538114e-25,
                1.7725305826258505e-22,
                1.424658744002766e-19,
                7.014542879502448e-17,
                2.1157293613770005e-14,
                3.909265497062568e-12,
                4.4249674670033e-10,
                3.068453154243421e-08,
                1.303653062091434e-06,
                3.394216344933524e-05,
                0.0005419014500645245,
                0.0053138553875860415,
                0.0321403003076856,
                0.12121981887440211,
                0.29285155528889245,
                0.48129117282916994,
                0.6023064317227135,
                0.6857737306439727,
                0.9348809541950773,
                1.7758573084898825,
                3.5082107409348926,
                5.450090141806453,
                6.2060208930480405,
                5.630693231533513,
                5.514191728893576,
                7.507822845982836,
                10.98601201543998,
                13.593538743518247,
                13.619137566680553,
                10.986031751526077,
                6.829353102765709
            ],
            "correctMedian": 0.98,
            "incorrectMedian": 0.97
        },
        "1": {
            "correct": [
                6.8293531027657215,
                10.986031751526097,
                13.619137566680577,
                13.593538743518247,
                10.986012015439961,
                7.50782284598279,
                5.5141917288935565,
                5.630693231533503,
                6.2060208930480405,
                5.450090141806453,
                3.508210740934874,
                1.775857308489881,
                0.9348809541950749,
                0.6857737306439733,
                0.6023064317227133,
                0.4812911728291697,
                0.2928515552888906,
                0.12121981887440007,
                0.032140300307685256,
                0.005313855387585909,
                0.0005419014500645159,
                3.394216344933439e-05,
                1.3036530620914223e-06,
                3.0684531542433334e-08,
                4.424967467003111e-10,
                3.9092654970624985e-12,
                2.115729361376903e-14,
                7.014542879502348e-17,
                1.4246587440027053e-19,
                1.7725305826257748e-22,
                1.3509763295538114e-25,
                6.307724865636762e-29,
                1.8041336192507226e-32,
                3.161080797666616e-36,
                3.3929184933957754e-40,
                2.2309107078237574e-44,
                8.985906161457905e-49,
                2.2172389519779195e-53,
                3.351460070852463e-58,
                3.103319776143661e-63,
                1.7603131682608911e-68,
                6.116799933221533e-74,
                1.3020556410788953e-79,
                1.6978751040806438e-85,
                1.3562909583561518e-91,
                6.636986315081778e-98,
                1.98957313069309e-104,
                3.653590097025024e-111,
                4.110083690227651e-118,
                2.8323859942631325e-125,
                1.195708015606378e-132,
                3.0922085195727504e-140,
                4.898728083908999e-148,
                4.754105598018725e-156,
                2.8263454598209793e-164,
                1.0293251710770027e-172,
                2.2964176265803144e-181,
                3.1384851614042516e-190,
                2.62760583119814e-199,
                1.3476319030487288e-208,
                4.23402365170609e-218,
                8.149035413026333e-228,
                9.607935079149504e-238,
                6.9394466934383475e-248,
                3.070368893525697e-258,
                8.321990206124726e-269,
                1.3817668603824028e-279,
                1.4054431208929492e-290,
                8.757148313233499e-302,
                3.34258965997e-313,
                0.0,
                0.0,
                0.0,
                0.0,
                0.0,
                0.0,
                0.0,
                0.0,
                0.0,
                0.0,
                0.0,
                0.0,
                0.0,
                0.0,
                0.0,
                0.0,
                0.0,
                0.0,
                0.0,
                0.0,
                0.0,
                0.0,
                0.0,
                0.0,
                0.0,
                0.0,
                0.0,
                0.0,
                0.0,
                0.0
            ],
            "incorrect": [
                18.002406536251296,
                20.34915239690209,
                15.864566832276635,
                15.801864187225839,
                11.297013707807501,
                5.695374733166825,
                3.1579917901650107,
                2.4289849349914348,
                1.7255935989741922,
                1.7220402367849756,
                0.46646469405808383,
                0.31088997176398236,
                0.28076070292784266,
                0.23900575140062782,
                0.07772840884305571,
                0.005545981685280457,
                1.3332114286200155e-05,
                8.221254218963639e-10,
                1.289535915621488e-15,
                5.1438470849171913e-23,
                5.217943084880486e-32,
                1.3460687423253117e-42,
                8.83063131226609e-55,
                1.473237884014456e-68,
                6.250440351803087e-84,
                6.743804374084633e-101,
                1.8503586898179968e-119,
                1.291110746867811e-139,
                2.291013666464028e-161,
                1.0338284404441041e-184,
                1.1863856433129998e-209,
                3.462261779235623e-236,
                2.56951130112087e-264,
                4.8495090537374244e-294,
                0.0,
                0.0,
                0.0,
                0.0,
                0.0,
                0.0,
                0.0,
                0.0,
                0.0,
                0.0,
                0.0,
                0.0,
                0.0,
                0.0,
                0.0,
                0.0,
                0.0,
                0.0,
                0.0,
                0.0,
                0.0,
                0.0,
                0.0,
                0.0,
                0.0,
                0.0,
                0.0,
                0.0,
                0.0,
                0.0,
                0.0,
                0.0,
                0.0,
                0.0,
                0.0,
                0.0,
                0.0,
                0.0,
                0.0,
                0.0,
                0.0,
                0.0,
                0.0,
                0.0,
                0.0,
                0.0,
                0.0,
                0.0,
                0.0,
                0.0,
                0.0,
                0.0,
                0.0,
                0.0,
                0.0,
                0.0,
                0.0,
                0.0,
                0.0,
                0.0,
                0.0,
                0.0,
                0.0,
                0.0,
                0.0,
                0.0
            ],
            "correctMedian": 0.03,
            "incorrectMedian": 0.02
        }
    },
    "calibrationData": [
        {
            "y": 0,
            "x": 0,
            "n": 0
        },
        {
            "y": 0.02872670807453416,
            "x": 0.024716614906832298,
            "n": 2576.0
        },
        {
            "y": 0.08571428571428572,
            "x": 0.11714285714285716,
            "n": 35.0
        },
        {
            "y": 1,
            "x": 1,
            "n": 0
        }
    ],
    "probaDistribData": {
        "bins": [
            0.0,
            0.1,
            0.2,
            0.3,
            0.4,
            0.5,
            0.6,
            0.7,
            0.8,
            0.9,
            1.0
        ],
        "probaDistribs": [
            [
                2502.0,
                32.0,
                0.0,
                0.0,
                0.0,
                0.0,
                0.0,
                0.0,
                0.0,
                0.0
            ],
            [
                74.0,
                3.0,
                0.0,
                0.0,
                0.0,
                0.0,
                0.0,
                0.0,
                0.0,
                0.0
            ]
        ]
    },
    "globalMetrics": {
        "testWeight": 2611,
        "targetAvg": [
            0.029490616621983913
        ],
        "targetStd": [
            0.16920959199474994
        ],
        "predictionAvg": [
            0.05400229797012639
        ],
        "predictionStd": [
            0.2260655280736622
        ]
    }
}