{
  "state": "DONE",
  "preSearchDescription": {
    "gridLength": 4,
    "searchStrategy": "GRID",
    "importantParams": [
      {
        "name": "k",
        "vals": [
          "5",
          "10",
          "50",
          "100"
        ]
      },
      {
        "name": "p",
        "val": "2"
      }
    ]
  },
  "postSearchDescription": {
    "importantParams": [
      {
        "name": "k",
        "val": "100"
      },
      {
        "name": "p",
        "val": "2"
      }
    ]
  },
  "resumed": false,
  "timeOrderingEnabled": false,
  "sampleWeightsEnabled": false,
  "modelId": "m1",
  "progress": {
    "top_level_todo": [],
    "stack": [],
    "top_level_done": [
      {
        "name": "Loading train set",
        "time": 48
      },
      {
        "name": "Loading test set",
        "time": 18
      },
      {
        "name": "Collecting statistics",
        "time": 13
      },
      {
        "name": "Preprocessing train set",
        "time": 42
      },
      {
        "name": "Preprocessing test set",
        "time": 17
      },
      {
        "name": "Hyperparameter searching",
        "time": 5063
      },
      {
        "name": "Fitting model",
        "time": 12
      },
      {
        "name": "Saving model",
        "time": 10
      },
      {
        "name": "Scoring model",
        "time": 1022
      }
    ]
  },
  "startTime": 1640298712959,
  "endTime": 1640298719407,
  "preprocessingTime": 139,
  "trainingTime": 6309,
  "hyperparamsSearchTime": 5063
}