{
    "metrics": {},
    "processed_feature_names": [
        "Latitude",
        "Longitude",
        "dummy:Crime Category:Crimes Against Property",
        "dummy:Crime Category:Crimes Against Person",
        "dummy:Crime Category:Crimes Against Morality",
        "dummy:Crime Category:Other",
        "dummy:Crime Category:N/A",
        "dummy:Crime Category:__Others__",
        "dummy:Crime type:Violence and sexual offences",
        "dummy:Crime type:Criminal damage and arson",
        "dummy:Crime type:Public order",
        "dummy:Crime type:Shoplifting",
        "dummy:Crime type:Other theft",
        "dummy:Crime type:Burglary",
        "dummy:Crime type:Vehicle crime",
        "dummy:Crime type:Drugs",
        "dummy:Crime type:Bicycle theft",
        "dummy:Crime type:Other crime",
        "dummy:Crime type:Possession of weapons",
        "dummy:Crime type:Robbery",
        "dummy:Crime type:Theft from the person",
        "dummy:Crime type:N/A",
        "dummy:Crime type:__Others__"
    ],
    "tiMetrics": {
        "auc": 0.6977621910487642,
        "logLoss": 0.5514824050679187,
        "lift": 1.667966211825861,
        "calibrationLoss": 0.37655063008696077
    },
    "probaPercentiles": [
        0.11594707308647031,
        0.12948157628225512,
        0.13277401551889154,
        0.1351709608395315,
        0.1372263700036898,
        0.14004626866617745,
        0.1410825030981933,
        0.14622821154484983,
        0.15133654584522957,
        0.15620424839830466,
        0.15905946520322983,
        0.16293939621632678,
        0.16501573223667707,
        0.16782327854498358,
        0.178089923681906,
        0.1805123067836002,
        0.18386842679701848,
        0.189310197550161,
        0.19377599778923962,
        0.20972642090043636,
        0.21575284063045438,
        0.25319269935406036,
        0.2760971661812539,
        0.289737756174963,
        0.3138080754985052,
        0.32618091083034073,
        0.33586491482049935,
        0.34238081070622184,
        0.3507441380918237,
        0.3565982700710501,
        0.3578429434515209,
        0.36967684499025755,
        0.3876320106060752,
        0.404451683687235,
        0.4268973644904312,
        0.4330527700002764,
        0.43600688908035956,
        0.43861809478850183,
        0.4439119207562516,
        0.4479490813657514,
        0.4493631519804411,
        0.4517863988376153,
        0.4544351471930803,
        0.4572773938578459,
        0.458332047715602,
        0.46004440163774557,
        0.46140688008658537,
        0.46289468449955146,
        0.46371211273527957,
        0.4657594336039038,
        0.46604139852741333,
        0.4668034136381394,
        0.4673288914930447,
        0.4689621019517536,
        0.46982028885442717,
        0.47072942607798557,
        0.47118208487282076,
        0.47237801998192297,
        0.473749476006614,
        0.47485234309489216,
        0.4753431183647835,
        0.47630692485226306,
        0.4764041412434732,
        0.47708298101412017,
        0.47811969178974434,
        0.47811969178974434,
        0.47811969178974434,
        0.4784695907928588,
        0.47926591419881226,
        0.4795748893802036,
        0.48034770789871495,
        0.4807402196973383,
        0.48275229746069714,
        0.4836040316381204,
        0.48450552286657245,
        0.4854627659826498,
        0.48595494954315055,
        0.4873251574189281,
        0.4890978531215335,
        0.4903481434571819,
        0.491221320302479,
        0.49337636232833854,
        0.49514770829999,
        0.4980974519941326,
        0.5034522857691959,
        0.5069300789356862,
        0.513900578225637,
        0.5212384091817471,
        0.5278833926894675,
        0.5373001864261553,
        0.5524422696437424,
        0.5612128907420306,
        0.5723875285589262,
        0.581251776714178,
        0.597998294276711,
        0.6076159091560447,
        0.6543871784189468,
        0.7105053645521229,
        0.768602429003451
    ],
    "perCutData": {
        "cut": [
            0,
            0.025,
            0.05,
            0.075,
            0.1,
            0.125,
            0.15,
            0.175,
            0.2,
            0.225,
            0.25,
            0.275,
            0.3,
            0.325,
            0.35,
            0.375,
            0.4,
            0.425,
            0.45,
            0.475,
            0.5,
            0.525,
            0.55,
            0.575,
            0.6,
            0.625,
            0.65,
            0.675,
            0.7,
            0.725,
            0.75,
            0.775,
            0.8,
            0.825,
            0.85,
            0.875,
            0.9,
            0.925,
            0.95,
            0.975
        ],
        "tp": [
            72,
            72,
            72,
            72,
            72,
            72,
            70,
            69,
            69,
            69,
            69,
            68,
            67,
            67,
            66,
            65,
            64,
            64,
            60,
            47,
            29,
            20,
            18,
            15,
            14,
            11,
            8,
            7,
            7,
            5,
            5,
            1,
            0,
            0,
            0,
            0,
            0,
            0,
            0,
            0
        ],
        "tn": [
            0,
            0,
            0,
            0,
            6,
            35,
            220,
            377,
            495,
            545,
            557,
            586,
            617,
            661,
            736,
            822,
            857,
            885,
            1046,
            1519,
            2128,
            2224,
            2273,
            2340,
            2383,
            2416,
            2422,
            2440,
            2447,
            2450,
            2451,
            2476,
            2486,
            2491,
            2495,
            2495,
            2495,
            2495,
            2495,
            2495
        ],
        "fp": [
            2495,
            2495,
            2495,
            2495,
            2489,
            2460,
            2275,
            2118,
            2000,
            1950,
            1938,
            1909,
            1878,
            1834,
            1759,
            1673,
            1638,
            1610,
            1449,
            976,
            367,
            271,
            222,
            155,
            112,
            79,
            73,
            55,
            48,
            45,
            44,
            19,
            9,
            4,
            0,
            0,
            0,
            0,
            0,
            0
        ],
        "fn": [
            0,
            0,
            0,
            0,
            0,
            0,
            2,
            3,
            3,
            3,
            3,
            4,
            5,
            5,
            6,
            7,
            8,
            8,
            12,
            25,
            43,
            52,
            54,
            57,
            58,
            61,
            64,
            65,
            65,
            67,
            67,
            71,
            72,
            72,
            72,
            72,
            72,
            72,
            72,
            72
        ],
        "precision": [
            0.028048305414881184,
            0.028048305414881184,
            0.028048305414881184,
            0.028048305414881184,
            0.028114017961733698,
            0.02843601895734597,
            0.029850746268656716,
            0.03155006858710562,
            0.0333494441759304,
            0.03417533432392273,
            0.0343796711509716,
            0.0343955488113303,
            0.03444730077120823,
            0.035244608100999476,
            0.03616438356164384,
            0.037399309551208286,
            0.03760282021151586,
            0.038231780167264036,
            0.039761431411530816,
            0.04594330400782014,
            0.07323232323232323,
            0.06872852233676977,
            0.075,
            0.08823529411764706,
            0.1111111111111111,
            0.12222222222222222,
            0.09876543209876543,
            0.11290322580645161,
            0.12727272727272726,
            0.1,
            0.10204081632653061,
            0.05,
            0.0,
            0.0,
            1.0,
            1.0,
            1.0,
            1.0,
            1.0,
            1.0
        ],
        "recall": [
            1.0,
            1.0,
            1.0,
            1.0,
            1.0,
            1.0,
            0.9722222222222222,
            0.9583333333333334,
            0.9583333333333334,
            0.9583333333333334,
            0.9583333333333334,
            0.9444444444444444,
            0.9305555555555556,
            0.9305555555555556,
            0.9166666666666666,
            0.9027777777777778,
            0.8888888888888888,
            0.8888888888888888,
            0.8333333333333334,
            0.6527777777777778,
            0.4027777777777778,
            0.2777777777777778,
            0.25,
            0.20833333333333334,
            0.19444444444444445,
            0.1527777777777778,
            0.1111111111111111,
            0.09722222222222222,
            0.09722222222222222,
            0.06944444444444445,
            0.06944444444444445,
            0.013888888888888888,
            0.0,
            0.0,
            0.0,
            0.0,
            0.0,
            0.0,
            0.0,
            0.0
        ],
        "accuracy": [
            0.028048305414881184,
            0.028048305414881184,
            0.028048305414881184,
            0.028048305414881184,
            0.030385664199454616,
            0.04168289832489287,
            0.11297234125438255,
            0.17374366965329177,
            0.2197117257499026,
            0.2391897156213479,
            0.24386443319049475,
            0.2547721075185041,
            0.26645890144137124,
            0.2835995325282431,
            0.31242695753798205,
            0.345539540319439,
            0.3587845734320218,
            0.3696922477600312,
            0.4308531359563693,
            0.6100506427736657,
            0.8402804830541488,
            0.8741721854304636,
            0.8924814959096221,
            0.917413322945072,
            0.9337748344370861,
            0.9454616283599533,
            0.94663030775224,
            0.9532528243085313,
            0.9559797428905337,
            0.9563693026879626,
            0.9567588624853915,
            0.9649396182313985,
            0.9684456564082586,
            0.9703934553954032,
            0.9719516945851188,
            0.9719516945851188,
            0.9719516945851188,
            0.9719516945851188,
            0.9719516945851188,
            0.9719516945851188
        ],
        "f1": [
            0.05456612353164077,
            0.05456612353164077,
            0.05456612353164077,
            0.05456612353164077,
            0.05469046714774022,
            0.05529953917050691,
            0.05792304509722797,
            0.06108897742363877,
            0.06445586174684727,
            0.06599713055954087,
            0.06637806637806637,
            0.06637384089799903,
            0.06643529995042143,
            0.06791687785098835,
            0.06958355297838693,
            0.0718232044198895,
            0.07215332581736189,
            0.07331042382588773,
            0.07590132827324478,
            0.08584474885844749,
            0.12393162393162394,
            0.11019283746556477,
            0.11538461538461538,
            0.12396694214876033,
            0.14141414141414138,
            0.13580246913580246,
            0.10457516339869281,
            0.1044776119402985,
            0.11023622047244094,
            0.0819672131147541,
            0.08264462809917356,
            0.02173913043478261,
            0.0,
            0.0,
            0.0,
            0.0,
            0.0,
            0.0,
            0.0,
            0.0
        ],
        "mcc": [
            0.0,
            0.0,
            0.0,
            0.0,
            0.008222460752707824,
            0.019972532877477696,
            0.03547972983971092,
            0.050879602494350216,
            0.06544238097238335,
            0.07122823045492568,
            0.07259411578730432,
            0.07036988264285868,
            0.06853315901791543,
            0.07363557990566158,
            0.07709035529858507,
            0.08200308958408474,
            0.08117171221415267,
            0.08444468769293197,
            0.08472253589173645,
            0.08822063570380853,
            0.1168764126241882,
            0.08809838988619981,
            0.09132360483968122,
            0.09707723638226867,
            0.11429634034761321,
            0.10872094798238921,
            0.0773109302979203,
            0.08085248183417854,
            0.08892307037801392,
            0.061419852145054674,
            0.06251471963726936,
            0.011781292065099709,
            -0.0100763201549297,
            -0.006710991145506822,
            0.0,
            0.0,
            0.0,
            0.0,
            0.0,
            0.0
        ],
        "hammingLoss": [
            0.9719516945851188,
            0.9719516945851188,
            0.9719516945851188,
            0.9719516945851188,
            0.9696143358005453,
            0.9583171016751071,
            0.8870276587456174,
            0.8262563303467082,
            0.7802882742500974,
            0.7608102843786522,
            0.7561355668095052,
            0.7452278924814959,
            0.7335410985586287,
            0.7164004674717569,
            0.6875730424620179,
            0.654460459680561,
            0.6412154265679781,
            0.6303077522399688,
            0.5691468640436307,
            0.3899493572263342,
            0.15971951694585118,
            0.12582781456953643,
            0.10751850409037787,
            0.08258667705492793,
            0.06622516556291391,
            0.05453837164004675,
            0.05336969224776003,
            0.04674717569146864,
            0.044020257109466304,
            0.0436306973120374,
            0.043241137514608494,
            0.03506038176860148,
            0.031554343591741335,
            0.029606544604596805,
            0.028048305414881184,
            0.028048305414881184,
            0.028048305414881184,
            0.028048305414881184,
            0.028048305414881184,
            0.028048305414881184
        ],
        "assertionsMetrics": []
    },
    "optimalThreshold": 0.6,
    "usedThreshold": 0.6,
    "rocVizData": [
        [
            {
                "x": 0.0,
                "y": 0.0,
                "p": 1.8372735056334921
            },
            {
                "x": 0.015230460921843688,
                "y": 0.041666666666666664,
                "p": 0.7591597025993974
            },
            {
                "x": 0.019238476953907815,
                "y": 0.09722222222222222,
                "p": 0.7034961508972788
            },
            {
                "x": 0.03006012024048096,
                "y": 0.1527777777777778,
                "p": 0.6296089681508027
            },
            {
                "x": 0.043286573146292584,
                "y": 0.19444444444444445,
                "p": 0.6028334464788317
            },
            {
                "x": 0.0813627254509018,
                "y": 0.20833333333333334,
                "p": 0.5601766669841003
            },
            {
                "x": 0.09018036072144289,
                "y": 0.25,
                "p": 0.54942676085672
            },
            {
                "x": 0.11102204408817636,
                "y": 0.2916666666666667,
                "p": 0.5240353658505047
            },
            {
                "x": 0.12424849699398798,
                "y": 0.3333333333333333,
                "p": 0.5143030438523813
            },
            {
                "x": 0.1346693386773547,
                "y": 0.3888888888888889,
                "p": 0.5069300789356862
            },
            {
                "x": 0.1595190380761523,
                "y": 0.4305555555555556,
                "p": 0.4958233727006212
            },
            {
                "x": 0.1751503006012024,
                "y": 0.4722222222222222,
                "p": 0.4925598023272354
            },
            {
                "x": 0.20841683366733466,
                "y": 0.5,
                "p": 0.4878892110535623
            },
            {
                "x": 0.2312625250501002,
                "y": 0.5277777777777778,
                "p": 0.4857292922431946
            },
            {
                "x": 0.2693386773547094,
                "y": 0.5416666666666666,
                "p": 0.48131332919086245
            },
            {
                "x": 0.2965931863727455,
                "y": 0.5694444444444444,
                "p": 0.4795748893802036
            },
            {
                "x": 0.3442885771543086,
                "y": 0.6111111111111112,
                "p": 0.47811969178974434
            },
            {
                "x": 0.3711422845691383,
                "y": 0.6388888888888888,
                "p": 0.4764041412434732
            },
            {
                "x": 0.39919839679358715,
                "y": 0.6666666666666666,
                "p": 0.47454362080012574
            },
            {
                "x": 0.4280561122244489,
                "y": 0.6944444444444444,
                "p": 0.47085191466431753
            },
            {
                "x": 0.46012024048096195,
                "y": 0.7222222222222222,
                "p": 0.4675659134130163
            },
            {
                "x": 0.4977955911823647,
                "y": 0.7361111111111112,
                "p": 0.464745867105522
            },
            {
                "x": 0.5382765531062125,
                "y": 0.75,
                "p": 0.4588197375558447
            },
            {
                "x": 0.5515030060120241,
                "y": 0.7916666666666666,
                "p": 0.45801098586895267
            },
            {
                "x": 0.5731462925851704,
                "y": 0.8333333333333334,
                "p": 0.4517863988376153
            },
            {
                "x": 0.6008016032064128,
                "y": 0.8611111111111112,
                "p": 0.4445424336298214
            },
            {
                "x": 0.6372745490981964,
                "y": 0.875,
                "p": 0.43087303551382483
            },
            {
                "x": 0.6673346693386774,
                "y": 0.9027777777777778,
                "p": 0.37927125453159605
            },
            {
                "x": 0.7050100200400802,
                "y": 0.9166666666666666,
                "p": 0.3507441380918237
            },
            {
                "x": 0.7418837675350701,
                "y": 0.9305555555555556,
                "p": 0.31820094237627344
            },
            {
                "x": 0.776753507014028,
                "y": 0.9583333333333334,
                "p": 0.25319269935406036
            },
            {
                "x": 0.8276553106212425,
                "y": 0.9583333333333334,
                "p": 0.1824628724909402
            },
            {
                "x": 0.8677354709418837,
                "y": 0.9722222222222222,
                "p": 0.16501573223667707
            },
            {
                "x": 0.9198396793587175,
                "y": 0.9722222222222222,
                "p": 0.14622821154484983
            },
            {
                "x": 0.9579158316633266,
                "y": 1.0,
                "p": 0.13569987500359476
            },
            {
                "x": 1.0,
                "y": 1.0,
                "p": 0.09674637454805865
            }
        ]
    ],
    "liftVizData": {
        "bins": [
            {
                "bin_pos_prop": 0.0700389105,
                "bin_lift": 2.4970817121,
                "cum_lift": 0.25,
                "cum_size": 0.1001168679,
                "bin_min": 0.5373001864,
                "bin_max": 0.8372735056,
                "percentile_idx": 0
            },
            {
                "bin_pos_prop": 0.0622568093,
                "bin_lift": 2.2196281885,
                "cum_lift": 0.4722222222,
                "cum_size": 0.2002337359,
                "bin_min": 0.4903481435,
                "bin_max": 0.5373001864,
                "percentile_idx": 1
            },
            {
                "bin_pos_prop": 0.0276679842,
                "bin_lift": 0.9864404919,
                "cum_lift": 0.5694444444,
                "cum_size": 0.2987923646,
                "bin_min": 0.4795748894,
                "bin_max": 0.4903481435,
                "percentile_idx": 2
            },
            {
                "bin_pos_prop": 0.0234375,
                "bin_lift": 0.8356119792,
                "cum_lift": 0.6527777778,
                "cum_size": 0.3985196728,
                "bin_min": 0.4748523431,
                "bin_max": 0.4795748894,
                "percentile_idx": 3
            },
            {
                "bin_pos_prop": 0.0192307692,
                "bin_lift": 0.6856303419,
                "cum_lift": 0.7222222222,
                "cum_size": 0.4998052201,
                "bin_min": 0.4657594336,
                "bin_max": 0.4748523431,
                "percentile_idx": 4
            },
            {
                "bin_pos_prop": 0.03515625,
                "bin_lift": 1.2534179688,
                "cum_lift": 0.8472222222,
                "cum_size": 0.5995325282,
                "bin_min": 0.4479490814,
                "bin_max": 0.4657594336,
                "percentile_idx": 5
            },
            {
                "bin_pos_prop": 0.015625,
                "bin_lift": 0.5570746528,
                "cum_lift": 0.9027777778,
                "cum_size": 0.6992598364,
                "bin_min": 0.3565982701,
                "bin_max": 0.4479490814,
                "percentile_idx": 6
            },
            {
                "bin_pos_prop": 0.0156862745,
                "bin_lift": 0.5592592593,
                "cum_lift": 0.9583333333,
                "cum_size": 0.7985975847,
                "bin_min": 0.2097264209,
                "bin_max": 0.3565982701,
                "percentile_idx": 7
            },
            {
                "bin_pos_prop": 0.003875969,
                "bin_lift": 0.1381890612,
                "cum_lift": 0.9722222222,
                "cum_size": 0.8991040125,
                "bin_min": 0.1562042484,
                "bin_max": 0.2097264209,
                "percentile_idx": 8
            },
            {
                "bin_pos_prop": 0.0077220077,
                "bin_lift": 0.2753110253,
                "cum_lift": 1.0,
                "cum_size": 1.0,
                "bin_min": 0.0967463745,
                "bin_max": 0.1562042484,
                "percentile_idx": 9
            }
        ],
        "wizard": {
            "positives": 72,
            "total": 2567
        }
    },
    "densityData": {
        "0": {
            "correct": [
                7.717396804067525e-08,
                3.363780759234679e-07,
                1.3402280588542906e-06,
                4.883268727969746e-06,
                1.6280250872878566e-05,
                4.969756795707763e-05,
                0.00013903613045423743,
                0.0003569064641177367,
                0.0008419648068232618,
                0.0018291266219506337,
                0.0036693734645715514,
                0.006821825779206969,
                0.011808322490786644,
                0.019141452766057963,
                0.02925717071589415,
                0.04247762809718279,
                0.05898563603022003,
                0.07873662025503433,
                0.10123285163341512,
                0.12518907139445354,
                0.14829208431486324,
                0.16736065250898483,
                0.1790974212719387,
                0.1812831960396583,
                0.17389481584070382,
                0.15951910555958274,
                0.1427262226917937,
                0.1286043145891043,
                0.12110554536499706,
                0.1219490909809835,
                0.13055433675156003,
                0.14501359593793328,
                0.16366203738955704,
                0.18651378408276545,
                0.21582670219089475,
                0.2554071432559095,
                0.3088882471936899,
                0.37781931070716734,
                0.4606365147012495,
                0.5533052482897562,
                0.651816908990546,
                0.7561094750675879,
                0.8744991956128545,
                1.027220777297007,
                1.2470445605271105,
                1.5744941847727911,
                2.0458460102697247,
                2.67481426022618,
                3.4334268627057525,
                4.241761323219564,
                4.976134669615266,
                5.498575094710798,
                5.699074833749084,
                5.5330667057553695,
                5.036756055587287,
                4.313477752546724,
                3.4986591545907557,
                2.7200434987619766,
                2.0687741448665764,
                1.5883761587085037,
                1.2793617758258962,
                1.11236322007877,
                1.0430567764523748,
                1.0250283820448163,
                1.0192265201520743,
                0.9996481353079675,
                0.9550599436759967,
                0.886937130700388,
                0.8047201349531219,
                0.7203781197501959,
                0.6443663831143307,
                0.5841615269394367,
                0.5451485365837014,
                0.5325185306568241,
                0.5525689582037635,
                0.6123862757107759,
                0.7178763974090017,
                0.8709141732045589,
                1.0666749137301317,
                1.2920349987613757,
                1.5255728571411662,
                1.739419573117103,
                1.9030198634933593,
                1.988564026154152,
                1.9772351041547798,
                1.864598112478614,
                1.663004249370603,
                1.399466581934642,
                1.1091858618860513,
                0.8269210300560097,
                0.5794119394220887,
                0.38137470150304736,
                0.23570650374716492,
                0.1367084164242697,
                0.07433941161882746,
                0.037847342600125865,
                0.018006424047661427,
                0.007987454275578534,
                0.0032952431071342518,
                0.0012610883323342268
            ],
            "incorrect": [
                0.00011554462704593219,
                0.00023280455593357305,
                0.00045493088972922073,
                0.0008622346777420523,
                0.001585067676245488,
                0.002826385407137615,
                0.004888759698425594,
                0.008203072887397413,
                0.013353566123654416,
                0.02109112441534811,
                0.032324466667804884,
                0.04807840971044361,
                0.0694108132705954,
                0.09728604380367879,
                0.13241275822482876,
                0.17506607663547102,
                0.22492590234000118,
                0.2809703959016068,
                0.34146264944427474,
                0.4040571810446678,
                0.46603149921802234,
                0.5246205144838605,
                0.5774045648541565,
                0.6226828541805127,
                0.6597594355198879,
                0.6890813177603806,
                0.7121960906591607,
                0.731533698158145,
                0.7500551192475184,
                0.7708409408790466,
                0.796708188344,
                0.8299406056371678,
                0.8721958119637088,
                0.9246157554741751,
                0.988120758281929,
                1.063820312588137,
                1.1534348439226598,
                1.2596009562812773,
                1.3859355020556636,
                1.5367648693116365,
                1.7164836585642007,
                1.9285839553757085,
                2.1744796483022695,
                2.4523228491252076,
                2.7560537635788163,
                3.0749265565692645,
                3.3937038636244137,
                3.69361363839832,
                3.9540276303382935,
                4.154675276145931,
                4.278081158208217,
                4.311839315453334,
                4.250336171660977,
                4.095612686422438,
                3.8572031841916665,
                3.550972979985088,
                3.1971583748855448,
                2.8179497502961124,
                2.4350214041955422,
                2.0673897066057747,
                1.7298848572550674,
                1.4323791602225788,
                1.1797629616982241,
                0.9725328442492618,
                0.8077790298142703,
                0.6803383318821531,
                0.5839083378275701,
                0.5119800711368152,
                0.45851849897499997,
                0.4183837864439539,
                0.3875290853606486,
                0.36302948046055306,
                0.342995610855509,
                0.32641302941873424,
                0.312933945392951,
                0.3026386484123921,
                0.29578250087752506,
                0.29254944264640276,
                0.29283995182594136,
                0.29612489636589223,
                0.3013925409897801,
                0.30720289684894886,
                0.3118437963814283,
                0.3135614700097421,
                0.31082106053034586,
                0.30254464895025707,
                0.2882786260063774,
                0.26825781786454306,
                0.24335663387010048,
                0.2149416560823822,
                0.18465942038885083,
                0.15420321291868402,
                0.1251019384257185,
                0.09856396865534005,
                0.0753930909022332,
                0.05597690816728668,
                0.04033441465299397,
                0.028201516543776884,
                0.019131548113533577,
                0.012591215372609413
            ],
            "correctMedian": 0.5354570518084338,
            "incorrectMedian": 0.5123111516102726
        },
        "1": {
            "correct": [
                0.012591215372609526,
                0.019131548113533764,
                0.028201516543777196,
                0.040334414652994255,
                0.05597690816728713,
                0.07539309090223384,
                0.09856396865534058,
                0.12510193842571923,
                0.15420321291868458,
                0.18465942038885147,
                0.21494165608238286,
                0.24335663387010092,
                0.2682578178645433,
                0.2882786260063774,
                0.30254464895025707,
                0.3108210605303456,
                0.3135614700097417,
                0.31184379638142773,
                0.3072028968489484,
                0.3013925409897794,
                0.29612489636589184,
                0.2928399518259411,
                0.29254944264640265,
                0.29578250087752495,
                0.3026386484123922,
                0.31293394539295116,
                0.3264130294187345,
                0.34299561085550934,
                0.36302948046055356,
                0.3875290853606495,
                0.41838378644395463,
                0.458518498975001,
                0.5119800711368157,
                0.5839083378275712,
                0.6803383318821543,
                0.8077790298142717,
                0.9725328442492635,
                1.1797629616982241,
                1.4323791602225802,
                1.7298848572550674,
                2.0673897066057787,
                2.4350214041955445,
                2.8179497502961124,
                3.1971583748855448,
                3.550972979985088,
                3.8572031841916665,
                4.095612686422438,
                4.25033617166098,
                4.311839315453334,
                4.278081158208217,
                4.154675276145928,
                3.954027630338297,
                3.6936136383983134,
                3.3937038636244137,
                3.0749265565692587,
                2.7560537635788136,
                2.452322849125203,
                2.1744796483022695,
                1.9285839553757067,
                1.7164836585641992,
                1.536764869311638,
                1.3859355020556623,
                1.2596009562812773,
                1.153434843922659,
                1.063820312588137,
                0.988120758281929,
                0.9246157554741734,
                0.8721958119637088,
                0.8299406056371678,
                0.7967081883440007,
                0.770840940879048,
                0.7500551192475191,
                0.7315336981581456,
                0.7121960906591613,
                0.689081317760381,
                0.6597594355198879,
                0.6226828541805122,
                0.5774045648541563,
                0.5246205144838598,
                0.46603149921802156,
                0.4040571810446662,
                0.3414626494442735,
                0.28097039590160516,
                0.22492590233999998,
                0.17506607663547016,
                0.1324127582248277,
                0.09728604380367814,
                0.06941081327059474,
                0.04807840971044323,
                0.03232446666780448,
                0.021091124415347884,
                0.013353566123654284,
                0.00820307288739731,
                0.004888759698425542,
                0.002826385407137575,
                0.0015850676762454638,
                0.0008622346777420438,
                0.00045493088972921384,
                0.00023280455593356974,
                0.00011554462704593075
            ],
            "incorrect": [
                0.0012610883323342246,
                0.0032952431071342635,
                0.007987454275578591,
                0.018006424047661476,
                0.0378473426001261,
                0.07433941161882864,
                0.1367084164242703,
                0.23570650374716745,
                0.3813747015030457,
                0.5794119394220907,
                0.8269210300560185,
                1.1091858618860553,
                1.3994665819346295,
                1.663004249370594,
                1.864598112478614,
                1.9772351041547658,
                1.9885640261541448,
                1.9030198634933662,
                1.7394195731171245,
                1.52557285714115,
                1.2920349987613826,
                1.0666749137301372,
                0.8709141732045573,
                0.7178763974089928,
                0.6123862757107694,
                0.5525689582037536,
                0.5325185306568306,
                0.5451485365837092,
                0.5841615269394439,
                0.6443663831143295,
                0.7203781197502139,
                0.8047201349531133,
                0.8869371307003739,
                0.9550599436759762,
                0.9996481353079444,
                1.0192265201520734,
                1.0250283820448325,
                1.0430567764523768,
                1.1123632200787563,
                1.2793617758258984,
                1.5883761587085432,
                2.068774144866543,
                2.7200434987619815,
                3.498659154590644,
                4.313477752546724,
                5.036756055587215,
                5.533066705755251,
                5.699074833749044,
                5.498575094710827,
                4.976134669615231,
                4.241761323219602,
                3.43342686270571,
                2.674814260226185,
                2.0458460102696776,
                1.5744941847728051,
                1.2470445605271194,
                1.027220777296997,
                0.8744991956128553,
                0.7561094750675811,
                0.6518169089905489,
                0.5533052482897395,
                0.46063651470124584,
                0.377819310707171,
                0.30888824719368935,
                0.2554071432559066,
                0.21582670219089647,
                0.18651378408276512,
                0.16366203738955892,
                0.14501359593793303,
                0.13055433675156072,
                0.12194909098098339,
                0.12110554536499663,
                0.12860431458910476,
                0.1427262226917938,
                0.1595191055595826,
                0.17389481584070382,
                0.18128319603965765,
                0.17909742127193853,
                0.16736065250898394,
                0.1482920843148627,
                0.1251890713944531,
                0.10123285163341449,
                0.07873662025503406,
                0.05898563603021966,
                0.04247762809718275,
                0.029257170715893944,
                0.019141452766057887,
                0.011808322490786548,
                0.0068218257792069205,
                0.003669373464571509,
                0.0018291266219506207,
                0.0008419648068232566,
                0.00035690646411773414,
                0.00013903613045423643,
                4.969756795707675e-05,
                1.6280250872878393e-05,
                4.883268727969746e-06,
                1.3402280588542762e-06,
                3.363780759234679e-07,
                7.717396804067525e-08
            ],
            "correctMedian": 0.4876888483897273,
            "incorrectMedian": 0.46454294819156616
        }
    },
    "calibrationData": [
        {
            "y": 0,
            "x": 0,
            "n": 0
        },
        {
            "y": 0.0,
            "x": 0.09899580434863835,
            "n": 6.0
        },
        {
            "y": 0.006097560975609756,
            "x": 0.15497946424277256,
            "n": 492.0
        },
        {
            "y": 0.016129032258064516,
            "x": 0.24565168711524815,
            "n": 124.0
        },
        {
            "y": 0.012345679012345678,
            "x": 0.34874207776335986,
            "n": 243.0
        },
        {
            "y": 0.02679938744257274,
            "x": 0.46933154787489495,
            "n": 1306.0
        },
        {
            "y": 0.05555555555555555,
            "x": 0.5416225247301611,
            "n": 270.0
        },
        {
            "y": 0.09859154929577464,
            "x": 0.6332755546354417,
            "n": 71.0
        },
        {
            "y": 0.15217391304347827,
            "x": 0.7614658656350892,
            "n": 46.0
        },
        {
            "y": 0.0,
            "x": 0.8201538556464643,
            "n": 9.0
        },
        {
            "y": 1,
            "x": 1,
            "n": 0
        }
    ],
    "probaDistribData": {
        "bins": [
            0.0,
            0.1,
            0.2,
            0.3,
            0.4,
            0.5,
            0.6,
            0.7,
            0.8,
            0.9,
            1.0
        ],
        "probaDistribs": [
            [
                6.0,
                489.0,
                122.0,
                240.0,
                1271.0,
                255.0,
                64.0,
                39.0,
                9.0,
                0.0
            ],
            [
                0.0,
                3.0,
                2.0,
                3.0,
                35.0,
                15.0,
                7.0,
                7.0,
                0.0,
                0.0
            ]
        ]
    },
    "globalMetrics": {
        "testWeight": 2567,
        "targetAvg": [
            0.028048305414881184
        ],
        "targetStd": [
            0.1651430353952791
        ],
        "predictionAvg": [
            0.04908453447604207
        ],
        "predictionStd": [
            0.21608663270907708
        ]
    }
}