{
  "steps": [
    {
      "type": "PythonUDF",
      "params": {
        "mode": "CELL",
        "pythonSourceCode": "# Modify the process function to fit your needs\ndef process(row):\n    results \u003d set()\n    row[\u0027Location\u0027].str.lower().str.split().apply(results.update)\n    return \u0027 \u0027.join(results)\n",
        "column": "Test",
        "stopOnError": false,
        "usePythonUnicode": true,
        "useKernel": false,
        "vectorize": true,
        "vectorSize": 256,
        "sourceColumnsList": [
          "Location"
        ],
        "envSelection": {
          "envMode": "INHERIT"
        }
      },
      "metaType": "PROCESSOR",
      "preview": false,
      "disabled": false,
      "alwaysShowComment": false
    },
    {
      "type": "FindReplace",
      "params": {
        "output": "",
        "normalization": "LOWERCASE",
        "matching": "PATTERN",
        "stopAfterFirstMatch": false,
        "mapping": [
          {
            "from": "on or near"
          },
          {
            "from": ".*(road|lane|way|place|street|close)",
            "to": "Residential"
          }
        ],
        "appliesTo": "PATTERN",
        "columns": [
          "Location"
        ],
        "appliesToPattern": "Location"
      },
      "metaType": "PROCESSOR",
      "preview": false,
      "disabled": false,
      "alwaysShowComment": false
    },
    {
      "type": "FindReplace",
      "params": {
        "output": "",
        "normalization": "EXACT",
        "matching": "FULL_STRING",
        "stopAfterFirstMatch": false,
        "mapping": [
          {
            "from": " Sports/Recreation Area",
            "to": "Recreation"
          },
          {
            "from": " Park/Open Space",
            "to": "Recreation"
          },
          {
            "from": "",
            "to": ""
          },
          {
            "from": "Residential Service Area",
            "to": "Residential"
          },
          {
            "from": "Residential East",
            "to": "Residential"
          },
          {
            "from": "Residential North",
            "to": "Residential"
          },
          {
            "from": "Residential West",
            "to": "Residential"
          },
          {
            "from": "Residential South",
            "to": "Residential"
          },
          {
            "from": "Residentials",
            "to": "Residential"
          },
          {
            "from": " Supermarket",
            "to": "Building"
          },
          {
            "from": " Shopping Area",
            "to": "Building"
          },
          {
            "from": "Store",
            "to": "Building"
          },
          {
            "from": " Nightclub",
            "to": "Building"
          },
          {
            "from": " Further/Higher Educational Building",
            "to": "Building"
          },
          {
            "from": " Police Station",
            "to": "Building"
          },
          {
            "from": " Bus/Coach Station",
            "to": "Building"
          },
          {
            "from": " Hospital",
            "to": "Building"
          },
          {
            "from": " Theatre/Concert Hall",
            "to": "Building"
          },
          {
            "from": " Prison",
            "to": "Building"
          },
          {
            "from": " Petrol Station",
            "to": "Building"
          },
          {
            "from": "",
            "to": ""
          }
        ],
        "appliesTo": "SINGLE_COLUMN",
        "columns": [
          "Location"
        ]
      },
      "metaType": "PROCESSOR",
      "preview": false,
      "disabled": false,
      "alwaysShowComment": false
    },
    {
      "type": "LongTailGrouper",
      "params": {
        "column": "Location",
        "replace": "Others",
        "toKeep": [
          "Residential",
          "Building",
          " Parking Area",
          "Recreation",
          " M3"
        ]
      },
      "metaType": "PROCESSOR",
      "preview": false,
      "disabled": false,
      "alwaysShowComment": false
    },
    {
      "type": "FindReplace",
      "params": {
        "output": "",
        "normalization": "EXACT",
        "matching": "FULL_STRING",
        "stopAfterFirstMatch": false,
        "mapping": [
          {
            "from": " M3",
            "to": "Others"
          }
        ],
        "appliesTo": "SINGLE_COLUMN",
        "columns": [
          "Location"
        ]
      },
      "metaType": "PROCESSOR",
      "preview": false,
      "disabled": false,
      "alwaysShowComment": false
    }
  ],
  "maxProcessedMemTableBytes": -1,
  "columnsSelection": {
    "mode": "ALL"
  },
  "columnWidthsByName": {
    "1": 100,
    "Date": 183,
    "Longitude": 113,
    "Latitude": 106,
    "Location": 300,
    "LSOA name": 197,
    "Crime type": 211,
    "Crime Category": 176,
    "Punishment": 100,
    "GeoPoint": 197,
    "Test": 100
  },
  "coloring": {
    "scheme": "MEANING_AND_STATUS",
    "individualColumns": [],
    "valueColoringMode": "HASH"
  },
  "sorting": [],
  "analysisColumnData": {
    "Punishment": {
      "meaning": "Text"
    }
  },
  "explorationSampling": {
    "selection": {
      "maxStoredBytes": 104857600,
      "timeout": -1,
      "filter": {
        "distinct": false,
        "enabled": false
      },
      "partitionSelectionMethod": "ALL",
      "latestPartitionsN": 1,
      "ordering": {
        "enabled": false,
        "rules": []
      },
      "samplingMethod": "HEAD_SEQUENTIAL",
      "maxRecords": 100000,
      "targetRatio": 0.02,
      "withinFirstN": -1,
      "maxReadUncompressedBytes": -1
    },
    "autoRefreshSample": false,
    "_refreshTrigger": 1
  },
  "vizSampling": {
    "autoRefreshSample": false,
    "_refreshTrigger": 0
  },
  "exploreUIParams": {
    "autoRefresh": true
  },
  "globalSearchQuery": "",
  "explorationFilters": [],
  "previewMode": "ALL_ROWS"
}