{
  "columns": [
    {"name":"Longitude","type":"double"},
    {"name":"Latitude","type":"double"},
    {"name":"Location","type":"string"},
    {"name":"LSOA name","type":"string"},
    {"name":"Crime type","type":"string"},
    {"name":"Crime Category","type":"string"},
    {"name":"Punishment","type":"bigint"},
    {"name":"GeoPoint","type":"string"},
    {"name":"distance","type":"double"},
    {"name":"distances","type":"double"},
    {"name":"Crimes \u003c\u003d 10km","type":"bigint"},
    {"name":"Punishments \u003c\u003d 10km","type":"bigint"}
  ],
  "userModified": false
}