{
    "metrics": {},
    "processed_feature_names": [
        "Latitude",
        "Longitude",
        "dummy:Crime Category:Crimes Against Property",
        "dummy:Crime Category:Crimes Against Person",
        "dummy:Crime Category:Crimes Against Morality",
        "dummy:Crime Category:Other",
        "dummy:Crime Category:N/A",
        "dummy:Crime Category:__Others__",
        "dummy:Crime type:Violence and sexual offences",
        "dummy:Crime type:Criminal damage and arson",
        "dummy:Crime type:Public order",
        "dummy:Crime type:Other theft",
        "dummy:Crime type:Shoplifting",
        "dummy:Crime type:Burglary",
        "dummy:Crime type:Vehicle crime",
        "dummy:Crime type:Drugs",
        "dummy:Crime type:Bicycle theft",
        "dummy:Crime type:Other crime",
        "dummy:Crime type:Possession of weapons",
        "dummy:Crime type:Robbery",
        "dummy:Crime type:Theft from the person",
        "dummy:Crime type:N/A",
        "dummy:Crime type:__Others__"
    ],
    "tiMetrics": {
        "auc": 0.6857028434120946,
        "logLoss": 0.5505082366419566,
        "lift": 1.6083959899749372,
        "calibrationLoss": 0.37860051443697673
    },
    "probaPercentiles": [
        0.108771043364001,
        0.11038055051154277,
        0.11215219777673173,
        0.11517527525409864,
        0.126996556483411,
        0.1298557664714594,
        0.13238856476003302,
        0.14388622182202515,
        0.15349486414530683,
        0.16045696033047985,
        0.1703190415944938,
        0.17346729729178226,
        0.17729964384470204,
        0.1854440201243618,
        0.18948561489142476,
        0.1931398312565621,
        0.20022240174485834,
        0.21856829648001802,
        0.2457151733413233,
        0.2574843310327521,
        0.27223176983544317,
        0.29592651653089325,
        0.30123885643321247,
        0.3168709316790676,
        0.33256635574407356,
        0.3444180144007961,
        0.3572244859878057,
        0.36426459721691257,
        0.3733137964825686,
        0.38452330785295663,
        0.3923294292702334,
        0.40234708555677234,
        0.4096546508005041,
        0.41331850270262926,
        0.41802321126759484,
        0.423671563339035,
        0.42721879299806775,
        0.43088542618110076,
        0.4337472597881367,
        0.4404349260351368,
        0.44422581720722965,
        0.44645417688021594,
        0.4481738040344287,
        0.4495484025778204,
        0.4519278391223511,
        0.4534597672093501,
        0.4543186014782883,
        0.45434319723290756,
        0.45564085392710135,
        0.4571734679572714,
        0.4580235141978568,
        0.4593923112080659,
        0.45951704476771477,
        0.46063380686771394,
        0.46197771198330123,
        0.46321878674930017,
        0.4639130718063218,
        0.4650375129569969,
        0.46616773429085306,
        0.46697807078973197,
        0.4684653891727091,
        0.4694281170350411,
        0.4695394510172569,
        0.47139227484323787,
        0.4722681750109977,
        0.47413459777209604,
        0.47615427929255866,
        0.4794188987841088,
        0.48099625608706703,
        0.4825455959532835,
        0.483548955581539,
        0.4853074806116201,
        0.48622075237279233,
        0.48807744195702163,
        0.48911217363395443,
        0.49045488022676453,
        0.49298000047785934,
        0.4963135658216373,
        0.4980261898818835,
        0.49993395259777684,
        0.5044583185838587,
        0.5065057275517633,
        0.5089231484500181,
        0.5104684259650155,
        0.5122571839128017,
        0.5138185623011993,
        0.518128965183371,
        0.5205493905162778,
        0.5252809537505155,
        0.5287956176467784,
        0.5340892977675391,
        0.5411188313497244,
        0.5482602191910668,
        0.5587821258543515,
        0.5703053204274753,
        0.5805578030214715,
        0.604805751110232,
        0.6481917693757768,
        0.7582727902975592
    ],
    "perCutData": {
        "cut": [
            0,
            0.025,
            0.05,
            0.075,
            0.1,
            0.125,
            0.15,
            0.175,
            0.2,
            0.225,
            0.25,
            0.275,
            0.3,
            0.325,
            0.35,
            0.375,
            0.4,
            0.425,
            0.45,
            0.475,
            0.5,
            0.525,
            0.55,
            0.575,
            0.6,
            0.625,
            0.65,
            0.675,
            0.7,
            0.725,
            0.75,
            0.775,
            0.8,
            0.825,
            0.85,
            0.875,
            0.9,
            0.925,
            0.95,
            0.975
        ],
        "tp": [
            70,
            70,
            70,
            70,
            70,
            70,
            69,
            68,
            68,
            68,
            68,
            68,
            68,
            66,
            65,
            63,
            62,
            54,
            54,
            43,
            29,
            25,
            15,
            12,
            9,
            7,
            5,
            4,
            3,
            3,
            2,
            1,
            0,
            0,
            0,
            0,
            0,
            0,
            0,
            0
        ],
        "tn": [
            0,
            0,
            0,
            0,
            1,
            117,
            220,
            316,
            431,
            466,
            495,
            539,
            576,
            628,
            680,
            740,
            805,
            915,
            1117,
            1672,
            2013,
            2234,
            2342,
            2389,
            2423,
            2436,
            2455,
            2459,
            2460,
            2465,
            2472,
            2478,
            2487,
            2496,
            2497,
            2497,
            2497,
            2497,
            2497,
            2497
        ],
        "fp": [
            2497,
            2497,
            2497,
            2497,
            2496,
            2380,
            2277,
            2181,
            2066,
            2031,
            2002,
            1958,
            1921,
            1869,
            1817,
            1757,
            1692,
            1582,
            1380,
            825,
            484,
            263,
            155,
            108,
            74,
            61,
            42,
            38,
            37,
            32,
            25,
            19,
            10,
            1,
            0,
            0,
            0,
            0,
            0,
            0
        ],
        "fn": [
            0,
            0,
            0,
            0,
            0,
            0,
            1,
            2,
            2,
            2,
            2,
            2,
            2,
            4,
            5,
            7,
            8,
            16,
            16,
            27,
            41,
            45,
            55,
            58,
            61,
            63,
            65,
            66,
            67,
            67,
            68,
            69,
            70,
            70,
            70,
            70,
            70,
            70,
            70,
            70
        ],
        "precision": [
            0.027269185820023373,
            0.027269185820023373,
            0.027269185820023373,
            0.027269185820023373,
            0.027279812938425563,
            0.02857142857142857,
            0.029411764705882353,
            0.03023566029346376,
            0.031865042174320526,
            0.03239637922820391,
            0.03285024154589372,
            0.03356367226061204,
            0.03418803418803419,
            0.034108527131782945,
            0.03453772582359192,
            0.03461538461538462,
            0.03534777651083238,
            0.03300733496332518,
            0.03765690376569038,
            0.04953917050691244,
            0.056530214424951264,
            0.08680555555555555,
            0.08823529411764706,
            0.1,
            0.10843373493975904,
            0.10294117647058823,
            0.10638297872340426,
            0.09523809523809523,
            0.075,
            0.08571428571428572,
            0.07407407407407407,
            0.05,
            0.0,
            0.0,
            1.0,
            1.0,
            1.0,
            1.0,
            1.0,
            1.0
        ],
        "recall": [
            1.0,
            1.0,
            1.0,
            1.0,
            1.0,
            1.0,
            0.9857142857142858,
            0.9714285714285714,
            0.9714285714285714,
            0.9714285714285714,
            0.9714285714285714,
            0.9714285714285714,
            0.9714285714285714,
            0.9428571428571428,
            0.9285714285714286,
            0.9,
            0.8857142857142857,
            0.7714285714285715,
            0.7714285714285715,
            0.6142857142857143,
            0.4142857142857143,
            0.35714285714285715,
            0.21428571428571427,
            0.17142857142857143,
            0.12857142857142856,
            0.1,
            0.07142857142857142,
            0.05714285714285714,
            0.04285714285714286,
            0.04285714285714286,
            0.02857142857142857,
            0.014285714285714285,
            0.0,
            0.0,
            0.0,
            0.0,
            0.0,
            0.0,
            0.0,
            0.0
        ],
        "accuracy": [
            0.027269185820023373,
            0.027269185820023373,
            0.027269185820023373,
            0.027269185820023373,
            0.02765874561745228,
            0.0728476821192053,
            0.11258278145695365,
            0.14959096221269966,
            0.19439033891702376,
            0.20802493182703544,
            0.2193221659524737,
            0.23646279703934553,
            0.25087650954421503,
            0.2703544994156603,
            0.2902220490845345,
            0.312816517335411,
            0.33774834437086093,
            0.37748344370860926,
            0.45617452278924814,
            0.6680950525905727,
            0.7954811063498247,
            0.8800155823918971,
            0.9181924425399299,
            0.9353330736268017,
            0.9474094273470978,
            0.9516945851188158,
            0.9583171016751071,
            0.9594857810673938,
            0.9594857810673938,
            0.9614335800545384,
            0.9637709388391118,
            0.9657187378262563,
            0.9688352162056876,
            0.9723412543825477,
            0.9727308141799766,
            0.9727308141799766,
            0.9727308141799766,
            0.9727308141799766,
            0.9727308141799766,
            0.9727308141799766
        ],
        "f1": [
            0.05309063329541145,
            0.05309063329541145,
            0.05309063329541145,
            0.05309063329541145,
            0.05311077389984825,
            0.05555555555555556,
            0.05711920529801325,
            0.058645968089693835,
            0.06170598911070781,
            0.06270170585523284,
            0.06355140186915888,
            0.0648854961832061,
            0.06605148130160272,
            0.06583541147132169,
            0.06659836065573771,
            0.06666666666666667,
            0.06798245614035087,
            0.06330597889800703,
            0.07180851063829788,
            0.09168443496801705,
            0.0994854202401372,
            0.13966480446927376,
            0.125,
            0.1263157894736842,
            0.11764705882352941,
            0.10144927536231883,
            0.08547008547008546,
            0.07142857142857142,
            0.05454545454545454,
            0.057142857142857155,
            0.041237113402061855,
            0.02222222222222222,
            0.0,
            0.0,
            0.0,
            0.0,
            0.0,
            0.0,
            0.0,
            0.0
        ],
        "mcc": [
            0.0,
            0.0,
            0.0,
            0.0,
            0.0033053041036539108,
            0.03658892395753805,
            0.04286198355776903,
            0.04843835221301605,
            0.06264512541116841,
            0.06667001770611211,
            0.06993440990766352,
            0.07479093589334716,
            0.07880519765440029,
            0.07347909528785876,
            0.07397403122387318,
            0.07040534762927812,
            0.0728572381253149,
            0.046704230249846934,
            0.07175420335481295,
            0.09773512416782347,
            0.08978744824496201,
            0.1299493191851909,
            0.09968882895553656,
            0.09889165956148283,
            0.09109555966214913,
            0.07664327685718915,
            0.06633892691610761,
            0.05382348731940311,
            0.03687175375330318,
            0.04219080912515031,
            0.029629465285813422,
            0.012367533475376166,
            -0.01047066789041377,
            -0.0033053041036539108,
            0.0,
            0.0,
            0.0,
            0.0,
            0.0,
            0.0
        ],
        "hammingLoss": [
            0.9727308141799766,
            0.9727308141799766,
            0.9727308141799766,
            0.9727308141799766,
            0.9723412543825477,
            0.9271523178807947,
            0.8874172185430463,
            0.8504090377873004,
            0.8056096610829763,
            0.7919750681729646,
            0.7806778340475263,
            0.7635372029606544,
            0.749123490455785,
            0.7296455005843397,
            0.7097779509154655,
            0.6871834826645891,
            0.6622516556291391,
            0.6225165562913907,
            0.5438254772107518,
            0.33190494740942733,
            0.2045188936501753,
            0.11998441760810284,
            0.08180755746007012,
            0.06466692637319829,
            0.05259057265290222,
            0.04830541488118426,
            0.04168289832489287,
            0.04051421893260616,
            0.04051421893260616,
            0.03856641994546163,
            0.0362290611608882,
            0.03428126217374367,
            0.031164783794312426,
            0.02765874561745228,
            0.027269185820023373,
            0.027269185820023373,
            0.027269185820023373,
            0.027269185820023373,
            0.027269185820023373,
            0.027269185820023373
        ],
        "assertionsMetrics": []
    },
    "optimalThreshold": 0.525,
    "usedThreshold": 0.525,
    "rocVizData": [
        [
            {
                "x": 0.0,
                "y": 0.0,
                "p": 1.8317282017334313
            },
            {
                "x": 0.010412494993992792,
                "y": 0.04285714285714286,
                "p": 0.7492478137202566
            },
            {
                "x": 0.02042450941129355,
                "y": 0.08571428571428572,
                "p": 0.6438631510834266
            },
            {
                "x": 0.029635562675210253,
                "y": 0.12857142857142856,
                "p": 0.6001637043002106
            },
            {
                "x": 0.03844613536243492,
                "y": 0.17142857142857143,
                "p": 0.5791263367616122
            },
            {
                "x": 0.06167400881057269,
                "y": 0.21428571428571427,
                "p": 0.5524779134959261
            },
            {
                "x": 0.07689227072486984,
                "y": 0.2571428571428571,
                "p": 0.5401135930036262
            },
            {
                "x": 0.08610332398878655,
                "y": 0.3,
                "p": 0.5336989838135875
            },
            {
                "x": 0.09571485782939528,
                "y": 0.34285714285714286,
                "p": 0.5268767808109697
            },
            {
                "x": 0.131758109731678,
                "y": 0.35714285714285715,
                "p": 0.5151692452378275
            },
            {
                "x": 0.16780136163396075,
                "y": 0.37142857142857144,
                "p": 0.5074111307489004
            },
            {
                "x": 0.18902683219863836,
                "y": 0.4142857142857143,
                "p": 0.5034211340267368
            },
            {
                "x": 0.21545855026031238,
                "y": 0.44285714285714284,
                "p": 0.49498920701235244
            },
            {
                "x": 0.2278734481377653,
                "y": 0.4857142857142857,
                "p": 0.4919145405201137
            },
            {
                "x": 0.2511013215859031,
                "y": 0.5142857142857142,
                "p": 0.4883320428322191
            },
            {
                "x": 0.289146976371646,
                "y": 0.5285714285714286,
                "p": 0.4827119071385145
            },
            {
                "x": 0.3055666800160192,
                "y": 0.5714285714285714,
                "p": 0.4809810780645285
            },
            {
                "x": 0.3263916700040048,
                "y": 0.6142857142857143,
                "p": 0.4757902633681034
            },
            {
                "x": 0.3496195434521426,
                "y": 0.6428571428571429,
                "p": 0.4715557151210082
            },
            {
                "x": 0.4036844213055667,
                "y": 0.6571428571428571,
                "p": 0.46616773429085306
            },
            {
                "x": 0.44012815378454145,
                "y": 0.6857142857142857,
                "p": 0.46249739097668474
            },
            {
                "x": 0.4761714056868242,
                "y": 0.7285714285714285,
                "p": 0.45939231120806595
            },
            {
                "x": 0.5030036043251902,
                "y": 0.7571428571428571,
                "p": 0.4556951026453795
            },
            {
                "x": 0.5418502202643172,
                "y": 0.7714285714285715,
                "p": 0.45212434981803434
            },
            {
                "x": 0.5919102923508209,
                "y": 0.7714285714285715,
                "p": 0.44155576080828923
            },
            {
                "x": 0.644373247897477,
                "y": 0.7714285714285715,
                "p": 0.41932485391101715
            },
            {
                "x": 0.6607929515418502,
                "y": 0.8142857142857143,
                "p": 0.4112606524545017
            },
            {
                "x": 0.6696035242290749,
                "y": 0.8571428571428571,
                "p": 0.40751176163481373
            },
            {
                "x": 0.6920304365238286,
                "y": 0.8857142857142857,
                "p": 0.3859131786587684
            },
            {
                "x": 0.7072486984381258,
                "y": 0.9285714285714286,
                "p": 0.36870008251450215
            },
            {
                "x": 0.7444933920704846,
                "y": 0.9428571428571428,
                "p": 0.3328189704106094
            },
            {
                "x": 0.7705246295554665,
                "y": 0.9714285714285714,
                "p": 0.299628944826199
            },
            {
                "x": 0.8209851822186623,
                "y": 0.9714285714285714,
                "p": 0.21143497971114164
            },
            {
                "x": 0.8714457348818583,
                "y": 0.9714285714285714,
                "p": 0.17568973223768858
            },
            {
                "x": 0.908289947937525,
                "y": 0.9857142857142858,
                "p": 0.15339126391642244
            },
            {
                "x": 0.9459351221465759,
                "y": 1.0,
                "p": 0.12819059356553408
            },
            {
                "x": 0.9963956748097718,
                "y": 1.0,
                "p": 0.10274393271537596
            },
            {
                "x": 1.0,
                "y": 1.0,
                "p": 0.08493327026824735
            }
        ]
    ],
    "liftVizData": {
        "bins": [
            {
                "bin_pos_prop": 0.093385214,
                "bin_lift": 3.4245692051,
                "cum_lift": 0.3428571429,
                "cum_size": 0.1001168679,
                "bin_min": 0.5287956176,
                "bin_max": 0.8317282017,
                "percentile_idx": 0
            },
            {
                "bin_pos_prop": 0.01953125,
                "bin_lift": 0.7162388393,
                "cum_lift": 0.4142857143,
                "cum_size": 0.1998441761,
                "bin_min": 0.4999339526,
                "bin_max": 0.5287956176,
                "percentile_idx": 1
            },
            {
                "bin_pos_prop": 0.0355731225,
                "bin_lift": 1.3045172219,
                "cum_lift": 0.5428571429,
                "cum_size": 0.2984028048,
                "bin_min": 0.482545596,
                "bin_max": 0.4999339526,
                "percentile_idx": 2
            },
            {
                "bin_pos_prop": 0.0268199234,
                "bin_lift": 0.9835249042,
                "cum_lift": 0.6428571429,
                "cum_size": 0.400077912,
                "bin_min": 0.4669780708,
                "bin_max": 0.482545596,
                "percentile_idx": 3
            },
            {
                "bin_pos_prop": 0.0277777778,
                "bin_lift": 1.0186507937,
                "cum_lift": 0.7428571429,
                "cum_size": 0.4982469809,
                "bin_min": 0.457173468,
                "bin_max": 0.4669780708,
                "percentile_idx": 4
            },
            {
                "bin_pos_prop": 0.0076628352,
                "bin_lift": 0.2810071155,
                "cum_lift": 0.7714285714,
                "cum_size": 0.599922088,
                "bin_min": 0.440434926,
                "bin_max": 0.457173468,
                "percentile_idx": 5
            },
            {
                "bin_pos_prop": 0.0311284047,
                "bin_lift": 1.1415230684,
                "cum_lift": 0.8857142857,
                "cum_size": 0.700038956,
                "bin_min": 0.3845233079,
                "bin_max": 0.440434926,
                "percentile_idx": 6
            },
            {
                "bin_pos_prop": 0.0234375,
                "bin_lift": 0.8594866071,
                "cum_lift": 0.9714285714,
                "cum_size": 0.7997662641,
                "bin_min": 0.257484331,
                "bin_max": 0.3845233079,
                "percentile_idx": 7
            },
            {
                "bin_pos_prop": 0.0038910506,
                "bin_lift": 0.1426903835,
                "cum_lift": 0.9857142857,
                "cum_size": 0.8998831321,
                "bin_min": 0.1604569603,
                "bin_max": 0.257484331,
                "percentile_idx": 8
            },
            {
                "bin_pos_prop": 0.0038910506,
                "bin_lift": 0.1426903835,
                "cum_lift": 1.0,
                "cum_size": 1.0,
                "bin_min": 0.0849332703,
                "bin_max": 0.1604569603,
                "percentile_idx": 9
            }
        ],
        "wizard": {
            "positives": 70,
            "total": 2567
        }
    },
    "densityData": {
        "0": {
            "correct": [
                6.733584952571545e-09,
                3.6420279557991925e-08,
                1.7889253510495015e-07,
                7.983796368954233e-07,
                3.2392033976950322e-06,
                1.1955118024485365e-05,
                4.016706306023751e-05,
                0.00012295503687212312,
                0.00034323901547792706,
                0.0008747818750850171,
                0.002038030043815417,
                0.004346831801496699,
                0.008502238778381084,
                0.015281198905976543,
                0.025295750033286594,
                0.038669210785272495,
                0.05475973273565007,
                0.07209693405715091,
                0.08863422749821247,
                0.10227032971572599,
                0.11144132721614125,
                0.115529807734644,
                0.11492258437103663,
                0.11072571457679667,
                0.10431134311459705,
                0.09693535234153285,
                0.08960102367919359,
                0.08319148807863537,
                0.0787301067253223,
                0.07753636982867243,
                0.08108774473191832,
                0.09058367941333377,
                0.10645695718964468,
                0.12822719762409185,
                0.15498442832136436,
                0.1864200382242189,
                0.22390885272782493,
                0.2710262031559083,
                0.3332354415541022,
                0.4171067629229475,
                0.5298321583210814,
                0.6795667893895063,
                0.8763112732734114,
                1.1322448326770427,
                1.4603360070697384,
                1.8708804147648197,
                2.3667185176136347,
                2.9383594725229956,
                3.559902400791224,
                4.1864463120208155,
                4.754594197148673,
                5.18899488023847,
                5.41717277212094,
                5.390524304605832,
                5.103405115535635,
                4.599912916586284,
                3.9628418843578928,
                3.288933503315408,
                2.6619783734302467,
                2.135204033000346,
                1.7276920808899938,
                1.4319539850783918,
                1.2260885453481019,
                1.0847562702016718,
                0.9861037970352471,
                0.9143661483949646,
                0.8593533784772224,
                0.8145803467801842,
                0.7756366203706642,
                0.7396224685032612,
                0.7054820220787047,
                0.6744957559551906,
                0.6503728323956101,
                0.6388996150810844,
                0.6472528548774902,
                0.6827441401991169,
                0.7505809458430759,
                0.8508630848692382,
                0.9762167120652124,
                1.1120433075514338,
                1.240327733632343,
                1.345588750075368,
                1.4195526742202342,
                1.461379552977591,
                1.4731525427514864,
                1.4539745864509723,
                1.3974654120597987,
                1.2951881654906496,
                1.1440291094340895,
                0.952314770064463,
                0.7401106209371756,
                0.5331677822082856,
                0.3541588463138152,
                0.21610692791744904,
                0.1208166238341658,
                0.06176922085595168,
                0.028844375166513076,
                0.012292607667581714,
                0.004778860696849779,
                0.0016944611200745828
            ],
            "incorrect": [
                1.3418525356400243e-05,
                3.178457765907522e-05,
                7.235763098911587e-05,
                0.0001583349516640139,
                0.00033309422625216715,
                0.0006738038120714191,
                0.0013108674866368173,
                0.002453186192423911,
                0.004417131118122315,
                0.007653918545831596,
                0.012766176883974405,
                0.0205010173953781,
                0.03170567055342372,
                0.04723483956472335,
                0.06780793541335488,
                0.09382925610622414,
                0.12520236471671867,
                0.16118607821353204,
                0.20034658752990317,
                0.24065192040065897,
                0.2797285227308552,
                0.31525862092736273,
                0.34545145394308635,
                0.3694862288129229,
                0.38781433888084166,
                0.402231435902251,
                0.41568404471372716,
                0.43184645975838737,
                0.4545695396855253,
                0.4873411521682941,
                0.5328940758131764,
                0.593051144666944,
                0.668824381151596,
                0.7607095255733858,
                0.8690646274639038,
                0.9944466522029052,
                1.1378037899090505,
                1.3004696896459242,
                1.483958442198663,
                1.689597566233879,
                1.918052492881323,
                2.16879464245479,
                2.439559539459003,
                2.7258459586865174,
                3.0205289366430783,
                3.3136927976195687,
                3.5928160037335086,
                3.843431156419309,
                4.050318734325426,
                4.1991686516154365,
                4.278484960842078,
                4.281369318388081,
                4.206762233002076,
                4.059793417070685,
                3.851093437048812,
                3.595191764346072,
                3.3083759109361592,
                3.0065185280708127,
                2.7033449593224517,
                2.4094322771363497,
                2.1319810278367877,
                1.8751827152076077,
                1.640894516845897,
                1.429347698311919,
                1.2397215740562502,
                1.0705442623409291,
                0.9199737680931185,
                0.7860387365954628,
                0.6668861641356347,
                0.561027041398843,
                0.4675271435304375,
                0.3860807899025447,
                0.3169305741447882,
                0.2606396796415411,
                0.21776468441992303,
                0.18850104878964904,
                0.17237684168583817,
                0.16805739587688115,
                0.17330200837451715,
                0.18508879502910308,
                0.19989704334040212,
                0.2141083306655373,
                0.22446104349518078,
                0.22847436018474687,
                0.2247556349235405,
                0.21312490135485104,
                0.1945300264901345,
                0.1707756019277928,
                0.14413260307293888,
                0.11692002591444571,
                0.09114716193074085,
                0.06827878085907063,
                0.04914617723915563,
                0.03398867993644524,
                0.02258403614370541,
                0.014417000397569083,
                0.008841747446725369,
                0.005209245996096124,
                0.002948279877393362,
                0.0016028869849887746
            ],
            "correctMedian": 0.5437692513246012,
            "incorrectMedian": 0.5100042417231005
        },
        "1": {
            "correct": [
                0.0016028869849887418,
                0.0029482798773933145,
                0.005209245996096055,
                0.008841747446725228,
                0.014417000397568904,
                0.022584036143705168,
                0.03398867993644485,
                0.049146177239155195,
                0.06827878085906994,
                0.09114716193074017,
                0.11692002591444509,
                0.14413260307293804,
                0.1707756019277921,
                0.19453002649013373,
                0.21312490135485065,
                0.22475563492354023,
                0.22847436018474676,
                0.2244610434951811,
                0.21410833066553786,
                0.19989704334040276,
                0.18508879502910397,
                0.17330200837451806,
                0.16805739587688212,
                0.17237684168583917,
                0.18850104878965004,
                0.2177646844199239,
                0.2606396796415423,
                0.31693057414478903,
                0.38608078990254624,
                0.46752714353043917,
                0.561027041398844,
                0.6668861641356365,
                0.7860387365954649,
                0.9199737680931218,
                1.07054426234093,
                1.2397215740562524,
                1.4293476983119215,
                1.6408945168458986,
                1.8751827152076128,
                2.1319810278367877,
                2.4094322771363497,
                2.7033449593224517,
                3.0065185280708127,
                3.3083759109361592,
                3.5951917643460654,
                3.8510934370488155,
                4.059793417070685,
                4.206762233002076,
                4.2813693183880845,
                4.278484960842078,
                4.199168651615433,
                4.0503187343254226,
                3.843431156419302,
                3.5928160037335086,
                3.3136927976195714,
                3.0205289366430783,
                2.7258459586865125,
                2.439559539459003,
                2.168794642454788,
                1.9180524928813178,
                1.689597566233876,
                1.4839584421986602,
                1.300469689645922,
                1.1378037899090483,
                0.9944466522029034,
                0.8690646274639038,
                0.7607095255733866,
                0.6688243811515973,
                0.593051144666945,
                0.5328940758131783,
                0.4873411521682954,
                0.45456953968552655,
                0.4318464597583885,
                0.4156840447137279,
                0.40223143590225174,
                0.3878143388808422,
                0.3694862288129231,
                0.34545145394308635,
                0.31525862092736245,
                0.2797285227308548,
                0.24065192040065844,
                0.2003465875299028,
                0.16118607821353137,
                0.12520236471671828,
                0.09382925610622397,
                0.06780793541335457,
                0.04723483956472323,
                0.03170567055342358,
                0.02050101739537803,
                0.012766176883974304,
                0.007653918545831562,
                0.004417131118122304,
                0.0024531861924238937,
                0.0013108674866368136,
                0.0006738038120714137,
                0.00033309422625216537,
                0.0001583349516640139,
                7.235763098911535e-05,
                3.178457765907522e-05,
                1.3418525356400243e-05
            ],
            "incorrect": [
                0.0016944611200745377,
                0.004778860696849677,
                0.012292607667581529,
                0.028844375166512667,
                0.061769220855950796,
                0.12081662383416387,
                0.21610692791744712,
                0.35415884631380923,
                0.5331677822082862,
                0.7401106209371763,
                0.952314770064441,
                1.1440291094340773,
                1.2951881654906312,
                1.3974654120597962,
                1.4539745864509723,
                1.4731525427514784,
                1.4613795529775833,
                1.4195526742202091,
                1.3455887500753894,
                1.2403277336323388,
                1.1120433075514269,
                0.9762167120652124,
                0.8508630848692345,
                0.7505809458430572,
                0.6827441401991047,
                0.6472528548775028,
                0.6388996150810866,
                0.650372832395621,
                0.6744957559551774,
                0.7054820220787047,
                0.7396224685032763,
                0.7756366203706876,
                0.8145803467801986,
                0.8593533784772354,
                0.9143661483949881,
                0.9861037970352567,
                1.0847562702016353,
                1.226088545348104,
                1.4319539850783918,
                1.7276920808899385,
                2.135204033000346,
                2.661978373430214,
                3.2889335033153846,
                3.962841884357872,
                4.599912916586349,
                5.103405115535608,
                5.39052430460588,
                5.41717277212095,
                5.188994880238562,
                4.754594197148614,
                4.186446312020771,
                3.559902400791205,
                2.9383594725230116,
                2.3667185176136263,
                1.8708804147647997,
                1.4603360070697022,
                1.1322448326770527,
                0.8763112732734013,
                0.6795667893895028,
                0.5298321583210743,
                0.4171067629229449,
                0.3332354415540909,
                0.27102620315590903,
                0.22390885272782332,
                0.18642003822421577,
                0.15498442832136491,
                0.1282271976240915,
                0.10645695718964468,
                0.09058367941333369,
                0.08108774473191868,
                0.07753636982867236,
                0.07873010672532259,
                0.08319148807863595,
                0.08960102367919334,
                0.09693535234153285,
                0.10431134311459705,
                0.11072571457679677,
                0.11492258437103683,
                0.1155298077346441,
                0.11144132721614154,
                0.10227032971572599,
                0.08863422749821262,
                0.07209693405715059,
                0.05475973273564997,
                0.03866921078527239,
                0.025295750033286303,
                0.015281198905976352,
                0.008502238778380942,
                0.0043468318014966215,
                0.0020380300438153647,
                0.0008747818750849938,
                0.00034323901547791947,
                0.00012295503687211919,
                4.0167063060236364e-05,
                1.1955118024484855e-05,
                3.239203397694894e-06,
                7.98379636895395e-07,
                1.7889253510494063e-07,
                3.6420279557990244e-08,
                6.733584952571281e-09
            ],
            "correctMedian": 0.48999575827689945,
            "incorrectMedian": 0.4562307486753989
        }
    },
    "calibrationData": [
        {
            "y": 0,
            "x": 0,
            "n": 0
        },
        {
            "y": 0.0,
            "x": 0.08493327026824735,
            "n": 1.0
        },
        {
            "y": 0.004629629629629629,
            "x": 0.14874865962297795,
            "n": 432.0
        },
        {
            "y": 0.0,
            "x": 0.25201340380031784,
            "n": 145.0
        },
        {
            "y": 0.02553191489361702,
            "x": 0.3520932839203172,
            "n": 235.0
        },
        {
            "y": 0.0265914585012087,
            "x": 0.4609128521285495,
            "n": 1241.0
        },
        {
            "y": 0.046511627906976744,
            "x": 0.5304725334487467,
            "n": 430.0
        },
        {
            "y": 0.13953488372093023,
            "x": 0.634128366592522,
            "n": 43.0
        },
        {
            "y": 0.1,
            "x": 0.7575660066225706,
            "n": 30.0
        },
        {
            "y": 0.0,
            "x": 0.8148762223357344,
            "n": 10.0
        },
        {
            "y": 1,
            "x": 1,
            "n": 0
        }
    ],
    "probaDistribData": {
        "bins": [
            0.0,
            0.1,
            0.2,
            0.3,
            0.4,
            0.5,
            0.6,
            0.7,
            0.8,
            0.9,
            1.0
        ],
        "probaDistribs": [
            [
                1.0,
                430.0,
                145.0,
                229.0,
                1208.0,
                410.0,
                37.0,
                27.0,
                10.0,
                0.0
            ],
            [
                0.0,
                2.0,
                0.0,
                6.0,
                33.0,
                20.0,
                6.0,
                3.0,
                0.0,
                0.0
            ]
        ]
    },
    "globalMetrics": {
        "testWeight": 2567,
        "targetAvg": [
            0.027269185820023373
        ],
        "targetStd": [
            0.16289847958244108
        ],
        "predictionAvg": [
            0.11219322165952474
        ],
        "predictionStd": [
            0.3156655195776251
        ]
    }
}